points_x,points_y,celltypes,phenotypes
0.0,34.2553,Necrotic,
0.266373,35.793,Necrotic,
0.0,38.2568,Necrotic,
0.0,35.5566,Necrotic,
0.224075,35.7034,Necrotic,
0.0,37.7547,Necrotic,
0.0,35.0146,Necrotic,
0.659578,34.7593,Necrotic,
0.380547,35.3575,Necrotic,
0.00683484,35.8773,Necrotic,
0.207148,35.8079,Necrotic,
0.0,37.2363,Necrotic,
0.75625,35.7468,Necrotic,
0.343103,36.0579,Necrotic,
0.0,36.3182,Necrotic,
