points_x,points_y,celltypes,phenotypes
4.995,28.2529,Necrotic,
23.1032,22.5918,Necrotic,
26.1154,22.973,Necrotic,
7.83919,29.9458,Necrotic,
9.64795,30.9604,Necrotic,
26.8473,25.0172,Necrotic,
13.62,28.4107,Necrotic,
23.0733,24.8415,Necrotic,
27.1298,26.3086,Necrotic,
23.1046,22.4369,Necrotic,
7.60577,29.9981,Necrotic,
27.8516,24.1798,Necrotic,
5.49155,29.0068,Necrotic,
28.9066,26.7011,Necrotic,
