points_x,points_y,celltypes,phenotypes
15.9986,2.11542,Necrotic,
30.2122,28.9989,Necrotic,
17.9961,4.86147,Necrotic,
34.4701,21.3704,Necrotic,
12.1565,33.803,Necrotic,
17.9991,4.98527,Necrotic,
17.9889,4.99788,Necrotic,
30.0438,30.4998,Necrotic,
18.0102,4.98787,Necrotic,
13.3087,32.7183,Necrotic,
