points_x,points_y,celltypes,phenotypes
9.90465,27.1004,Tumour,
23.8272,20.1618,Tumour,
8.80407,24.2164,Tumour,
6.03551,25.7707,Tumour,
28.2623,19.3569,Tumour,
26.7754,16.9756,Tumour,
7.4042,24.1473,Tumour,
6.81374,26.8778,Tumour,
28.0196,22.6998,Tumour,
26.6665,17.615,Tumour,
27.5388,17.3947,Tumour,
