points_x,points_y,celltypes,phenotypes
24.9268,8.13266,Tumour,
17.0064,5.81349,Tumour,
22.7326,5.36917,Tumour,
29.3954,25.7477,Tumour,
27.7889,30.3121,Tumour,
19.317,3.28811,Tumour,
19.1003,3.84956,Tumour,
29.8242,23.3599,Tumour,
25.2656,32.5511,Tumour,
16.8619,6.50427,Tumour,
17.4029,23.5543,Tumour,
28.8253,21.6955,Tumour,
20.0893,30.4367,Tumour,
24.3808,32.8321,Tumour,
17.6909,4.34547,Tumour,
