points_x,points_y,celltypes,phenotypes
14.0031,8.04389,Tumour,
16.5128,6.53612,Tumour,
13.8085,8.93774,Tumour,
22.2749,26.8195,Tumour,
24.1419,27.865,Tumour,
27.6381,16.8353,Tumour,
15.0012,10.1508,Tumour,
17.6683,7.51695,Tumour,
21.9334,27.599,Tumour,
27.5909,26.3181,Tumour,
16.0089,6.12943,Tumour,
26.845,27.3266,Tumour,
27.6362,15.2024,Tumour,
28.9307,19.387,Tumour,
