points_x,points_y,celltypes,phenotypes
13.0879,27.0214,Tumour,
23.9949,5.11241,Tumour,
29.9145,25.0905,Tumour,
32.4223,8.41975,Tumour,
26.4172,6.41911,Tumour,
28.8584,31.8682,Tumour,
14.2565,26.7528,Tumour,
23.124,6.01525,Tumour,
