points_x,points_y,celltypes,phenotypes
23.0567,21.9498,Tumour,
38.0462,7.70672,Tumour,
22.7388,30.1388,Tumour,
23.9734,29.9244,Tumour,
22.739,31.1194,Tumour,
20.8078,27.7586,Tumour,
20.1148,24.7387,Tumour,
23.2822,31.6002,Tumour,
20.8405,26.999,Tumour,
26.6629,28.7227,Tumour,
38.2451,8.57498,Tumour,
