points_x,points_y,celltypes,phenotypes
42.1328,25.8931,proTumourMacrophage,0.8104166666665941
41.7067,26.2834,proTumourMacrophage,0.8287499999999254
40.1599,26.4994,proTumourMacrophage,0.8238333333332593
37.4276,26.9785,proTumourMacrophage,0.8293333333332586
33.6881,26.0263,proTumourMacrophage,0.810666666666594
28.4779,22.8859,proTumourMacrophage,0.6233333333332813
29.082,25.5429,proTumourMacrophage,0.5904999999999516
29.6879,25.3833,proTumourMacrophage,0.622999999999948
27.9995,24.1567,proTumourMacrophage,0.586749999999952
27.962,25.3772,proTumourMacrophage,0.5039166666666278
