points_x,points_y,celltypes,phenotypes
19.3625,32.7089,proTumourMacrophage,1.0
20.0147,22.8444,proTumourMacrophage,1.0
23.9308,23.2911,proTumourMacrophage,0.7948333333332624
24.4368,29.6053,proTumourMacrophage,1.0
21.5644,27.0811,proTumourMacrophage,0.886499999999919
20.329,24.4791,proTumourMacrophage,0.9334999999999138
21.8335,28.3683,proTumourMacrophage,0.8724999999999206
21.0379,25.9219,proTumourMacrophage,0.5547499999999556
