points_x,points_y,celltypes,phenotypes
42.0097,37.9698,proTumourMacrophage,0.7587499999999331
44.995,28.9889,proTumourMacrophage,0.7767499999999311
29.285,28.6701,proTumourMacrophage,0.6959166666666067
25.4838,28.2374,proTumourMacrophage,0.6209999999999483
29.17,24.1769,proTumourMacrophage,0.5918333333332848
