points_x,points_y,celltypes,phenotypes
17.0134,9.00482,proTumourMacrophage,1.0
13.9799,11.0088,proTumourMacrophage,1.0
20.0982,19.2919,proTumourMacrophage,1.0
22.7631,22.3054,proTumourMacrophage,0.7601666666665996
26.6623,22.4773,proTumourMacrophage,0.7251666666666035
25.6144,23.0278,proTumourMacrophage,0.7279166666666032
23.0057,23.4706,proTumourMacrophage,0.716833333333271
24.4027,24.6754,proTumourMacrophage,0.6647499999999434
24.238,22.2204,proTumourMacrophage,0.659999999999944
