points_x,points_y,celltypes,phenotypes
17.9774,41.6315,proTumourMacrophage,0.8654999999999213
16.9231,40.9222,proTumourMacrophage,0.8298333333332586
21.7035,6.2769,proTumourMacrophage,0.8544166666665892
20.2669,7.70014,proTumourMacrophage,0.8389999999999243
17.4833,41.0118,proTumourMacrophage,0.8863333333332524
18.0248,40.4504,proTumourMacrophage,0.9071666666665834
20.4973,7.16903,proTumourMacrophage,0.8074166666665944
20.9072,7.81437,proTumourMacrophage,0.7639166666665992
18.0251,40.9804,proTumourMacrophage,0.8774166666665867
21.943,6.99602,proTumourMacrophage,0.8569999999999223
23.0255,6.01833,proTumourMacrophage,0.7643333333332658
22.3142,5.98983,proTumourMacrophage,0.7822499999999305
19.801,6.98197,proTumourMacrophage,0.8361666666665912
40.9778,15.9776,proTumourMacrophage,0.7984999999999287
21.3106,6.69375,proTumourMacrophage,0.9315833333332474
21.3995,7.43895,proTumourMacrophage,0.7546666666666002
20.4653,6.46286,proTumourMacrophage,0.8107499999999274
17.8671,39.8088,proTumourMacrophage,0.8276666666665922
21.004,6.99403,proTumourMacrophage,0.832499999999925
18.6977,41.0205,proTumourMacrophage,0.804749999999928
12.9811,37.9939,proTumourMacrophage,0.777249999999931
18.6666,40.4012,proTumourMacrophage,0.8795833333332531
19.7458,8.0409,proTumourMacrophage,0.7683333333332654
21.0567,8.34454,proTumourMacrophage,0.8255833333332591
21.8271,7.94929,proTumourMacrophage,0.7395833333332685
12.0157,35.9612,proTumourMacrophage,0.6756666666666089
14.2862,27.1431,proTumourMacrophage,0.5956666666666177
16.2372,20.0548,proTumourMacrophage,0.5897499999999517
15.6489,32.6519,proTumourMacrophage,0.6210833333332816
14.6589,20.2169,proTumourMacrophage,0.5251666666666255
12.4727,26.2644,proTumourMacrophage,0.5086666666666273
14.1819,31.0533,proTumourMacrophage,0.5889166666666185
14.2747,33.5603,proTumourMacrophage,0.5984999999999507
11.8215,26.1341,proTumourMacrophage,0.5119166666666269
11.1095,24.8823,proTumourMacrophage,0.5006666666666282
