points_x,points_y,celltypes,phenotypes
22.6488,43.3287,proTumourMacrophage,0.7704999999999318
27.9874,44.006,proTumourMacrophage,0.8105833333332607
23.0235,43.0164,proTumourMacrophage,0.8299166666665919
23.3617,42.6251,proTumourMacrophage,0.8271666666665922
24.0187,41.5928,proTumourMacrophage,0.8267499999999256
22.9095,31.5422,proTumourMacrophage,0.7392499999999352
21.7503,34.9145,proTumourMacrophage,0.7933333333332626
25.5829,29.0765,proTumourMacrophage,0.6216666666666149
22.5741,23.6776,proTumourMacrophage,0.5219999999999592
