points_x,points_y,celltypes,phenotypes
8.00748,23.0116,proTumourMacrophage,0.7969166666665956
7.95245,29.0161,proTumourMacrophage,0.8259999999999257
5.98651,28.0173,proTumourMacrophage,0.8797499999999198
7.41599,23.0192,proTumourMacrophage,0.859749999999922
6.3466,27.6472,proTumourMacrophage,0.8694999999999209
8.62588,22.9751,proTumourMacrophage,0.8595833333332553
8.58593,28.9896,proTumourMacrophage,0.8657499999999213
10.029,27.059,proTumourMacrophage,0.8966666666665846
11.9143,24.5402,proTumourMacrophage,0.8516666666665895
17.0384,23.7167,proTumourMacrophage,0.7457499999999345
10.257,24.8881,proTumourMacrophage,0.8403333333332574
18.6074,26.0219,proTumourMacrophage,0.6740833333332757
22.7379,23.5714,proTumourMacrophage,0.5729166666666202
22.8082,26.4873,proTumourMacrophage,0.5733333333332868
21.0613,24.1802,proTumourMacrophage,0.5650833333332878
20.9259,25.6473,proTumourMacrophage,0.535333333333291
