points_x,points_y,celltypes,phenotypes
45.0016,26.0237,proTumourMacrophage,0.7849166666665969
42.3647,33.0203,proTumourMacrophage,0.7324166666666027
44.3182,25.9957,proTumourMacrophage,0.7710833333332651
32.002,8.42758,proTumourMacrophage,0.7577499999999332
41.7971,33.0262,proTumourMacrophage,0.7829999999999304
15.011,39.97,proTumourMacrophage,0.7606666666665995
31.2787,8.95276,proTumourMacrophage,0.7819166666665972
42.0017,32.2841,proTumourMacrophage,0.7770833333332644
32.9979,41.0327,proTumourMacrophage,0.808083333333261
44.9995,32.0118,proTumourMacrophage,0.8099999999999274
32.0011,8.98951,proTumourMacrophage,0.7906666666665962
31.9997,10.0871,proTumourMacrophage,0.7409166666666017
32.0628,9.41313,proTumourMacrophage,0.8332499999999249
32.9691,40.3751,proTumourMacrophage,0.8055833333332613
45.0987,24.9152,proTumourMacrophage,0.8364166666665912
41.0958,32.998,proTumourMacrophage,0.792416666666596
31.2831,9.65679,proTumourMacrophage,0.8343333333332581
41.1764,29.9135,proTumourMacrophage,0.7969166666665956
24.491,34.1436,proTumourMacrophage,0.749999999999934
28.0737,15.2564,proTumourMacrophage,0.8459999999999235
30.6285,14.3858,proTumourMacrophage,0.8041666666665948
32.0929,26.8645,proTumourMacrophage,0.735083333333269
31.6396,18.6128,proTumourMacrophage,0.7574999999999332
26.2227,30.7135,proTumourMacrophage,0.6752499999999423
32.9059,24.1385,proTumourMacrophage,0.7252499999999368
28.5119,25.237,proTumourMacrophage,0.6319166666666137
29.1737,29.2369,proTumourMacrophage,0.6568333333332776
28.0332,26.7061,proTumourMacrophage,0.6672499999999432
22.3383,29.6659,proTumourMacrophage,0.6823333333332748
29.0057,22.8194,proTumourMacrophage,0.6124999999999492
28.914,20.7739,proTumourMacrophage,0.701916666666606
24.797,21.1769,proTumourMacrophage,0.5819999999999526
