points_x,points_y,celltypes,phenotypes
20.9764,42.2124,proTumourMacrophage,0.7929999999999293
21.722,42.0114,proTumourMacrophage,0.7464999999999344
20.9904,41.707,proTumourMacrophage,0.7813333333332639
21.3511,41.1091,proTumourMacrophage,0.7691666666665986
20.2609,40.5631,proTumourMacrophage,0.8262499999999257
23.3478,40.7088,proTumourMacrophage,0.7419999999999349
29.1248,34.3029,proTumourMacrophage,0.7583333333332665
23.0527,38.5401,proTumourMacrophage,0.7579999999999332
21.5878,30.8376,proTumourMacrophage,0.8074999999999277
21.4215,32.3907,proTumourMacrophage,0.689583333333274
31.037,24.0376,proTumourMacrophage,0.7317499999999361
28.6965,26.5167,proTumourMacrophage,0.6722499999999426
27.9156,29.3497,proTumourMacrophage,0.6562499999999444
26.3654,30.7173,proTumourMacrophage,0.7007499999999395
22.7759,28.406,proTumourMacrophage,0.583666666666619
22.0263,27.0835,proTumourMacrophage,0.5729166666666202
24.5957,29.4034,proTumourMacrophage,0.5694166666666206
