points_x,points_y,celltypes,phenotypes
28.8678,30.8067,proTumourMacrophage,0.5076666666666274
8.98272,18.9892,proTumourMacrophage,0.5615833333332881
7.38617,27.4025,proTumourMacrophage,0.6464166666666121
9.56213,19.0362,proTumourMacrophage,0.6205833333332816
18.2077,30.2955,proTumourMacrophage,0.5615833333332881
8.28739,19.7158,proTumourMacrophage,0.5618333333332881
41.1105,30.1467,proTumourMacrophage,0.5402499999999572
14.233,21.8689,proTumourMacrophage,0.5998333333332839
25.1725,40.4828,proTumourMacrophage,0.5394166666666239
35.3471,30.7803,proTumourMacrophage,0.5389999999999573
12.6124,25.0524,proTumourMacrophage,0.5609999999999549
32.7234,35.7489,proTumourMacrophage,0.6430833333332792
