points_x,points_y,celltypes,phenotypes
29.1547,14.4268,proTumourMacrophage,0.6451666666666123
29.3111,19.3503,proTumourMacrophage,0.6919999999999404
24.2173,15.0276,proTumourMacrophage,0.6704166666666095
25.2704,20.515,proTumourMacrophage,0.638166666666613
