points_x,points_y,celltypes,phenotypes
8.58868,18.5617,proTumourMacrophage,0.957416666666578
9.43972,18.519,proTumourMacrophage,0.8104999999999274
12.6824,23.6452,proTumourMacrophage,0.7397499999999352
9.01676,18.9938,proTumourMacrophage,1.0
9.35026,19.3481,proTumourMacrophage,0.976999999999909
8.53128,19.4645,proTumourMacrophage,0.9156666666665824
13.5392,13.3174,proTumourMacrophage,0.8333333333332582
13.2084,12.0054,proTumourMacrophage,0.7501666666666007
12.2776,15.2707,proTumourMacrophage,0.6087499999999496
13.4191,19.7728,proTumourMacrophage,0.8270833333332589
13.0,17.6645,proTumourMacrophage,0.7648333333332658
23.0856,22.1095,proTumourMacrophage,0.6829999999999414
21.8427,18.8747,proTumourMacrophage,0.5876666666666186
18.8418,19.3852,proTumourMacrophage,0.7610833333332662
17.4541,18.529,proTumourMacrophage,0.7400833333332685
15.8299,23.5182,proTumourMacrophage,0.7398333333332685
20.8385,20.6694,proTumourMacrophage,0.5595833333332884
22.3947,20.9342,proTumourMacrophage,0.5227499999999591
25.7133,32.3058,proTumourMacrophage,0.5827499999999525
21.0614,21.3856,proTumourMacrophage,0.6274999999999475
27.8575,19.5011,proTumourMacrophage,0.6883333333332742
22.4586,26.517,proTumourMacrophage,0.5842499999999523
20.3869,19.9425,proTumourMacrophage,0.6307499999999472
23.7914,29.4127,proTumourMacrophage,0.580833333333286
23.6269,21.0761,proTumourMacrophage,0.5695833333332873
18.1194,22.0065,proTumourMacrophage,0.6072499999999498
29.1459,24.2059,proTumourMacrophage,0.5131666666666268
23.2096,24.0594,proTumourMacrophage,0.5984166666666174
19.6827,21.8797,proTumourMacrophage,0.5792499999999529
23.4697,22.3884,proTumourMacrophage,0.5193333333332928
