points_x,points_y,celltypes,phenotypes
8.97468,15.9749,proTumourMacrophage,0.7573333333332666
32.8569,29.2804,proTumourMacrophage,0.8077499999999277
21.655,25.1244,proTumourMacrophage,0.553333333333289
23.5364,23.7061,proTumourMacrophage,0.5094999999999605
