points_x,points_y,celltypes,phenotypes
24.9921,8.02317,proTumourMacrophage,0.7553333333332668
25.0668,9.27233,proTumourMacrophage,0.6577499999999442
25.737,15.4064,proTumourMacrophage,0.6617499999999438
24.4273,10.7885,proTumourMacrophage,0.6978333333332731
23.08,13.9282,proTumourMacrophage,0.6619999999999437
24.0932,16.7144,proTumourMacrophage,0.511166666666627
24.4367,14.5798,proTumourMacrophage,0.6046666666666167
24.9177,12.3025,proTumourMacrophage,0.6612499999999438
24.3904,18.3161,proTumourMacrophage,0.5831666666666191
