points_x,points_y,celltypes,phenotypes
41.5418,18.4336,proTumourMacrophage,0.5269999999999586
40.0863,19.913,proTumourMacrophage,0.5094999999999605
47.0144,31.0192,proTumourMacrophage,0.5499166666666228
40.9837,18.9751,proTumourMacrophage,0.5662499999999543
43.9918,24.0161,proTumourMacrophage,0.5004999999999615
39.7467,19.2942,proTumourMacrophage,0.5314166666666248
41.3012,19.2557,proTumourMacrophage,0.5675833333332875
25.8889,44.9929,proTumourMacrophage,0.5311666666666248
40.6301,18.6348,proTumourMacrophage,0.5365833333332909
