points_x,points_y,celltypes,phenotypes
31.9991,42.9687,proTumourMacrophage,0.7123333333332715
37.9887,13.0255,proTumourMacrophage,0.7131666666666048
42.0158,34.9886,proTumourMacrophage,0.7618333333332661
37.7745,13.906,proTumourMacrophage,0.6984166666666064
