points_x,points_y,celltypes,phenotypes
40.9994,36.9791,proTumourMacrophage,0.9607499999999108
35.8567,34.2995,proTumourMacrophage,0.9513333333332452
37.263,19.4358,proTumourMacrophage,0.9719999999999096
37.9488,32.6625,proTumourMacrophage,0.8728333333332539
38.5092,29.6277,proTumourMacrophage,0.8884999999999188
26.7373,27.6755,proTumourMacrophage,0.8230833333332593
27.396,24.6116,proTumourMacrophage,0.7475833333332677
31.6553,28.5002,proTumourMacrophage,0.8920833333332517
27.9747,25.9336,proTumourMacrophage,0.6760833333332755
26.5609,23.6536,proTumourMacrophage,0.717333333333271
28.6782,22.2038,proTumourMacrophage,0.7162499999999378
25.2033,23.2982,proTumourMacrophage,0.6905833333332739
28.6314,27.2526,proTumourMacrophage,0.6776666666666087
