points_x,points_y,celltypes,phenotypes
16.1964,13.5904,proTumourMacrophage,0.7495833333332674
20.6254,17.5513,proTumourMacrophage,0.7709166666665984
17.7943,15.6997,proTumourMacrophage,0.7976666666665955
21.334,22.7445,proTumourMacrophage,0.6468333333332787
24.5373,27.6135,proTumourMacrophage,0.5434999999999568
26.1936,24.4232,proTumourMacrophage,0.5294999999999583
