points_x,points_y,celltypes,phenotypes
37.2097,13.0454,proTumourMacrophage,0.5951666666666178
27.0213,40.0991,proTumourMacrophage,0.5532499999999557
37.4643,23.783,proTumourMacrophage,0.6608333333332772
37.9937,13.0061,proTumourMacrophage,0.5442499999999567
8.01387,18.5868,proTumourMacrophage,0.5421666666666236
24.9437,13.4066,proTumourMacrophage,0.5646666666666211
14.0066,17.4733,proTumourMacrophage,0.6249999999999478
27.8515,20.0267,proTumourMacrophage,0.5139166666666267
31.0926,17.2747,proTumourMacrophage,0.5315833333332914
