points_x,points_y,celltypes,phenotypes
8.98598,31.9824,proTumourMacrophage,0.762083333333266
15.5747,31.952,proTumourMacrophage,0.7850833333332635
26.4128,27.2554,proTumourMacrophage,0.5136666666666267
22.2984,25.9587,proTumourMacrophage,0.5359166666666243
