points_x,points_y,celltypes,phenotypes
42.0269,27.9874,proTumourMacrophage,0.8614999999999218
41.6321,27.6001,proTumourMacrophage,0.8594166666665887
41.5211,28.4846,proTumourMacrophage,0.8493333333332564
32.7723,26.6774,proTumourMacrophage,0.8171666666665933
34.231,24.8319,proTumourMacrophage,0.8308333333332585
30.0857,24.6542,proTumourMacrophage,0.6364999999999466
28.8235,25.3858,proTumourMacrophage,0.5848333333332856
28.004,23.9826,proTumourMacrophage,0.5574166666666219
28.2567,25.4895,proTumourMacrophage,0.538416666666624
