points_x,points_y,celltypes,phenotypes
14.1235,15.8927,proTumourMacrophage,0.6944999999999402
19.0073,17.5285,proTumourMacrophage,0.586999999999952
20.7663,18.2005,proTumourMacrophage,0.6698333333332762
14.2928,19.5028,proTumourMacrophage,0.7366666666666022
19.4273,19.8432,proTumourMacrophage,0.6009166666666171
21.8963,25.685,proTumourMacrophage,0.5406666666666238
20.2666,25.1819,proTumourMacrophage,0.5475833333332897
