points_x,points_y,celltypes,phenotypes
43.5364,26.4208,proTumourMacrophage,0.6894166666666074
40.0256,11.0002,proTumourMacrophage,0.680833333333275
36.0005,42.994,proTumourMacrophage,0.6789999999999419
15.0134,40.0043,proTumourMacrophage,0.7114999999999383
10.9903,34.9892,proTumourMacrophage,0.6473333333332787
42.9821,27.8248,proTumourMacrophage,0.6423333333332792
43.0073,27.001,proTumourMacrophage,0.6617499999999438
42.3471,27.6225,proTumourMacrophage,0.647666666666612
43.4782,27.2416,proTumourMacrophage,0.693166666666607
42.0445,27.0252,proTumourMacrophage,0.6747499999999423
39.9754,11.7956,proTumourMacrophage,0.6890833333332741
12.6649,35.3338,proTumourMacrophage,0.626083333333281
11.9566,34.0102,proTumourMacrophage,0.6275833333332809
21.2249,36.0069,proTumourMacrophage,0.6154166666666155
42.8406,26.3255,proTumourMacrophage,0.581083333333286
15.8023,34.9421,proTumourMacrophage,0.6204999999999483
17.1333,29.6698,proTumourMacrophage,0.5530833333332891
15.951,32.0097,proTumourMacrophage,0.5442499999999567
38.6932,25.4299,proTumourMacrophage,0.5043333333332944
41.8614,25.6367,proTumourMacrophage,0.5197499999999594
