points_x,points_y,celltypes,phenotypes
10.0162,16.0121,proTumourMacrophage,0.6763333333332755
10.0139,13.0201,proTumourMacrophage,0.6677499999999431
20.4649,6.70933,proTumourMacrophage,0.6408333333332794
15.8122,11.5485,proTumourMacrophage,0.6205833333332816
19.0022,12.0231,proTumourMacrophage,0.6340833333332802
20.7402,15.7086,proTumourMacrophage,0.6414166666666127
20.5295,19.32,proTumourMacrophage,0.6068333333332832
