points_x,points_y,celltypes,phenotypes
7.38473,18.9927,proTumourMacrophage,0.7815833333332639
19.386,8.6057,proTumourMacrophage,0.8129166666665938
8.0148,19.0147,proTumourMacrophage,0.8072499999999277
6.95627,20.0181,proTumourMacrophage,0.8250833333332591
8.01618,19.5636,proTumourMacrophage,0.8394999999999242
19.5475,9.4422,proTumourMacrophage,0.7611666666665995
20.4997,9.54249,proTumourMacrophage,0.7722499999999316
19.0248,8.99346,proTumourMacrophage,0.7730833333332648
18.9609,9.54728,proTumourMacrophage,0.7905833333332629
8.56245,19.0027,proTumourMacrophage,0.7934166666665959
7.36773,19.9319,proTumourMacrophage,0.8394999999999242
19.8445,9.9552,proTumourMacrophage,0.8025833333332616
22.0203,5.81295,proTumourMacrophage,0.8284999999999254
19.0087,10.2033,proTumourMacrophage,0.7951666666665957
18.4138,9.3549,proTumourMacrophage,0.8739999999999204
7.83608,20.3321,proTumourMacrophage,0.8194166666665931
18.578,8.58369,proTumourMacrophage,0.7865833333332634
8.48784,20.0267,proTumourMacrophage,0.7045833333332724
8.00706,18.3352,proTumourMacrophage,0.8237499999999259
11.3201,20.497,proTumourMacrophage,0.7361666666666022
16.9435,10.7876,proTumourMacrophage,0.7758333333332645
18.0934,9.94097,proTumourMacrophage,0.7354166666666023
10.9424,19.0161,proTumourMacrophage,0.7709999999999317
9.15667,20.1334,proTumourMacrophage,0.7154999999999379
8.89877,19.4463,proTumourMacrophage,0.711166666666605
13.4779,19.6977,proTumourMacrophage,0.7368333333332688
14.4709,15.5989,proTumourMacrophage,0.6730833333332759
9.92319,18.0426,proTumourMacrophage,0.7207499999999373
9.71508,19.5453,proTumourMacrophage,0.7004166666666062
15.8727,13.1827,proTumourMacrophage,0.7486666666666009
18.333,20.1558,proTumourMacrophage,0.7013333333332727
19.9921,20.0449,proTumourMacrophage,0.6104999999999494
15.2744,18.5123,proTumourMacrophage,0.6710833333332761
11.9701,17.8826,proTumourMacrophage,0.644083333333279
14.4504,18.0924,proTumourMacrophage,0.6588333333332774
13.6682,17.4251,proTumourMacrophage,0.6828333333332748
18.1761,21.602,proTumourMacrophage,0.5904999999999516
13.1112,18.1698,proTumourMacrophage,0.5744999999999534
20.6142,20.6452,proTumourMacrophage,0.5359166666666243
19.8419,20.8269,proTumourMacrophage,0.5587499999999551
21.2173,21.0783,proTumourMacrophage,0.5185833333332929
18.87,21.3008,proTumourMacrophage,0.5271666666666253
16.2574,17.4425,proTumourMacrophage,0.5636666666666212
17.5202,18.9842,proTumourMacrophage,0.5549166666666222
18.5034,19.3784,proTumourMacrophage,0.5164166666666264
