points_x,points_y,celltypes,phenotypes
31.0261,8.98299,proTumourMacrophage,0.7874999999999299
30.4847,9.05309,proTumourMacrophage,0.8049166666665947
27.7089,12.3385,proTumourMacrophage,0.8294999999999253
30.2144,20.2609,proTumourMacrophage,0.7522499999999338
26.3146,20.4778,proTumourMacrophage,0.6639999999999435
27.5973,21.6347,proTumourMacrophage,0.596499999999951
21.9975,23.9156,proTumourMacrophage,0.535583333333291
