points_x,points_y,celltypes,phenotypes
10.9553,34.9742,proTumourMacrophage,0.8180833333332599
28.0058,42.9796,proTumourMacrophage,0.7863333333332634
32.0085,41.0061,proTumourMacrophage,0.7984166666665954
31.331,40.9801,proTumourMacrophage,0.8063333333332612
11.5007,34.4987,proTumourMacrophage,0.8103333333332607
11.3256,35.3355,proTumourMacrophage,0.8605833333332552
29.3149,39.8607,proTumourMacrophage,0.7773333333332644
27.5163,38.9653,proTumourMacrophage,0.8072499999999277
24.8982,36.3775,proTumourMacrophage,0.8026666666665949
27.7204,37.4544,proTumourMacrophage,0.8484999999999232
17.7823,32.8967,proTumourMacrophage,0.8434166666665904
25.4945,29.938,proTumourMacrophage,0.6847499999999412
20.4555,28.555,proTumourMacrophage,0.6738333333332758
27.06,25.5841,proTumourMacrophage,0.5497499999999561
22.1849,28.4474,proTumourMacrophage,0.5333333333332912
26.5203,27.4395,proTumourMacrophage,0.5351666666666244
22.2557,26.5802,proTumourMacrophage,0.5047499999999611
