points_x,points_y,celltypes,phenotypes
12.0213,24.583,proTumourMacrophage,0.6819166666666082
15.0197,24.7062,proTumourMacrophage,0.7416666666666016
21.779,26.3568,proTumourMacrophage,0.6017499999999504
