points_x,points_y,celltypes,phenotypes
38.0194,13.9834,proTumourMacrophage,0.8422499999999239
37.5812,14.4249,proTumourMacrophage,0.8855833333332525
29.9333,22.2162,proTumourMacrophage,0.7449999999999346
28.322,21.4863,proTumourMacrophage,0.6992499999999396
27.4899,22.9845,proTumourMacrophage,0.6378333333332797
24.7157,25.2694,proTumourMacrophage,0.650499999999945
25.5442,24.5019,proTumourMacrophage,0.5100833333332938
25.8248,26.0138,proTumourMacrophage,0.5247499999999589
26.264,25.3423,proTumourMacrophage,0.5030833333332946
