points_x,points_y,celltypes,phenotypes
43.0574,27.0223,proTumourMacrophage,0.6978333333332731
41.9654,26.4974,proTumourMacrophage,0.7444166666666013
42.5356,26.4109,proTumourMacrophage,0.7654999999999323
41.4757,26.3111,proTumourMacrophage,0.8189166666665931
42.0391,25.9358,proTumourMacrophage,0.7999999999999285
42.0056,27.498,proTumourMacrophage,0.8091666666665942
42.6113,27.0017,proTumourMacrophage,0.7343333333332691
32.9829,9.96756,proTumourMacrophage,0.7191666666666041
42.1468,27.0233,proTumourMacrophage,0.8321666666665917
42.5936,27.6015,proTumourMacrophage,0.7764999999999311
42.0045,27.9884,proTumourMacrophage,0.918666666666582
41.85,27.0131,proTumourMacrophage,0.9584999999999112
41.0397,27.0003,proTumourMacrophage,0.9717499999999096
41.4319,27.0429,proTumourMacrophage,0.9801666666665754
41.562,27.7036,proTumourMacrophage,0.9095833333332498
40.037,26.9817,proTumourMacrophage,0.8124166666665938
30.1901,20.1237,proTumourMacrophage,0.7402499999999351
38.4896,27.2585,proTumourMacrophage,0.7473333333332677
36.4327,27.028,proTumourMacrophage,0.7214166666666039
34.565,26.1429,proTumourMacrophage,0.6670833333332765
30.2299,24.4102,proTumourMacrophage,0.6302499999999472
33.198,26.7275,proTumourMacrophage,0.6549166666666112
31.9665,25.9996,proTumourMacrophage,0.656666666666611
30.3364,26.1667,proTumourMacrophage,0.5965833333332843
20.9133,22.2829,proTumourMacrophage,0.5453333333332899
