points_x,points_y,celltypes,phenotypes
35.3306,17.091,proTumourMacrophage,0.7095833333332718
20.261,27.2768,proTumourMacrophage,0.7308333333332695
29.8324,22.1767,proTumourMacrophage,0.7226666666666037
20.8945,24.8934,proTumourMacrophage,0.6732499999999425
26.9081,23.7293,proTumourMacrophage,0.5220833333332925
