points_x,points_y,celltypes,phenotypes
15.5043,19.4442,proTumourMacrophage,0.919166666666582
19.5816,20.9875,proTumourMacrophage,0.9287499999999144
25.0635,26.0014,proTumourMacrophage,0.6595833333332773
23.495,24.3565,proTumourMacrophage,0.5339166666666245
