points_x,points_y,celltypes,phenotypes
8.77571,25.9598,proTumourMacrophage,0.675166666666609
9.23804,26.2791,proTumourMacrophage,0.6678333333332764
7.74556,26.2451,proTumourMacrophage,0.7231666666666037
8.00648,25.9401,proTumourMacrophage,0.6512499999999449
7.22165,26.7378,proTumourMacrophage,0.6979999999999398
8.41304,25.5815,proTumourMacrophage,0.6608333333332772
16.2082,38.6424,proTumourMacrophage,0.5824999999999525
9.71249,26.0051,proTumourMacrophage,0.6105833333332827
8.89626,26.8735,proTumourMacrophage,0.6980833333332731
7.89351,25.0398,proTumourMacrophage,0.6480833333332786
9.28329,25.374,proTumourMacrophage,0.6215833333332815
8.63549,25.0176,proTumourMacrophage,0.7033333333332725
7.51332,25.5251,proTumourMacrophage,0.6772499999999421
8.45501,26.4589,proTumourMacrophage,0.6441666666666124
8.02651,27.2776,proTumourMacrophage,0.5654999999999544
7.97218,26.8084,proTumourMacrophage,0.5414166666666237
9.53294,27.0131,proTumourMacrophage,0.5179166666666263
8.10018,27.9723,proTumourMacrophage,0.5145833333332933
