points_x,points_y,celltypes,phenotypes
10.3063,36.3223,proTumourMacrophage,1.0
9.98778,36.8247,proTumourMacrophage,1.0
9.44286,36.5332,proTumourMacrophage,1.0
7.56039,36.4255,proTumourMacrophage,0.9552499999999114
7.98608,36.0035,proTumourMacrophage,1.0
10.7973,36.1424,proTumourMacrophage,1.0
9.99431,36.0279,proTumourMacrophage,1.0
11.9909,38.0153,proTumourMacrophage,0.8994166666665843
9.00927,36.033,proTumourMacrophage,1.0
10.7674,36.837,proTumourMacrophage,1.0
8.34964,36.1475,proTumourMacrophage,1.0
9.60696,36.016,proTumourMacrophage,1.0
7.59046,35.6139,proTumourMacrophage,1.0
9.56277,35.5829,proTumourMacrophage,1.0
9.69887,34.7498,proTumourMacrophage,0.9648333333332436
11.7195,35.319,proTumourMacrophage,0.9363333333332468
13.4456,32.7533,proTumourMacrophage,0.8888333333332521
14.8809,30.0095,proTumourMacrophage,0.8619166666665884
18.782,28.9259,proTumourMacrophage,0.7343333333332691
17.4939,27.793,proTumourMacrophage,0.6947499999999401
19.1878,26.8178,proTumourMacrophage,0.6511666666666116
20.3908,27.9446,proTumourMacrophage,0.6238333333332813
23.0876,28.4513,proTumourMacrophage,0.5876666666666186
23.6045,22.9774,proTumourMacrophage,0.5562499999999554
22.0139,27.6368,proTumourMacrophage,0.6048333333332834
23.2823,27.2902,proTumourMacrophage,0.5530833333332891
20.7391,25.2485,proTumourMacrophage,0.5673333333332875
22.5925,24.6386,proTumourMacrophage,0.5596666666666217
