points_x,points_y,celltypes,phenotypes
6.98964,24.9778,proTumourMacrophage,0.8174999999999266
14.0185,30.3279,proTumourMacrophage,0.8044166666665947
15.2716,27.6259,proTumourMacrophage,0.8383333333332577
17.4298,26.4751,proTumourMacrophage,0.7722499999999316
21.2964,24.3797,proTumourMacrophage,0.6792499999999418
23.5701,25.581,proTumourMacrophage,0.5726666666666202
25.4853,26.0031,proTumourMacrophage,0.5382499999999574
25.4236,23.4849,proTumourMacrophage,0.5091666666666272
