points_x,points_y,celltypes,phenotypes
34.5269,34.238,proTumourMacrophage,0.8069999999999278
32.6122,30.3935,proTumourMacrophage,0.7842499999999303
29.6461,24.9948,proTumourMacrophage,0.6188333333332818
24.848,28.0911,proTumourMacrophage,0.572333333333287
27.7491,28.3187,proTumourMacrophage,0.60474999999995
