points_x,points_y,celltypes,phenotypes
31.2934,17.5331,proTumourMacrophage,0.958999999999911
30.0619,23.8187,proTumourMacrophage,0.8499166666665897
28.7022,24.3107,proTumourMacrophage,0.7923333333332627
25.7349,28.0053,proTumourMacrophage,0.7822499999999305
24.3681,21.3752,proTumourMacrophage,0.7674166666665988
25.766,22.215,proTumourMacrophage,0.7256666666666034
25.5593,26.9638,proTumourMacrophage,0.7226666666666037
23.0263,23.4192,proTumourMacrophage,0.6194166666666151
26.6587,22.64,proTumourMacrophage,0.5439999999999567
