points_x,points_y,celltypes,phenotypes
7.01654,21.9999,proTumourMacrophage,0.8742499999999204
18.9758,22.7159,proTumourMacrophage,0.7859999999999301
21.0927,25.014,proTumourMacrophage,0.7332499999999359
24.1427,22.9757,proTumourMacrophage,0.5548333333332889
24.0057,26.0254,proTumourMacrophage,0.5487499999999562
