points_x,points_y,celltypes,phenotypes
9.73531,30.9787,proTumourMacrophage,0.7685833333332653
10.6221,32.1667,proTumourMacrophage,0.8584999999999221
13.1507,30.5455,proTumourMacrophage,0.8089999999999276
16.9796,31.7658,proTumourMacrophage,0.8208333333332596
14.7379,30.4286,proTumourMacrophage,0.8527499999999227
17.0615,29.7715,proTumourMacrophage,0.84716666666659
21.6802,27.6152,proTumourMacrophage,0.735833333333269
20.1004,27.7204,proTumourMacrophage,0.729166666666603
21.6646,25.7923,proTumourMacrophage,0.6519166666666115
24.0597,25.912,proTumourMacrophage,0.5750833333332867
