points_x,points_y,celltypes,phenotypes
3.43349,25.2238,proTumourMacrophage,0.674666666666609
8.01089,21.0191,proTumourMacrophage,0.6742499999999424
19.9853,41.2713,proTumourMacrophage,0.6731666666666092
20.3074,28.6723,proTumourMacrophage,0.6752499999999423
18.8706,29.6523,proTumourMacrophage,0.598833333333284
14.4158,21.9927,proTumourMacrophage,0.6744999999999424
22.0978,19.258,proTumourMacrophage,0.5814166666666193
