points_x,points_y,celltypes,phenotypes
5.96438,25.9976,proTumourMacrophage,0.853833333333256
8.01977,24.4376,proTumourMacrophage,0.8668333333332545
18.7189,27.3749,proTumourMacrophage,0.7951666666665957
22.0168,26.4249,proTumourMacrophage,0.6830833333332748
23.7781,23.5249,proTumourMacrophage,0.6632499999999436
22.356,24.9896,proTumourMacrophage,0.6149166666666156
