points_x,points_y,celltypes,phenotypes
33.1048,40.9107,proTumourMacrophage,0.7964166666665956
29.4618,35.3339,proTumourMacrophage,0.8253333333332591
24.4133,25.6908,proTumourMacrophage,0.60524999999995
