points_x,points_y,celltypes,phenotypes
28.8767,13.6349,proTumourMacrophage,0.5561666666666221
22.8898,17.982,proTumourMacrophage,0.5638333333332879
27.9091,21.856,proTumourMacrophage,0.5262499999999587
