points_x,points_y,celltypes,phenotypes
7.98606,14.9812,proTumourMacrophage,0.8182499999999265
17.0389,22.1971,proTumourMacrophage,0.7932499999999293
17.8316,19.4739,proTumourMacrophage,0.7932499999999293
18.9928,23.2211,proTumourMacrophage,0.750749999999934
25.4633,21.3433,proTumourMacrophage,0.6711666666666094
