points_x,points_y,celltypes,phenotypes
7.01604,22.1423,proTumourMacrophage,0.6981666666666064
12.1946,19.6163,proTumourMacrophage,0.7341666666666025
18.7263,25.0468,proTumourMacrophage,0.6169166666666154
18.4241,22.4491,proTumourMacrophage,0.6491666666666118
20.4279,23.3019,proTumourMacrophage,0.5735833333332868
