points_x,points_y,celltypes,phenotypes
37.4037,14.2387,proTumourMacrophage,0.7875833333332632
36.6764,16.3858,proTumourMacrophage,0.8537499999999226
35.1996,17.7206,proTumourMacrophage,0.8086666666665943
34.25,19.025,proTumourMacrophage,0.8557499999999224
30.1234,21.8956,proTumourMacrophage,0.8665833333332545
