points_x,points_y,celltypes,phenotypes
11.6972,36.9768,proTumourMacrophage,0.7032499999999392
11.1928,37.0313,proTumourMacrophage,0.7033333333332725
11.9992,36.3112,proTumourMacrophage,0.6856666666666078
12.5273,37.0021,proTumourMacrophage,0.7160833333332711
12.0953,36.9742,proTumourMacrophage,0.7179999999999376
12.9879,37.0007,proTumourMacrophage,0.6977499999999398
12.0104,37.56,proTumourMacrophage,0.7189166666666041
18.4269,31.5584,proTumourMacrophage,0.6773333333332754
