points_x,points_y,celltypes,phenotypes
35.4689,14.7513,proTumourMacrophage,0.7467499999999344
23.619,27.1401,proTumourMacrophage,0.5728333333332869
25.1387,27.1393,proTumourMacrophage,0.5956666666666177
26.5598,25.4359,proTumourMacrophage,0.5292499999999584
