points_x,points_y,celltypes,phenotypes
27.9901,44.0126,proTumourMacrophage,0.6944999999999402
37.4979,14.4896,proTumourMacrophage,0.6572499999999443
20.0022,4.01229,proTumourMacrophage,0.6863333333332744
37.8076,13.8351,proTumourMacrophage,0.6984166666666064
39.9758,17.035,proTumourMacrophage,0.6526666666666114
9.90421,32.1007,proTumourMacrophage,0.6447499999999456
31.3583,40.5835,proTumourMacrophage,0.6665833333332766
38.2522,14.2729,proTumourMacrophage,0.7132499999999381
38.4542,34.2014,proTumourMacrophage,0.7144166666666046
10.2436,29.4621,proTumourMacrophage,0.6704166666666095
29.6569,11.8212,proTumourMacrophage,0.6695833333332762
27.5259,39.8579,proTumourMacrophage,0.7110833333332717
36.8034,15.2375,proTumourMacrophage,0.792416666666596
35.5048,16.9525,proTumourMacrophage,0.6695833333332762
30.7577,16.1311,proTumourMacrophage,0.6455833333332789
8.7696,28.9564,proTumourMacrophage,0.6061666666666166
14.117,31.5786,proTumourMacrophage,0.7585833333332664
30.3828,10.3095,proTumourMacrophage,0.6614999999999438
11.7039,28.7921,proTumourMacrophage,0.7914999999999295
33.8705,19.4041,proTumourMacrophage,0.7143333333332713
23.752,34.5759,proTumourMacrophage,0.6964166666666066
29.381,30.2045,proTumourMacrophage,0.5798333333332861
20.0307,16.8062,proTumourMacrophage,0.6084166666666163
24.9933,19.3929,proTumourMacrophage,0.5758333333332866
29.5379,25.059,proTumourMacrophage,0.7010833333332728
27.5245,17.1971,proTumourMacrophage,0.6093333333332829
23.7395,17.9275,proTumourMacrophage,0.6115833333332826
29.9024,18.8875,proTumourMacrophage,0.7123333333332715
22.3279,28.3323,proTumourMacrophage,0.5285833333332918
27.0519,19.7506,proTumourMacrophage,0.5245833333332922
19.9773,26.6082,proTumourMacrophage,0.5071666666666275
17.6801,28.7184,proTumourMacrophage,0.5420833333332903
