points_x,points_y,celltypes,phenotypes
45.0119,15.6835,proTumourMacrophage,0.6774166666666087
33.4091,6.98269,proTumourMacrophage,0.6546666666666112
45.6236,15.975,proTumourMacrophage,0.7069166666666055
45.0096,15.0948,proTumourMacrophage,0.7267499999999366
44.4086,15.9923,proTumourMacrophage,0.6598333333332773
47.0235,12.9975,proTumourMacrophage,0.7439999999999347
44.9878,16.3569,proTumourMacrophage,0.6467499999999454
34.0237,6.56729,proTumourMacrophage,0.6655833333332767
43.4926,15.5356,proTumourMacrophage,0.6162499999999488
34.6102,6.99679,proTumourMacrophage,0.7096666666666052
44.5031,16.7853,proTumourMacrophage,0.6411666666666127
33.9934,7.34392,proTumourMacrophage,0.7087499999999386
43.8606,16.1448,proTumourMacrophage,0.577749999999953
42.9869,17.2024,proTumourMacrophage,0.5174166666666263
33.8118,8.06392,proTumourMacrophage,0.6485833333332786
34.1048,9.54509,proTumourMacrophage,0.5332499999999579
34.5326,7.9746,proTumourMacrophage,0.5700833333332872
