points_x,points_y,celltypes,phenotypes
14.9629,38.9921,proTumourMacrophage,0.6077499999999497
7.97623,32.9674,proTumourMacrophage,0.6484999999999452
15.412,39.3975,proTumourMacrophage,0.7238333333332703
8.99548,34.9912,proTumourMacrophage,0.6809999999999417
9.40146,33.0675,proTumourMacrophage,0.5740833333332868
14.5841,38.5672,proTumourMacrophage,0.6204999999999483
15.5026,38.5442,proTumourMacrophage,0.6804999999999417
8.59549,34.5537,proTumourMacrophage,0.5834999999999524
10.1564,34.9981,proTumourMacrophage,0.5207499999999593
