points_x,points_y,celltypes,phenotypes
22.314,9.5132,proTumourMacrophage,0.7472499999999344
20.557,13.1198,proTumourMacrophage,0.7631666666665993
21.9068,14.9054,proTumourMacrophage,0.7437499999999347
19.0865,18.0876,proTumourMacrophage,0.6699999999999429
21.9786,19.2637,proTumourMacrophage,0.7286666666666031
23.5997,21.83,proTumourMacrophage,0.6223333333332814
24.8637,21.1553,proTumourMacrophage,0.5508333333332893
23.0141,24.5299,proTumourMacrophage,0.5884166666666185
27.1369,23.9703,proTumourMacrophage,0.5246666666666255
