points_x,points_y,celltypes,phenotypes
14.9073,33.489,proTumourMacrophage,0.5852499999999522
10.234,30.2051,proTumourMacrophage,0.653583333333278
33.0597,12.105,proTumourMacrophage,0.6171666666666153
7.99697,15.0136,proTumourMacrophage,0.7099166666666051
11.1324,32.3274,proTumourMacrophage,0.7181666666666042
13.5855,25.5126,proTumourMacrophage,0.6444166666666123
29.7004,12.5407,proTumourMacrophage,0.5989999999999507
19.777,36.4169,proTumourMacrophage,0.6329166666666136
32.2882,19.6247,proTumourMacrophage,0.6226666666666147
