points_x,points_y,celltypes,phenotypes
43.999,27.9695,proTumourMacrophage,0.8399166666665908
43.5594,27.5645,proTumourMacrophage,0.8583333333332555
15.9935,42.9762,proTumourMacrophage,0.880833333333253
44.4166,28.4148,proTumourMacrophage,0.8879166666665855
43.5371,28.4725,proTumourMacrophage,0.889833333333252
45.984,30.0163,proTumourMacrophage,0.9019999999999172
6.98532,15.0208,proTumourMacrophage,0.8489166666665898
7.98395,19.6632,proTumourMacrophage,0.8879999999999189
7.99027,18.9838,proTumourMacrophage,0.8972499999999178
38.0574,30.3188,proTumourMacrophage,0.9419999999999128
41.4088,30.1091,proTumourMacrophage,0.8892499999999187
38.0591,32.9174,proTumourMacrophage,0.8991666666665843
18.281,21.6919,proTumourMacrophage,0.8374166666665911
30.7357,26.8548,proTumourMacrophage,0.7717499999999317
21.2473,21.5946,proTumourMacrophage,0.7339999999999358
28.6947,25.7036,proTumourMacrophage,0.6492499999999451
21.8859,24.1526,proTumourMacrophage,0.5934999999999513
22.8492,22.6928,proTumourMacrophage,0.5804999999999527
