points_x,points_y,celltypes,phenotypes
25.0008,7.99712,proTumourMacrophage,0.8397499999999242
25.0202,8.66067,proTumourMacrophage,0.8342499999999248
26.2652,13.1577,proTumourMacrophage,0.862583333333255
23.7505,22.7027,proTumourMacrophage,0.6152499999999489
27.3768,23.1777,proTumourMacrophage,0.5514999999999559
