points_x,points_y,celltypes,phenotypes
27.9935,5.86464,proTumourMacrophage,0.5164166666666264
22.1913,7.21195,proTumourMacrophage,0.5994999999999506
30.5406,9.69687,proTumourMacrophage,0.5444166666666234
26.0715,11.4743,proTumourMacrophage,0.5565833333332887
