points_x,points_y,celltypes,phenotypes
6.58991,18.549,proTumourMacrophage,0.5547499999999556
20.2309,12.4688,proTumourMacrophage,0.5673333333332875
30.6776,12.2617,proTumourMacrophage,0.5770833333332864
10.0854,27.1041,proTumourMacrophage,0.550499999999956
25.9632,9.41004,proTumourMacrophage,0.505499999999961
31.7072,38.1919,proTumourMacrophage,0.6184166666666152
12.2,27.357,proTumourMacrophage,0.5604999999999549
23.4575,17.2438,proTumourMacrophage,0.6660833333332766
