points_x,points_y,celltypes,phenotypes
28.2951,41.9486,proTumourMacrophage,0.7919166666665961
31.4349,38.1257,proTumourMacrophage,0.8396666666665908
26.3499,30.4088,proTumourMacrophage,0.7637499999999325
26.6218,27.8053,proTumourMacrophage,0.69549999999994
25.2415,27.1396,proTumourMacrophage,0.598833333333284
