points_x,points_y,celltypes,phenotypes
12.8894,10.9036,proTumourMacrophage,0.8756666666665869
13.267,11.2733,proTumourMacrophage,0.8729999999999205
12.9743,12.4226,proTumourMacrophage,0.8981666666665844
21.0034,13.969,proTumourMacrophage,0.8595833333332553
13.0467,15.5892,proTumourMacrophage,0.8626666666665883
16.2749,15.8087,proTumourMacrophage,0.8644999999999214
25.3429,15.9554,proTumourMacrophage,0.8301666666665919
18.7936,20.7441,proTumourMacrophage,0.7514999999999339
24.5473,20.3477,proTumourMacrophage,0.6280833333332808
27.2353,22.9691,proTumourMacrophage,0.5539166666666223
22.6816,21.9315,proTumourMacrophage,0.5239166666666256
