points_x,points_y,celltypes,phenotypes
40.9969,30.9909,proTumourMacrophage,0.5136666666666267
35.9871,39.0171,proTumourMacrophage,0.5639166666666212
36.6527,31.9261,proTumourMacrophage,0.5524999999999558
