points_x,points_y,celltypes,phenotypes
43.6159,19.993,proTumourMacrophage,0.720666666666604
42.3933,20.0165,proTumourMacrophage,0.7025833333332726
6.49688,30.5623,proTumourMacrophage,0.7352499999999357
41.5383,30.4001,proTumourMacrophage,0.7339999999999358
42.9904,19.9859,proTumourMacrophage,0.7645833333332658
6.98851,30.1367,proTumourMacrophage,0.7501666666666007
7.9534,30.0503,proTumourMacrophage,0.6434999999999458
6.99887,31.0051,proTumourMacrophage,0.6941666666666069
42.0365,30.0044,proTumourMacrophage,0.7481666666666009
43.0051,19.3336,proTumourMacrophage,0.677499999999942
41.4517,29.463,proTumourMacrophage,0.7306666666666028
42.1938,20.6437,proTumourMacrophage,0.808083333333261
41.634,20.0178,proTumourMacrophage,0.6455833333332789
7.6189,24.9072,proTumourMacrophage,0.6883333333332742
35.9977,11.995,proTumourMacrophage,0.6910833333332739
6.9159,24.9673,proTumourMacrophage,0.717583333333271
7.93553,31.0085,proTumourMacrophage,0.6855833333332745
43.0051,20.6663,proTumourMacrophage,0.799083333333262
42.6472,21.3618,proTumourMacrophage,0.6702499999999428
7.38684,25.6304,proTumourMacrophage,0.7147499999999379
7.27496,28.7722,proTumourMacrophage,0.6243333333332812
42.2812,19.311,proTumourMacrophage,0.69574999999994
7.36253,31.3647,proTumourMacrophage,0.7562499999999334
7.47638,30.4936,proTumourMacrophage,0.6845833333332746
9.59598,30.0187,proTumourMacrophage,0.5039166666666278
40.2722,21.1124,proTumourMacrophage,0.562583333333288
