points_x,points_y,celltypes,phenotypes
39.301,22.1591,proTumourMacrophage,0.7274166666666032
42.5077,33.9599,proTumourMacrophage,0.753083333333267
40.8941,33.8544,proTumourMacrophage,0.8017499999999284
37.7639,22.5828,proTumourMacrophage,0.7680833333332654
38.378,31.371,proTumourMacrophage,0.7984999999999287
36.0036,25.1066,proTumourMacrophage,0.7429999999999348
34.3752,26.9067,proTumourMacrophage,0.7494999999999341
30.8242,25.7511,proTumourMacrophage,0.7240833333332702
