points_x,points_y,celltypes,phenotypes
37.9403,18.6696,proTumourMacrophage,0.6694999999999429
38.0937,21.3138,proTumourMacrophage,0.7379999999999354
33.0597,22.9979,proTumourMacrophage,0.7332499999999359
26.9157,20.6376,proTumourMacrophage,0.5839999999999523
28.7795,21.8153,proTumourMacrophage,0.5797499999999528
