points_x,points_y,celltypes,phenotypes
8.01983,21.9846,proTumourMacrophage,0.8240833333332592
11.761,25.6594,proTumourMacrophage,0.853833333333256
16.6187,24.1899,proTumourMacrophage,0.8711666666665874
