points_x,points_y,celltypes,phenotypes
26.4965,8.15118,proTumourMacrophage,0.5061666666666276
32.6023,32.8676,proTumourMacrophage,0.6195833333332817
25.0411,16.1015,proTumourMacrophage,0.5369166666666242
22.0176,30.6041,proTumourMacrophage,0.5819999999999526
