points_x,points_y,celltypes,phenotypes
35.6583,39.6226,proTumourMacrophage,0.6315833333332804
17.1905,23.8716,proTumourMacrophage,0.5099999999999605
8.02227,20.9922,proTumourMacrophage,0.5871666666666187
32.7821,29.7672,proTumourMacrophage,0.517083333333293
34.6318,23.2673,proTumourMacrophage,0.5403333333332905
