points_x,points_y,celltypes,phenotypes
40.3271,16.9898,proTumourMacrophage,0.7549166666666002
41.0241,17.0151,proTumourMacrophage,0.7825833333332638
36.3709,18.7281,proTumourMacrophage,0.7566666666666
34.338,18.3169,proTumourMacrophage,0.7797499999999308
31.5949,20.1523,proTumourMacrophage,0.7731666666665982
31.8915,22.4058,proTumourMacrophage,0.753583333333267
27.0308,23.2452,proTumourMacrophage,0.5402499999999572
28.5044,23.4287,proTumourMacrophage,0.5611666666666215
