points_x,points_y,celltypes,phenotypes
41.0117,16.0226,proTumourMacrophage,0.8242499999999259
44.0,19.998,proTumourMacrophage,0.8537499999999226
30.385,22.8928,proTumourMacrophage,0.7434999999999348
28.3111,21.7389,proTumourMacrophage,0.708333333333272
26.786,22.2409,proTumourMacrophage,0.6525833333332781
27.3577,24.195,proTumourMacrophage,0.6311666666666138
26.7218,25.538,proTumourMacrophage,0.529916666666625
