points_x,points_y,celltypes,phenotypes
7.99544,27.996,proTumourMacrophage,0.7336666666666025
39.5128,28.7994,proTumourMacrophage,0.7932499999999293
36.4419,27.3352,proTumourMacrophage,0.8029166666665949
11.9357,26.948,proTumourMacrophage,0.7349166666666024
14.5431,25.8289,proTumourMacrophage,0.7691666666665986
18.1201,23.8419,proTumourMacrophage,0.6984166666666064
21.9564,23.0668,proTumourMacrophage,0.6397499999999462
20.6572,25.5612,proTumourMacrophage,0.5449166666666233
