points_x,points_y,celltypes,phenotypes
17.748,8.27893,proTumourMacrophage,0.7147499999999379
17.7375,9.68896,proTumourMacrophage,0.6503333333332784
19.46,4.22044,proTumourMacrophage,0.7191666666666041
20.0246,2.98427,proTumourMacrophage,0.6855833333332745
18.884,4.99806,proTumourMacrophage,0.7566666666666
17.9905,4.99398,proTumourMacrophage,0.7619999999999327
20.007,2.36579,proTumourMacrophage,0.8432499999999238
19.7105,4.54664,proTumourMacrophage,0.662333333333277
17.4932,5.03125,proTumourMacrophage,0.7712499999999317
21.4031,2.52827,proTumourMacrophage,0.668499999999943
13.0243,8.9988,proTumourMacrophage,0.7059166666666056
18.1619,4.40843,proTumourMacrophage,0.683666666666608
33.4821,7.5189,proTumourMacrophage,0.6365833333332799
17.2794,8.71219,proTumourMacrophage,0.7245833333332702
16.9926,8.19427,proTumourMacrophage,0.7964999999999289
19.1831,4.79035,proTumourMacrophage,0.6657499999999433
23.0582,3.00285,proTumourMacrophage,0.7302499999999362
18.4244,4.98726,proTumourMacrophage,0.7587499999999331
16.4484,9.5266,proTumourMacrophage,0.6804166666666084
18.6199,5.62676,proTumourMacrophage,0.6543333333332779
17.9032,8.99317,proTumourMacrophage,0.6636666666666102
16.7024,8.99962,proTumourMacrophage,0.7359166666666023
33.9832,7.99832,proTumourMacrophage,0.6966666666666066
18.8137,4.26881,proTumourMacrophage,0.6745833333332757
17.1792,9.17729,proTumourMacrophage,0.7936666666665959
19.4568,2.91419,proTumourMacrophage,0.7414166666666017
16.431,8.4387,proTumourMacrophage,0.8059999999999279
22.3773,2.92985,proTumourMacrophage,0.6367499999999465
23.023,2.46876,proTumourMacrophage,0.7149166666666046
19.3851,5.31695,proTumourMacrophage,0.5125833333332935
21.7938,3.01063,proTumourMacrophage,0.5193333333332928
17.0486,9.89918,proTumourMacrophage,0.654083333333278
17.9804,5.64562,proTumourMacrophage,0.6393333333332796
