points_x,points_y,celltypes,phenotypes
38.0023,10.4285,proTumourMacrophage,0.8868333333332523
38.0304,8.97804,proTumourMacrophage,0.8797499999999198
38.0377,10.9663,proTumourMacrophage,0.880333333333253
38.0438,11.4341,proTumourMacrophage,0.9069999999999168
37.29,10.9805,proTumourMacrophage,0.9171666666665824
41.002,19.0015,proTumourMacrophage,0.8842499999999193
37.9911,11.974,proTumourMacrophage,0.922749999999915
37.2178,16.8773,proTumourMacrophage,0.9177499999999156
31.9131,18.2913,proTumourMacrophage,0.856416666666589
27.9606,22.9218,proTumourMacrophage,0.6349166666666134
22.9835,23.1263,proTumourMacrophage,0.63583333333328
26.7691,21.9764,proTumourMacrophage,0.5933333333332846
