points_x,points_y,celltypes,phenotypes
10.0324,16.9713,proTumourMacrophage,0.6402499999999461
20.0443,8.00762,proTumourMacrophage,0.5901666666666183
12.956,19.5901,proTumourMacrophage,0.6276666666666142
21.8439,13.467,proTumourMacrophage,0.6595833333332773
40.3623,24.0868,proTumourMacrophage,0.6410833333332794
