points_x,points_y,celltypes,phenotypes
19.707,11.2103,proTumourMacrophage,0.60549999999995
26.404,12.2838,proTumourMacrophage,0.5733333333332868
10.4979,22.5489,proTumourMacrophage,0.662833333333277
13.1982,24.5551,proTumourMacrophage,0.7194999999999374
23.8237,14.8837,proTumourMacrophage,0.5012499999999614
