points_x,points_y,celltypes,phenotypes
42.0024,31.6717,proTumourMacrophage,0.78649999999993
37.6028,13.575,proTumourMacrophage,0.7883333333332632
36.9538,13.9953,proTumourMacrophage,0.7599166666665996
41.0127,13.9836,proTumourMacrophage,0.7614166666665995
42.6599,31.0209,proTumourMacrophage,0.8418333333332573
38.6061,14.5722,proTumourMacrophage,0.8089999999999276
37.6642,14.3361,proTumourMacrophage,0.8369166666665911
12.0316,40.0013,proTumourMacrophage,0.81683333333326
41.334,31.0106,proTumourMacrophage,0.8003333333332618
44.013,31.0063,proTumourMacrophage,0.7647499999999324
37.967,14.016,proTumourMacrophage,0.722749999999937
42.0273,30.4868,proTumourMacrophage,0.7760833333332645
42.0009,31.0613,proTumourMacrophage,0.8519166666665895
35.0027,41.0061,proTumourMacrophage,0.8290833333332587
40.2996,14.0083,proTumourMacrophage,0.7847499999999302
37.9846,15.3719,proTumourMacrophage,0.8198333333332597
38.8379,15.2542,proTumourMacrophage,0.7045833333332724
38.6228,13.9979,proTumourMacrophage,0.741249999999935
42.0919,29.8706,proTumourMacrophage,0.7588333333332664
38.3251,13.4304,proTumourMacrophage,0.7334166666666025
40.963,14.544,proTumourMacrophage,0.7059999999999389
41.6805,13.9917,proTumourMacrophage,0.8519166666665895
39.5348,14.9177,proTumourMacrophage,0.6943333333332735
41.9812,29.1096,proTumourMacrophage,0.7255833333332701
38.0491,14.7763,proTumourMacrophage,0.7697499999999319
38.2878,16.818,proTumourMacrophage,0.6223333333332814
37.7989,18.3308,proTumourMacrophage,0.650249999999945
18.1194,28.5615,proTumourMacrophage,0.66566666666661
41.1111,15.069,proTumourMacrophage,0.8388333333332576
37.1943,14.8097,proTumourMacrophage,0.7764999999999311
20.5209,30.9247,proTumourMacrophage,0.6466666666666121
36.4186,20.29,proTumourMacrophage,0.559999999999955
35.8474,23.7094,proTumourMacrophage,0.5294999999999583
35.5591,22.2526,proTumourMacrophage,0.529416666666625
34.9063,24.757,proTumourMacrophage,0.523749999999959
