points_x,points_y,celltypes,phenotypes
8.99638,35.9712,proTumourMacrophage,0.7649166666665991
9.635,36.0017,proTumourMacrophage,0.7937499999999292
19.0275,44.0091,proTumourMacrophage,0.7109999999999383
22.3059,40.3513,proTumourMacrophage,0.7556666666666001
23.3091,15.0461,proTumourMacrophage,0.7540833333332669
23.4312,29.6162,proTumourMacrophage,0.6398333333332795
20.333,25.1572,proTumourMacrophage,0.6340833333332802
20.121,27.3402,proTumourMacrophage,0.5909999999999516
23.3743,21.6286,proTumourMacrophage,0.5121666666666269
