points_x,points_y,celltypes,phenotypes
20.9213,35.5694,proTumourMacrophage,0.8089166666665942
18.7264,34.8323,proTumourMacrophage,0.8031666666665949
20.2731,32.6648,proTumourMacrophage,0.8049166666665947
24.2875,26.8381,proTumourMacrophage,0.6194999999999484
