points_x,points_y,celltypes,phenotypes
8.97502,18.9914,proTumourMacrophage,0.7468333333332677
9.29154,19.6237,proTumourMacrophage,0.6724166666666093
8.55356,19.4592,proTumourMacrophage,0.7601666666665996
9.6266,18.9661,proTumourMacrophage,0.7357499999999356
42.057,17.8154,proTumourMacrophage,0.6969166666666066
13.3799,16.5632,proTumourMacrophage,0.7449166666666013
11.3434,19.105,proTumourMacrophage,0.7300833333332696
20.3336,15.0849,proTumourMacrophage,0.7393333333332686
19.9377,22.0457,proTumourMacrophage,0.7773333333332644
18.7656,20.813,proTumourMacrophage,0.7379999999999354
25.8658,22.4617,proTumourMacrophage,0.5811666666666193
