points_x,points_y,celltypes,phenotypes
24.9995,4.96708,proTumourMacrophage,0.7233333333332703
25.3378,5.50849,proTumourMacrophage,0.7139166666666047
24.6384,7.01093,proTumourMacrophage,0.7782499999999309
22.3944,11.4332,proTumourMacrophage,0.7703333333332651
23.792,16.3496,proTumourMacrophage,0.7781666666665976
24.6291,11.8043,proTumourMacrophage,0.804749999999928
25.2158,19.6941,proTumourMacrophage,0.6646666666666101
