points_x,points_y,celltypes,phenotypes
36.9904,38.0155,proTumourMacrophage,0.7892499999999297
38.5003,29.1131,proTumourMacrophage,0.8154166666665935
26.7935,25.7105,proTumourMacrophage,0.5473333333332897
