points_x,points_y,celltypes,phenotypes
15.3034,45.9847,proTumourMacrophage,0.9048333333332504
14.7061,46.3894,proTumourMacrophage,0.7967499999999289
13.5211,42.4875,proTumourMacrophage,0.8496666666665897
19.4598,45.9952,proTumourMacrophage,0.8059999999999279
16.008,45.185,proTumourMacrophage,0.8374999999999244
16.0217,46.0245,proTumourMacrophage,0.8732499999999205
15.7176,45.6925,proTumourMacrophage,0.8734999999999205
15.5746,46.3624,proTumourMacrophage,0.8178333333332599
19.8016,45.3821,proTumourMacrophage,0.8570833333332556
15.2194,46.7511,proTumourMacrophage,0.8691666666665876
13.4117,43.3547,proTumourMacrophage,0.7952499999999291
15.4411,44.7392,proTumourMacrophage,0.8448333333332569
15.3754,45.3761,proTumourMacrophage,0.9222499999999152
16.1957,45.6676,proTumourMacrophage,0.8809166666665863
13.9905,40.0051,proTumourMacrophage,0.7909166666665962
13.007,43.0149,proTumourMacrophage,0.8844166666665859
14.8181,45.8677,proTumourMacrophage,0.9405833333332464
14.5016,44.5084,proTumourMacrophage,0.9130833333332494
14.8842,45.1527,proTumourMacrophage,0.931499999999914
19.8718,48.0388,proTumourMacrophage,0.5042499999999611
15.9869,44.7057,proTumourMacrophage,0.693166666666607
19.1781,45.58,proTumourMacrophage,0.5199166666666261
