points_x,points_y,celltypes,phenotypes
27.2544,12.6719,proTumourMacrophage,0.8213333333332595
25.7228,14.4133,proTumourMacrophage,0.8062499999999279
26.3754,20.7785,proTumourMacrophage,0.6673333333332765
27.3068,23.2259,proTumourMacrophage,0.5968333333332843
24.9781,22.747,proTumourMacrophage,0.5755833333332866
