points_x,points_y,celltypes,phenotypes
27.0082,5.9836,proTumourMacrophage,0.7756666666665979
26.7366,24.2684,proTumourMacrophage,0.5181666666666263
25.3255,22.3708,proTumourMacrophage,0.5634166666666213
