points_x,points_y,celltypes,phenotypes
13.8451,34.825,proTumourMacrophage,0.647416666666612
17.1115,17.722,proTumourMacrophage,0.6335833333332802
18.1642,25.2679,proTumourMacrophage,0.501916666666628
16.6343,20.9658,proTumourMacrophage,0.5721666666666203
15.6238,28.1069,proTumourMacrophage,0.650249999999945
14.4808,26.7535,proTumourMacrophage,0.6936666666666069
18.7033,24.9223,proTumourMacrophage,0.6188333333332818
13.1498,28.496,proTumourMacrophage,0.6326666666666136
19.847,27.8593,proTumourMacrophage,0.505499999999961
19.8711,31.071,proTumourMacrophage,0.5585833333332885
17.0883,26.2567,proTumourMacrophage,0.5392499999999573
