points_x,points_y,celltypes,phenotypes
30.8826,22.4441,proTumourMacrophage,0.7714166666665984
28.7349,26.2016,proTumourMacrophage,0.6844166666666079
28.295,22.7968,proTumourMacrophage,0.6639166666666102
25.7261,22.4899,proTumourMacrophage,0.6666666666666099
