points_x,points_y,celltypes,phenotypes
8.00876,21.0209,proTumourMacrophage,0.7982499999999287
20.9977,5.98133,proTumourMacrophage,0.8241666666665926
8.93929,20.9867,proTumourMacrophage,0.8345833333332581
21.185,11.561,proTumourMacrophage,0.8066666666665945
22.083,20.4553,proTumourMacrophage,0.7518333333332672
23.7324,23.1002,proTumourMacrophage,0.6126666666666158
24.9879,22.8871,proTumourMacrophage,0.5764999999999532
23.1496,24.9326,proTumourMacrophage,0.5335833333332912
