points_x,points_y,celltypes,phenotypes
7.67042,21.0119,proTumourMacrophage,0.7283333333332698
8.3434,20.9999,proTumourMacrophage,0.7958333333332623
13.2407,21.8646,proTumourMacrophage,0.7812499999999306
18.9542,22.7233,proTumourMacrophage,0.6526666666666114
22.341,22.826,proTumourMacrophage,0.5676666666666208
21.5398,22.5833,proTumourMacrophage,0.5529999999999557
20.8453,25.0672,proTumourMacrophage,0.5397499999999572
