points_x,points_y,celltypes,phenotypes
11.522,24.4636,proTumourMacrophage,0.7576666666665999
15.8868,24.868,proTumourMacrophage,0.8107499999999274
18.3776,23.6767,proTumourMacrophage,0.7824166666665971
21.0236,24.1698,proTumourMacrophage,0.6459999999999455
22.0699,23.0933,proTumourMacrophage,0.5879999999999519
