points_x,points_y,celltypes,phenotypes
36.1993,15.3756,proTumourMacrophage,0.717583333333271
34.4319,17.9678,proTumourMacrophage,0.6549999999999445
32.2797,18.9212,proTumourMacrophage,0.7121666666666049
