points_x,points_y,celltypes,phenotypes
41.9767,16.9248,proTumourMacrophage,0.7522499999999338
46.9892,20.9988,proTumourMacrophage,0.9479166666665788
45.2563,29.2504,proTumourMacrophage,0.865416666666588
41.9854,17.7004,proTumourMacrophage,0.8218333333332595
45.4275,28.5468,proTumourMacrophage,0.7849166666665969
42.7292,17.0026,proTumourMacrophage,0.8813333333332529
30.018,45.1062,proTumourMacrophage,0.759999999999933
44.6589,28.6893,proTumourMacrophage,0.7929999999999293
34.9702,42.004,proTumourMacrophage,0.8059166666665946
33.2605,17.5252,proTumourMacrophage,0.6591666666666107
41.65,31.7848,proTumourMacrophage,0.6537499999999447
43.6579,29.543,proTumourMacrophage,0.6477499999999453
26.7983,33.6792,proTumourMacrophage,0.5945833333332845
41.0211,36.9837,proTumourMacrophage,0.9339166666665804
36.8798,33.749,proTumourMacrophage,0.5649999999999544
40.8085,29.0771,proTumourMacrophage,0.5702499999999538
40.2131,36.9635,proTumourMacrophage,0.7577499999999332
37.2059,30.7326,proTumourMacrophage,0.5420833333332903
30.0191,44.326,proTumourMacrophage,0.8362499999999246
34.1313,40.7255,proTumourMacrophage,0.6335833333332802
18.4528,12.4536,proTumourMacrophage,0.6310833333332805
