points_x,points_y,celltypes,phenotypes
16.5401,40.5088,proTumourMacrophage,0.8462499999999235
41.6571,16.0235,proTumourMacrophage,0.8700833333332542
16.5918,41.4201,proTumourMacrophage,0.8591666666665887
40.9974,15.4574,proTumourMacrophage,0.874416666666587
17.0066,41.0,proTumourMacrophage,0.8676666666665878
44.0212,17.9563,proTumourMacrophage,0.8948333333332514
17.4274,40.5753,proTumourMacrophage,0.868499999999921
41.0186,16.0043,proTumourMacrophage,0.904749999999917
17.4667,41.5072,proTumourMacrophage,0.8701666666665875
40.4273,16.0055,proTumourMacrophage,0.8674999999999211
41.0038,16.581,proTumourMacrophage,0.8579166666665888
42.9957,14.8409,proTumourMacrophage,0.8806666666665863
17.9178,41.0235,proTumourMacrophage,0.8786666666665865
41.7089,16.7298,proTumourMacrophage,0.8871666666665856
39.8198,16.8658,proTumourMacrophage,0.8917499999999184
39.0015,19.0829,proTumourMacrophage,0.8956666666665847
18.7846,36.7328,proTumourMacrophage,0.8563333333332557
35.4526,16.9341,proTumourMacrophage,0.8820833333332528
30.458,21.5879,proTumourMacrophage,0.7582499999999331
22.5775,32.6418,proTumourMacrophage,0.7815833333332639
21.1526,31.1203,proTumourMacrophage,0.7421666666666016
21.5573,29.0887,proTumourMacrophage,0.6590833333332774
29.2201,25.3851,proTumourMacrophage,0.5946666666666178
21.0182,27.3419,proTumourMacrophage,0.5970833333332842
23.2429,25.2998,proTumourMacrophage,0.5610833333332882
23.6853,28.4574,proTumourMacrophage,0.5565833333332887
22.3113,26.3945,proTumourMacrophage,0.5394166666666239
25.3313,28.7471,proTumourMacrophage,0.5207499999999593
21.9579,26.0163,proTumourMacrophage,0.5008333333332948
