points_x,points_y,celltypes,phenotypes
6.0006,22.972,proTumourMacrophage,0.6084166666666163
6.63921,22.98,proTumourMacrophage,0.6456666666666122
4.98879,24.9961,proTumourMacrophage,0.6807499999999417
9.90439,26.012,proTumourMacrophage,0.6588333333332774
19.4497,24.953,proTumourMacrophage,0.5686666666666207
20.0128,26.5889,proTumourMacrophage,0.587499999999952
