points_x,points_y,celltypes,phenotypes
29.1424,31.5523,proTumourMacrophage,0.5499999999999561
35.1508,15.8366,proTumourMacrophage,0.6051666666666167
15.5883,22.3501,proTumourMacrophage,0.5076666666666274
27.9747,39.6933,proTumourMacrophage,0.6240833333332813
23.0136,33.8528,proTumourMacrophage,0.623499999999948
