points_x,points_y,celltypes,phenotypes
17.4296,33.2765,proTumourMacrophage,0.8176666666665933
24.8632,26.909,proTumourMacrophage,0.5760833333332865
23.133,25.5107,proTumourMacrophage,0.5910833333332849
22.6014,21.6322,proTumourMacrophage,0.5091666666666272
