points_x,points_y,celltypes,phenotypes
14.9613,10.9716,proTumourMacrophage,0.8147499999999269
15.522,10.5611,proTumourMacrophage,0.8099166666665941
15.0037,11.5408,proTumourMacrophage,0.8237499999999259
16.4542,12.4464,proTumourMacrophage,0.8532499999999227
20.0986,16.9723,proTumourMacrophage,0.7939166666665959
23.4564,16.2015,proTumourMacrophage,0.7792499999999308
21.6214,17.5758,proTumourMacrophage,0.7569166666666
23.8425,21.6936,proTumourMacrophage,0.5766666666666198
25.1598,24.617,proTumourMacrophage,0.5408333333332904
