points_x,points_y,celltypes,phenotypes
14.9965,11.0089,proTumourMacrophage,0.7953333333332624
18.9492,16.0152,proTumourMacrophage,0.8881666666665855
18.1241,17.5803,proTumourMacrophage,0.7224166666666038
24.4093,23.8433,proTumourMacrophage,0.5104999999999604
