points_x,points_y,celltypes,phenotypes
34.4272,31.829,proTumourMacrophage,0.8127499999999271
27.3073,28.6362,proTumourMacrophage,0.7187499999999375
27.1035,25.1634,proTumourMacrophage,0.5114999999999603
26.4179,25.9312,proTumourMacrophage,0.5092499999999606
