points_x,points_y,celltypes,phenotypes
26.2862,17.1419,proTumourMacrophage,0.7363333333332689
26.537,21.5801,proTumourMacrophage,0.5659999999999543
27.7026,23.486,proTumourMacrophage,0.5864166666666187
