points_x,points_y,celltypes,phenotypes
26.9933,6.99097,proTumourMacrophage,0.8536666666665893
25.6655,16.9115,proTumourMacrophage,0.7973333333332622
27.3851,23.1756,proTumourMacrophage,0.6499999999999451
