points_x,points_y,celltypes,phenotypes
20.9798,42.989,proTumourMacrophage,0.8837499999999193
18.9989,42.0202,proTumourMacrophage,0.8194999999999264
19.0167,41.3434,proTumourMacrophage,0.8775833333332533
21.8536,30.5784,proTumourMacrophage,0.7515833333332672
23.8944,28.5017,proTumourMacrophage,0.6887499999999408
23.5045,24.2377,proTumourMacrophage,0.5980833333332841
23.3913,25.5033,proTumourMacrophage,0.5164999999999598
