points_x,points_y,celltypes,phenotypes
10.7357,15.5503,proTumourMacrophage,0.5573333333332886
9.97642,12.9972,proTumourMacrophage,0.7005833333332728
35.9936,36.9784,proTumourMacrophage,0.5614999999999548
11.5802,15.5785,proTumourMacrophage,0.614249999999949
10.9984,14.9701,proTumourMacrophage,0.6655833333332767
31.3433,38.4191,proTumourMacrophage,0.6169166666666154
20.6443,15.3548,proTumourMacrophage,0.6223333333332814
17.3841,17.8227,proTumourMacrophage,0.511666666666627
