points_x,points_y,celltypes,phenotypes
33.0176,8.56564,proTumourMacrophage,0.8565833333332556
32.4672,8.31286,proTumourMacrophage,0.843833333333257
37.2905,8.66734,proTumourMacrophage,0.8745833333332537
33.7938,9.02281,proTumourMacrophage,0.859749999999922
32.3503,9.00063,proTumourMacrophage,0.8886666666665854
36.9903,9.00528,proTumourMacrophage,0.9181666666665822
41.023,16.9898,proTumourMacrophage,0.8837499999999193
32.9893,9.04486,proTumourMacrophage,0.8948333333332514
32.4082,9.59374,proTumourMacrophage,0.8736666666665871
33.293,9.48245,proTumourMacrophage,0.8914999999999185
33.5669,8.38672,proTumourMacrophage,0.8880833333332522
36.5801,9.4149,proTumourMacrophage,0.8618333333332551
35.2518,10.9964,proTumourMacrophage,0.8650833333332547
30.3783,15.4879,proTumourMacrophage,0.7773333333332644
33.7113,16.482,proTumourMacrophage,0.7953333333332624
31.5363,16.4489,proTumourMacrophage,0.8033333333332615
31.7387,18.3442,proTumourMacrophage,0.7739999999999314
23.556,19.009,proTumourMacrophage,0.7574999999999332
32.1981,14.8854,proTumourMacrophage,0.7775833333332643
28.7645,18.4311,proTumourMacrophage,0.6843333333332746
27.4476,21.9627,proTumourMacrophage,0.6235833333332813
28.4207,20.1149,proTumourMacrophage,0.5879166666666186
28.956,20.3629,proTumourMacrophage,0.5979166666666175
27.1081,20.3725,proTumourMacrophage,0.595999999999951
21.8072,23.4063,proTumourMacrophage,0.550499999999956
27.9393,23.4372,proTumourMacrophage,0.5520833333332892
