points_x,points_y,celltypes,phenotypes
42.9994,25.9972,proTumourMacrophage,0.8026666666665949
9.39035,20.9916,proTumourMacrophage,0.7145833333332713
32.7678,25.0285,proTumourMacrophage,0.7392499999999352
28.5285,24.8168,proTumourMacrophage,0.6342499999999468
