points_x,points_y,celltypes,phenotypes
22.7346,17.0478,proTumourMacrophage,0.8889999999999187
29.1057,22.2409,proTumourMacrophage,0.7966666666665956
27.3968,23.288,proTumourMacrophage,0.620416666666615
22.83,20.2759,proTumourMacrophage,0.8526666666665894
