points_x,points_y,celltypes,phenotypes
16.9959,41.0197,proTumourMacrophage,0.8462499999999235
40.9906,16.0069,proTumourMacrophage,0.8700833333332542
19.2758,32.8553,proTumourMacrophage,0.8591666666665887
29.9118,22.3759,proTumourMacrophage,0.7717499999999317
24.5211,29.9217,proTumourMacrophage,0.7543333333332669
29.4359,25.3814,proTumourMacrophage,0.744833333333268
