points_x,points_y,celltypes,phenotypes
23.8052,35.1145,proTumourMacrophage,0.8246666666665925
25.5022,31.8109,proTumourMacrophage,0.7960833333332623
23.5483,28.8755,proTumourMacrophage,0.7754166666665979
