points_x,points_y,celltypes,phenotypes
26.4108,34.9632,proTumourMacrophage,0.7999166666665952
21.5372,31.5616,proTumourMacrophage,0.7368333333332688
32.4349,31.8221,proTumourMacrophage,0.7766666666665978
25.9381,30.8988,proTumourMacrophage,0.698833333333273
27.985,26.2321,proTumourMacrophage,0.5907499999999516
24.6078,28.4615,proTumourMacrophage,0.5724166666666203
23.5282,26.8739,proTumourMacrophage,0.5467499999999564
26.7027,24.3697,proTumourMacrophage,0.5314166666666248
