points_x,points_y,celltypes,phenotypes
41.9812,34.9539,proTumourMacrophage,0.5029999999999613
26.5067,6.51924,proTumourMacrophage,0.5140833333332934
24.6198,15.2497,proTumourMacrophage,0.5230833333332924
31.7146,16.4461,proTumourMacrophage,0.60524999999995
16.6881,11.6614,proTumourMacrophage,0.5387499999999573
32.8571,25.7179,proTumourMacrophage,0.5096666666666272
32.2357,21.9391,proTumourMacrophage,0.590333333333285
39.0948,23.0528,proTumourMacrophage,0.5789999999999529
28.4831,16.447,proTumourMacrophage,0.581083333333286
