points_x,points_y,celltypes,phenotypes
8.01509,19.9829,proTumourMacrophage,0.7441666666666014
8.01317,21.3297,proTumourMacrophage,0.7733333333332648
18.303,23.3487,proTumourMacrophage,0.7104999999999384
12.6695,22.2576,proTumourMacrophage,0.6994999999999396
23.658,24.3758,proTumourMacrophage,0.5631666666666213
21.9467,25.766,proTumourMacrophage,0.505499999999961
20.2856,25.6302,proTumourMacrophage,0.5105833333332938
