points_x,points_y,celltypes,phenotypes
16.1533,21.0729,proTumourMacrophage,0.7948333333332624
20.235,26.6879,proTumourMacrophage,0.6764999999999421
21.8926,22.5565,proTumourMacrophage,0.5992499999999507
25.1735,25.5161,proTumourMacrophage,0.5902499999999516
