points_x,points_y,celltypes,phenotypes
4.03955,28.4352,proTumourMacrophage,0.6814999999999416
21.4744,8.01226,proTumourMacrophage,0.738416666666602
20.9981,7.02105,proTumourMacrophage,0.7414166666666017
4.4299,27.9797,proTumourMacrophage,0.6773333333332754
19.4481,7.97363,proTumourMacrophage,0.7214166666666039
5.04741,27.9305,proTumourMacrophage,0.7367499999999355
20.243,7.54681,proTumourMacrophage,0.72583333333327
19.0079,7.24518,proTumourMacrophage,0.7323333333332693
18.0033,8.01418,proTumourMacrophage,0.7697499999999319
5.99024,38.004,proTumourMacrophage,0.7282499999999364
19.0015,8.02671,proTumourMacrophage,0.8212499999999262
5.02965,28.4929,proTumourMacrophage,0.7491666666666008
3.99524,29.0011,proTumourMacrophage,0.7679166666665987
18.5527,7.99225,proTumourMacrophage,0.8278333333332588
4.95007,27.2731,proTumourMacrophage,0.7482499999999342
20.4988,8.00607,proTumourMacrophage,0.8230833333332593
6.46389,37.5529,proTumourMacrophage,0.7862499999999301
18.9856,8.79312,proTumourMacrophage,0.7512499999999339
5.73041,27.995,proTumourMacrophage,0.8190833333332598
21.967,7.98505,proTumourMacrophage,0.8422499999999239
20.9871,8.03674,proTumourMacrophage,0.9603333333332442
20.9972,7.52625,proTumourMacrophage,0.8121666666665939
5.58202,27.2049,proTumourMacrophage,0.7986666666665954
4.68153,28.9977,proTumourMacrophage,0.8184166666665932
11.3759,31.9138,proTumourMacrophage,0.7904166666665963
21.0368,9.06385,proTumourMacrophage,0.8513333333332562
20.2641,11.1812,proTumourMacrophage,0.8447499999999236
22.8416,16.9807,proTumourMacrophage,0.7018333333332727
19.5241,18.958,proTumourMacrophage,0.690333333333274
20.1342,23.2807,proTumourMacrophage,0.5945833333332845
17.8544,26.0057,proTumourMacrophage,0.6406666666666128
20.9649,28.219,proTumourMacrophage,0.641999999999946
20.4772,16.6357,proTumourMacrophage,0.6868333333332743
23.6547,18.5772,proTumourMacrophage,0.656166666666611
20.8051,20.9331,proTumourMacrophage,0.641749999999946
