points_x,points_y,celltypes,phenotypes
33.5794,41.9912,proTumourMacrophage,0.6822499999999415
7.99582,35.4088,proTumourMacrophage,0.6914999999999405
33.0066,42.4406,proTumourMacrophage,0.6421666666666126
9.04016,38.0147,proTumourMacrophage,0.6670833333332765
7.66023,35.0048,proTumourMacrophage,0.7033333333332725
44.9795,24.0092,proTumourMacrophage,0.6601666666666106
33.0004,41.6849,proTumourMacrophage,0.6235833333332813
33.0075,41.0001,proTumourMacrophage,0.5764999999999532
5.98856,29.2516,proTumourMacrophage,0.6840833333332746
5.00419,29.9944,proTumourMacrophage,0.7096666666666052
8.00698,36.0043,proTumourMacrophage,0.6024999999999503
8.02038,34.1128,proTumourMacrophage,0.7304999999999362
6.54461,27.6486,proTumourMacrophage,0.6851666666666079
7.9884,34.6274,proTumourMacrophage,0.8110833333332607
24.4158,43.5522,proTumourMacrophage,0.5866666666666187
23.9805,44.0251,proTumourMacrophage,0.6879999999999409
8.65864,35.0332,proTumourMacrophage,0.6999999999999396
7.14013,34.3548,proTumourMacrophage,0.5798333333332861
3.98887,31.9855,proTumourMacrophage,0.7254999999999368
7.01572,35.0219,proTumourMacrophage,0.6961666666666066
5.7899,27.7454,proTumourMacrophage,0.7007499999999395
8.74236,34.1425,proTumourMacrophage,0.622999999999948
17.7198,43.6494,proTumourMacrophage,0.6181666666666152
6.84525,29.7727,proTumourMacrophage,0.5270833333332919
5.56716,30.0119,proTumourMacrophage,0.7066666666666055
24.2206,39.7822,proTumourMacrophage,0.5800833333332861
6.28211,28.3088,proTumourMacrophage,0.7609999999999328
7.50087,33.6536,proTumourMacrophage,0.6253333333332811
9.71985,30.0767,proTumourMacrophage,0.5082499999999607
32.3432,41.9865,proTumourMacrophage,0.8020833333332616
27.9871,45.0101,proTumourMacrophage,0.5954999999999511
6.58038,16.1258,proTumourMacrophage,0.5469999999999564
27.9828,44.274,proTumourMacrophage,0.6606666666666106
6.19849,29.9662,proTumourMacrophage,0.638666666666613
5.6471,28.3802,proTumourMacrophage,0.617583333333282
8.73959,35.699,proTumourMacrophage,0.7025833333332726
5.00896,14.727,proTumourMacrophage,0.5759999999999532
16.8989,17.617,proTumourMacrophage,0.5044166666666278
9.22641,34.8583,proTumourMacrophage,0.6911666666666072
11.9791,23.4087,proTumourMacrophage,0.532249999999958
