points_x,points_y,celltypes,phenotypes
35.0055,40.9792,proTumourMacrophage,0.7922499999999294
39.9686,17.6624,proTumourMacrophage,0.8108333333332607
30.2455,42.9726,proTumourMacrophage,0.8071666666665944
23.0148,44.5447,proTumourMacrophage,0.826083333333259
29.6056,42.9823,proTumourMacrophage,0.8275833333332588
40.9848,12.0078,proTumourMacrophage,0.8464166666665901
40.6477,17.0116,proTumourMacrophage,0.8560833333332557
39.998,16.3619,proTumourMacrophage,0.8393333333332575
19.5751,42.4298,proTumourMacrophage,0.8251666666665924
23.0231,44.01,proTumourMacrophage,0.8404999999999241
28.0143,7.99992,proTumourMacrophage,0.8312499999999251
39.9793,17.0095,proTumourMacrophage,0.8349166666665914
42.0067,13.0054,proTumourMacrophage,0.8411666666665907
27.6052,8.38045,proTumourMacrophage,0.8379999999999244
19.9882,41.9899,proTumourMacrophage,0.8331666666665916
23.0154,43.5167,proTumourMacrophage,0.7889166666665964
19.5427,41.5382,proTumourMacrophage,0.7956666666665957
20.3232,42.5685,proTumourMacrophage,0.8072499999999277
27.9667,8.97027,proTumourMacrophage,0.8333333333332582
22.9826,42.9614,proTumourMacrophage,0.8609999999999218
28.5269,7.98592,proTumourMacrophage,0.7429166666666015
21.1637,41.998,proTumourMacrophage,0.8709166666665874
20.3219,41.4106,proTumourMacrophage,0.7982499999999287
20.5238,41.9908,proTumourMacrophage,0.7918333333332628
39.3369,17.0265,proTumourMacrophage,0.8318333333332584
36.4278,18.118,proTumourMacrophage,0.8464999999999234
28.7536,10.3077,proTumourMacrophage,0.8573333333332556
23.3146,38.5657,proTumourMacrophage,0.7634166666665992
17.8108,32.8724,proTumourMacrophage,0.804999999999928
26.2814,14.414,proTumourMacrophage,0.7984166666665954
21.3783,37.6856,proTumourMacrophage,0.774416666666598
24.1637,36.2921,proTumourMacrophage,0.7522499999999338
20.084,32.4735,proTumourMacrophage,0.7189999999999375
25.4341,33.1358,proTumourMacrophage,0.7334999999999359
23.4899,33.9514,proTumourMacrophage,0.7264166666666033
25.6165,19.1689,proTumourMacrophage,0.6853333333332745
20.7922,30.3321,proTumourMacrophage,0.7008333333332728
26.8399,24.0043,proTumourMacrophage,0.5242499999999589
22.1768,25.2485,proTumourMacrophage,0.5014999999999614
21.437,26.5261,proTumourMacrophage,0.5561666666666221
29.3387,23.6753,proTumourMacrophage,0.6105833333332827
28.0644,21.3433,proTumourMacrophage,0.5108333333332937
23.0364,30.4346,proTumourMacrophage,0.51449999999996
