points_x,points_y,celltypes,phenotypes
29.3096,32.2439,proTumourMacrophage,0.7736666666665981
21.3378,26.6937,proTumourMacrophage,0.7862499999999301
22.64,28.6376,proTumourMacrophage,0.6938333333332736
