points_x,points_y,celltypes,phenotypes
31.6968,32.2514,proTumourMacrophage,0.7409166666666017
28.9473,25.3967,proTumourMacrophage,0.6624999999999437
27.4673,27.4452,proTumourMacrophage,0.6621666666666104
27.1946,28.946,proTumourMacrophage,0.663083333333277
25.054,27.0937,proTumourMacrophage,0.6039166666666168
24.0917,23.2438,proTumourMacrophage,0.5649999999999544
26.4294,22.4015,proTumourMacrophage,0.5269166666666253
