points_x,points_y,celltypes,phenotypes
7.03151,25.9976,proTumourMacrophage,0.8069166666665945
11.7835,23.0224,proTumourMacrophage,0.8230833333332593
17.8275,29.9038,proTumourMacrophage,0.7767499999999311
17.8699,25.9667,proTumourMacrophage,0.7615833333332661
20.4544,26.9538,proTumourMacrophage,0.650499999999945
25.4165,24.4452,proTumourMacrophage,0.5654999999999544
