points_x,points_y,celltypes,phenotypes
26.8382,37.8545,proTumourMacrophage,0.669249999999943
22.7054,39.98,proTumourMacrophage,0.7010833333332728
34.7813,14.4846,proTumourMacrophage,0.5890833333332851
28.3775,28.2879,proTumourMacrophage,0.6716666666666093
25.5201,28.3706,proTumourMacrophage,0.5536666666666223
26.0373,26.6488,proTumourMacrophage,0.6819166666666082
22.0945,28.3877,proTumourMacrophage,0.6315833333332804
28.4262,30.047,proTumourMacrophage,0.5203333333332927
