points_x,points_y,celltypes,phenotypes
7.99208,22.9779,proTumourMacrophage,0.5829166666666191
9.40496,23.3962,proTumourMacrophage,0.6179999999999486
34.2377,29.453,proTumourMacrophage,0.6006666666666172
32.6206,30.4618,proTumourMacrophage,0.5045833333332944
