points_x,points_y,celltypes,phenotypes
32.9925,9.99856,proTumourMacrophage,0.7624999999999327
8.93659,19.0207,proTumourMacrophage,0.7147499999999379
18.2512,10.1443,proTumourMacrophage,0.6835833333332747
27.9685,12.9417,proTumourMacrophage,0.7267499999999366
17.3808,22.7835,proTumourMacrophage,0.7039999999999391
21.5686,14.8802,proTumourMacrophage,0.7294999999999363
21.4339,18.6539,proTumourMacrophage,0.6612499999999438
