points_x,points_y,celltypes,phenotypes
42.9908,27.9988,proTumourMacrophage,0.7642499999999325
38.0113,12.0064,proTumourMacrophage,0.784166666666597
37.6106,11.6197,proTumourMacrophage,0.7846666666665969
44.0729,15.9848,proTumourMacrophage,0.8281666666665921
43.5699,15.5424,proTumourMacrophage,0.7683333333332654
37.552,12.4766,proTumourMacrophage,0.8079999999999277
44.9906,24.0097,proTumourMacrophage,0.8460833333332568
43.9921,11.9787,proTumourMacrophage,0.850749999999923
38.4285,12.4814,proTumourMacrophage,0.8375833333332577
43.5892,16.4466,proTumourMacrophage,0.8593333333332553
43.0317,16.9747,proTumourMacrophage,0.8788333333332532
36.4743,21.1955,proTumourMacrophage,0.8120833333332605
33.9984,22.4372,proTumourMacrophage,0.7971666666665955
33.7031,20.6445,proTumourMacrophage,0.7809166666665973
31.9774,20.5214,proTumourMacrophage,0.7356666666666023
31.0556,21.4927,proTumourMacrophage,0.6811666666666083
29.177,22.1994,proTumourMacrophage,0.6684166666666097
27.9005,21.6166,proTumourMacrophage,0.6387499999999463
28.9301,20.553,proTumourMacrophage,0.6524999999999448
27.2944,21.6362,proTumourMacrophage,0.6162499999999488
28.2001,24.6251,proTumourMacrophage,0.5500833333332894
29.121,23.118,proTumourMacrophage,0.5539166666666223
