points_x,points_y,celltypes,phenotypes
27.5919,11.8866,proTumourMacrophage,0.6603333333332773
24.8922,10.9018,proTumourMacrophage,0.7419999999999349
27.5815,14.4532,proTumourMacrophage,0.7010833333332728
26.5447,22.9372,proTumourMacrophage,0.5051666666666277
