points_x,points_y,celltypes,phenotypes
37.0023,11.976,proTumourMacrophage,0.7769166666665978
34.2052,13.8055,proTumourMacrophage,0.819666666666593
28.9561,22.5731,proTumourMacrophage,0.6359999999999466
25.5839,22.3104,proTumourMacrophage,0.5509166666666226
