points_x,points_y,celltypes,phenotypes
25.1365,41.9776,proTumourMacrophage,0.584166666666619
14.0253,10.9996,proTumourMacrophage,0.5928333333332847
24.4977,42.0082,proTumourMacrophage,0.6182499999999486
24.9686,40.8006,proTumourMacrophage,0.6373333333332798
15.0587,19.6769,proTumourMacrophage,0.6208333333332816
