points_x,points_y,celltypes,phenotypes
22.9923,7.97943,proTumourMacrophage,0.8244999999999258
23.6435,7.99827,proTumourMacrophage,0.8587499999999221
22.9983,8.64325,proTumourMacrophage,0.8731666666665872
25.156,20.0944,proTumourMacrophage,0.7519166666666005
26.574,24.5188,proTumourMacrophage,0.5249166666666255
