points_x,points_y,celltypes,phenotypes
11.3223,14.7007,proTumourMacrophage,0.7797499999999308
8.00449,17.5229,proTumourMacrophage,0.9370833333332468
7.62708,17.0134,proTumourMacrophage,0.9529166666665784
7.99206,16.4772,proTumourMacrophage,1.0
7.26335,17.0161,proTumourMacrophage,0.9279166666665812
8.33791,16.9597,proTumourMacrophage,1.0
9.92057,13.9325,proTumourMacrophage,0.8318333333332584
10.8057,15.0532,proTumourMacrophage,0.8888333333332521
8.74136,16.9636,proTumourMacrophage,1.0
7.97169,17.0027,proTumourMacrophage,0.9984999999999068
9.97999,14.4026,proTumourMacrophage,0.8941666666665848
10.4677,14.6579,proTumourMacrophage,0.9424999999999129
9.33684,14.9961,proTumourMacrophage,1.0
9.34393,14.391,proTumourMacrophage,0.9354166666665804
6.80558,16.9787,proTumourMacrophage,0.9231666666665816
7.97137,18.0201,proTumourMacrophage,1.0
9.81155,14.9749,proTumourMacrophage,1.0
10.1632,15.0079,proTumourMacrophage,1.0
6.92126,17.6092,proTumourMacrophage,0.987499999999908
8.63445,15.344,proTumourMacrophage,0.9452499999999124
8.1744,15.0451,proTumourMacrophage,0.9018333333332508
10.1085,17.3156,proTumourMacrophage,0.8722499999999206
12.481,18.1065,proTumourMacrophage,0.8758333333332535
11.0828,18.593,proTumourMacrophage,0.8239999999999259
12.5303,19.6888,proTumourMacrophage,0.8155833333332602
16.2314,18.6822,proTumourMacrophage,0.8139166666665937
13.5812,20.9399,proTumourMacrophage,0.7495833333332674
16.2404,21.7334,proTumourMacrophage,0.7051666666666057
15.3063,20.4994,proTumourMacrophage,0.7184999999999375
19.2639,23.9805,proTumourMacrophage,0.6325833333332803
16.8803,20.9312,proTumourMacrophage,0.6815833333332749
17.3958,22.0594,proTumourMacrophage,0.6250833333332811
17.5247,24.0636,proTumourMacrophage,0.5434999999999568
24.0675,27.9239,proTumourMacrophage,0.5439166666666234
19.558,25.5548,proTumourMacrophage,0.5776666666666197
18.9723,22.3899,proTumourMacrophage,0.5238333333332923
