points_x,points_y,celltypes,phenotypes
38.973,15.0229,proTumourMacrophage,1.0
25.9864,8.01201,proTumourMacrophage,0.8122499999999272
42.1473,12.1123,proTumourMacrophage,1.0
39.9851,14.0761,proTumourMacrophage,1.0
41.7735,11.7076,proTumourMacrophage,0.8442499999999237
40.4512,14.7507,proTumourMacrophage,1.0
37.9798,36.9975,proTumourMacrophage,0.8479999999999233
39.511,13.7596,proTumourMacrophage,1.0
39.1522,14.5503,proTumourMacrophage,1.0
26.4071,8.39175,proTumourMacrophage,0.8619166666665884
39.4854,14.9795,proTumourMacrophage,1.0
39.5827,14.44,proTumourMacrophage,1.0
39.703,15.722,proTumourMacrophage,1.0
39.3712,15.3536,proTumourMacrophage,1.0
38.667,14.7034,proTumourMacrophage,1.0
28.5348,6.82674,proTumourMacrophage,0.843833333333257
37.7995,35.7995,proTumourMacrophage,0.81733333333326
41.3187,12.2312,proTumourMacrophage,0.8794166666665865
38.9704,16.0714,proTumourMacrophage,1.0
39.0248,13.513,proTumourMacrophage,0.9444999999999126
38.3922,13.8284,proTumourMacrophage,0.9554999999999114
37.9595,14.9602,proTumourMacrophage,0.9420833333332462
26.4619,37.4257,proTumourMacrophage,0.8467499999999234
38.3238,14.3771,proTumourMacrophage,0.9554999999999114
38.3164,15.7123,proTumourMacrophage,0.9346666666665804
14.3666,21.9605,proTumourMacrophage,0.8286666666665921
33.0629,28.8547,proTumourMacrophage,0.8635833333332549
26.8929,14.4371,proTumourMacrophage,0.8385833333332576
33.5507,18.4015,proTumourMacrophage,0.8116666666665939
37.2039,15.421,proTumourMacrophage,0.8406666666665907
34.322,15.1636,proTumourMacrophage,0.7981666666665954
34.5764,17.2781,proTumourMacrophage,0.7886666666665965
31.8473,16.4017,proTumourMacrophage,0.732499999999936
30.4742,20.5347,proTumourMacrophage,0.6921666666666071
32.0324,17.4691,proTumourMacrophage,0.7365833333332689
25.7567,30.7483,proTumourMacrophage,0.6978333333332731
30.772,18.3254,proTumourMacrophage,0.7059999999999389
27.9552,22.4215,proTumourMacrophage,0.6442499999999457
30.477,28.2532,proTumourMacrophage,0.6787499999999419
28.366,19.3786,proTumourMacrophage,0.6874166666666076
18.7028,25.3744,proTumourMacrophage,0.6374999999999464
27.5271,27.5442,proTumourMacrophage,0.5531666666666224
22.6981,23.2794,proTumourMacrophage,0.5678333333332874
24.7869,29.5186,proTumourMacrophage,0.5457499999999565
24.1522,23.7115,proTumourMacrophage,0.5838333333332857
25.3299,20.9688,proTumourMacrophage,0.5804166666666194
26.7353,20.9467,proTumourMacrophage,0.5582499999999552
