points_x,points_y,celltypes,phenotypes
43.0178,28.0102,proTumourMacrophage,0.7641666666665992
46.0147,21.0013,proTumourMacrophage,0.8134999999999271
42.4628,28.0376,proTumourMacrophage,0.7798333333332641
42.0196,14.0057,proTumourMacrophage,0.7449166666666013
34.9956,41.9728,proTumourMacrophage,0.7692499999999319
43.0103,27.2618,proTumourMacrophage,0.7858333333332634
41.7564,28.0079,proTumourMacrophage,0.686999999999941
40.8195,26.8178,proTumourMacrophage,0.729666666666603
42.2501,27.2814,proTumourMacrophage,0.6913333333332738
39.4406,16.9919,proTumourMacrophage,0.6772499999999421
38.9368,19.9868,proTumourMacrophage,0.6801666666666084
42.6371,21.1281,proTumourMacrophage,0.681083333333275
31.5987,14.301,proTumourMacrophage,0.6887499999999408
35.1662,23.6569,proTumourMacrophage,0.6393333333332796
33.0457,22.6613,proTumourMacrophage,0.6402499999999461
33.5798,24.4032,proTumourMacrophage,0.6338333333332802
28.9414,20.5891,proTumourMacrophage,0.581083333333286
30.3896,21.8638,proTumourMacrophage,0.5607499999999549
29.1278,22.9503,proTumourMacrophage,0.5439166666666234
