points_x,points_y,celltypes,phenotypes
16.9986,40.0216,proTumourMacrophage,0.807583333333261
9.00057,36.0003,proTumourMacrophage,0.8699166666665875
16.9928,39.2642,proTumourMacrophage,0.7044166666666057
12.85,35.8561,proTumourMacrophage,0.8674166666665878
18.9995,33.7549,proTumourMacrophage,0.7948333333332624
23.9918,25.7377,proTumourMacrophage,0.5951666666666178
21.0199,26.7537,proTumourMacrophage,0.5944999999999512
20.5651,28.1543,proTumourMacrophage,0.535583333333291
