points_x,points_y,celltypes,phenotypes
5.03883,23.9912,proTumourMacrophage,0.8249999999999258
16.9889,9.01171,proTumourMacrophage,0.8240833333332592
11.1871,16.7238,proTumourMacrophage,0.829416666666592
17.0008,9.81275,proTumourMacrophage,0.8396666666665908
12.7276,26.9116,proTumourMacrophage,0.8439166666665904
13.0129,19.2326,proTumourMacrophage,0.8356666666665913
18.1669,21.478,proTumourMacrophage,0.7257499999999367
19.0459,25.2502,proTumourMacrophage,0.675166666666609
19.2844,23.1902,proTumourMacrophage,0.6698333333332762
20.5586,24.7691,proTumourMacrophage,0.6194166666666151
20.7053,22.128,proTumourMacrophage,0.6246666666666145
