points_x,points_y,celltypes,phenotypes
33.3586,21.1284,proTumourMacrophage,1.0
28.9988,24.644,proTumourMacrophage,0.865416666666588
26.7458,22.659,proTumourMacrophage,0.7364999999999355
27.1116,24.1201,proTumourMacrophage,0.6439999999999457
25.0482,22.6148,proTumourMacrophage,0.6135833333332824
