points_x,points_y,celltypes,phenotypes
6.96552,21.0189,proTumourMacrophage,0.8152499999999269
7.61298,21.0793,proTumourMacrophage,0.8466666666665901
17.8658,33.4216,proTumourMacrophage,0.7794999999999308
14.3369,20.8735,proTumourMacrophage,0.8129166666665938
16.0043,23.9327,proTumourMacrophage,0.765916666666599
19.4719,21.4286,proTumourMacrophage,0.7184166666666042
22.6763,26.5787,proTumourMacrophage,0.5171666666666264
