points_x,points_y,celltypes,phenotypes
21.9638,8.5866,proTumourMacrophage,0.7558333333332667
22.0083,7.97991,proTumourMacrophage,0.7192499999999374
26.5803,7.32184,proTumourMacrophage,0.7203333333332707
24.6549,17.9021,proTumourMacrophage,0.7046666666666057
15.9345,14.8958,proTumourMacrophage,0.7091666666666052
22.8398,22.9365,proTumourMacrophage,0.5563333333332887
22.45,21.2644,proTumourMacrophage,0.5068333333332942
