points_x,points_y,celltypes,phenotypes
25.6874,6.29923,proTumourMacrophage,0.8066666666665945
21.5385,7.53444,proTumourMacrophage,0.7172499999999377
22.472,8.47906,proTumourMacrophage,0.8206666666665929
22.4682,7.53301,proTumourMacrophage,0.8943333333332515
21.1113,7.96442,proTumourMacrophage,0.7672499999999322
24.4276,6.51006,proTumourMacrophage,0.7809166666665973
21.7954,9.42628,proTumourMacrophage,0.7312499999999361
21.9951,7.29139,proTumourMacrophage,0.8171666666665933
21.9519,8.78669,proTumourMacrophage,0.7359999999999356
25.6407,6.82106,proTumourMacrophage,0.7939999999999292
35.1214,11.1482,proTumourMacrophage,0.8079999999999277
21.4031,8.59146,proTumourMacrophage,0.8529999999999227
21.6843,8.199,proTumourMacrophage,0.8392499999999242
25.003,6.50095,proTumourMacrophage,0.820416666666593
21.9773,7.96214,proTumourMacrophage,0.8639166666665882
34.9111,10.6613,proTumourMacrophage,0.8311666666665918
24.6745,7.33216,proTumourMacrophage,0.8520833333332561
25.3669,7.37734,proTumourMacrophage,0.8559999999999224
22.3964,7.99682,proTumourMacrophage,0.8870833333332523
24.9828,6.98445,proTumourMacrophage,0.8244166666665925
24.9707,8.20644,proTumourMacrophage,0.8581666666665888
33.6673,11.2621,proTumourMacrophage,0.831749999999925
23.1803,8.80411,proTumourMacrophage,0.9373333333332468
22.6982,19.9692,proTumourMacrophage,0.7089999999999386
24.2589,16.1556,proTumourMacrophage,0.9036666666665838
22.6734,15.1594,proTumourMacrophage,0.7244166666666035
24.7222,14.3834,proTumourMacrophage,0.7834999999999304
27.5497,23.4401,proTumourMacrophage,0.629666666666614
23.5174,24.2368,proTumourMacrophage,0.5392499999999573
26.2038,21.944,proTumourMacrophage,0.5214999999999592
