points_x,points_y,celltypes,phenotypes
37.9785,38.2148,proTumourMacrophage,0.6564999999999444
33.3365,39.7027,proTumourMacrophage,0.6093333333332829
34.1526,37.9072,proTumourMacrophage,0.6650833333332767
29.227,31.2111,proTumourMacrophage,0.6103333333332828
30.4395,29.2672,proTumourMacrophage,0.5984166666666174
28.134,28.2798,proTumourMacrophage,0.5985833333332841
24.1471,28.8919,proTumourMacrophage,0.6163333333332821
28.6532,24.1968,proTumourMacrophage,0.5277499999999585
25.2661,21.5203,proTumourMacrophage,0.5317499999999581
