points_x,points_y,celltypes,phenotypes
21.8305,11.52,proTumourMacrophage,0.6694999999999429
27.5743,13.574,proTumourMacrophage,0.7617499999999328
20.5054,14.2616,proTumourMacrophage,0.7044166666666057
23.3209,22.507,proTumourMacrophage,0.6284166666666141
24.9762,22.3176,proTumourMacrophage,0.6469166666666121
25.9431,17.9928,proTumourMacrophage,0.7241666666666036
21.3409,17.9176,proTumourMacrophage,0.6838333333332747
22.6655,20.2421,proTumourMacrophage,0.6119999999999493
