points_x,points_y,celltypes,phenotypes
11.6508,11.6769,proTumourMacrophage,0.853583333333256
11.0236,13.0358,proTumourMacrophage,0.8267499999999256
11.6481,12.4523,proTumourMacrophage,0.8128333333332605
12.5226,12.0144,proTumourMacrophage,0.8136666666665937
12.1146,11.6368,proTumourMacrophage,0.8497499999999231
36.0051,7.00486,proTumourMacrophage,0.7820833333332639
11.9194,14.0117,proTumourMacrophage,0.7969999999999289
12.996,12.0066,proTumourMacrophage,0.8286666666665921
13.4145,11.2484,proTumourMacrophage,0.87724999999992
12.7132,11.0639,proTumourMacrophage,0.8195833333332597
11.519,13.0278,proTumourMacrophage,0.8504166666665897
11.9723,13.0164,proTumourMacrophage,0.8549999999999225
11.9945,13.5454,proTumourMacrophage,0.8334166666665915
27.9988,7.99745,proTumourMacrophage,0.8225833333332594
3.98218,18.9919,proTumourMacrophage,0.814249999999927
12.3702,13.0111,proTumourMacrophage,0.8824999999999195
2.02917,27.9789,proTumourMacrophage,0.8501666666665897
13.0248,11.5253,proTumourMacrophage,0.8830833333332527
14.0779,11.6824,proTumourMacrophage,0.8457499999999235
12.9833,12.4114,proTumourMacrophage,0.8964999999999179
13.1877,13.2221,proTumourMacrophage,0.9582499999999112
15.5047,11.9442,proTumourMacrophage,0.8463333333332568
14.8446,14.8973,proTumourMacrophage,0.8575833333332555
24.3655,14.8857,proTumourMacrophage,0.7915833333332628
26.3035,19.0225,proTumourMacrophage,0.7694999999999319
15.7275,21.5319,proTumourMacrophage,0.7234166666666036
18.4639,16.4046,proTumourMacrophage,0.7553333333332668
17.6886,26.7379,proTumourMacrophage,0.7337499999999358
16.3191,24.6679,proTumourMacrophage,0.7191666666666041
18.1839,23.2158,proTumourMacrophage,0.7072499999999388
18.585,20.9175,proTumourMacrophage,0.6970833333332732
23.203,18.336,proTumourMacrophage,0.6889166666666074
21.1382,20.7949,proTumourMacrophage,0.5971666666666176
22.7799,20.7943,proTumourMacrophage,0.5645833333332878
21.3195,19.2558,proTumourMacrophage,0.5462499999999565
22.3587,20.3485,proTumourMacrophage,0.5961666666666177
20.5228,21.5363,proTumourMacrophage,0.5185833333332929
