points_x,points_y,celltypes,phenotypes
7.19416,25.1689,proTumourMacrophage,0.671583333333276
7.67425,25.6787,proTumourMacrophage,0.7974166666665955
8.08564,26.066,proTumourMacrophage,0.7953333333332624
8.60562,26.6066,proTumourMacrophage,0.7754999999999312
11.9545,28.7856,proTumourMacrophage,0.7624166666665994
15.0491,28.2001,proTumourMacrophage,0.6701666666666095
15.7585,26.342,proTumourMacrophage,0.7117499999999383
26.1045,18.8525,proTumourMacrophage,0.6908333333332739
19.8118,26.1046,proTumourMacrophage,0.6513333333332783
17.3797,25.5358,proTumourMacrophage,0.7338333333332692
21.7566,26.1404,proTumourMacrophage,0.6033333333332835
20.7832,24.9968,proTumourMacrophage,0.5822499999999525
21.7372,23.3419,proTumourMacrophage,0.6176666666666153
26.4395,21.5265,proTumourMacrophage,0.5110833333332937
20.7349,24.1105,proTumourMacrophage,0.5869166666666187
