points_x,points_y,celltypes,phenotypes
5.97162,32.997,proTumourMacrophage,0.8284166666665921
14.0234,39.6381,proTumourMacrophage,0.8169166666665933
14.6355,39.012,proTumourMacrophage,0.8794999999999198
24.0019,44.9824,proTumourMacrophage,0.7878333333332632
5.99264,32.2917,proTumourMacrophage,0.8456666666665902
10.8962,38.895,proTumourMacrophage,0.8573333333332556
13.9966,38.2963,proTumourMacrophage,0.8742499999999204
14.0078,38.9923,proTumourMacrophage,0.8685833333332543
11.234,39.2688,proTumourMacrophage,0.8666666666665879
6.54781,32.9924,proTumourMacrophage,0.8361666666665912
13.4703,39.0126,proTumourMacrophage,0.9048333333332504
11.5066,38.5214,proTumourMacrophage,0.8446666666665903
12.7923,39.0086,proTumourMacrophage,0.8851666666665858
7.93849,33.006,proTumourMacrophage,0.8524999999999228
13.2522,34.9621,proTumourMacrophage,0.8635833333332549
10.5429,31.5173,proTumourMacrophage,0.8523333333332561
15.031,34.3964,proTumourMacrophage,0.8646666666665881
15.9541,32.6118,proTumourMacrophage,0.8357499999999246
13.3359,32.1414,proTumourMacrophage,0.8352499999999247
15.4724,30.8496,proTumourMacrophage,0.7917499999999295
18.6948,30.4697,proTumourMacrophage,0.7233333333332703
16.8478,29.1514,proTumourMacrophage,0.7449999999999346
20.1965,25.7664,proTumourMacrophage,0.6079166666666164
24.5598,27.5595,proTumourMacrophage,0.565416666666621
19.2931,28.5704,proTumourMacrophage,0.5284999999999584
22.0175,24.0421,proTumourMacrophage,0.5272499999999586
21.2887,26.4025,proTumourMacrophage,0.5130833333332935
23.0196,23.9257,proTumourMacrophage,0.5252499999999588
25.7524,28.2742,proTumourMacrophage,0.5239999999999589
