points_x,points_y,celltypes,phenotypes
19.0256,8.95374,proTumourMacrophage,0.6759999999999422
18.2384,9.60205,proTumourMacrophage,0.6965833333332733
15.3678,13.6625,proTumourMacrophage,0.6704166666666095
10.4326,32.0069,proTumourMacrophage,0.6939166666666069
20.9519,12.7768,proTumourMacrophage,0.6216666666666149
18.2084,11.2018,proTumourMacrophage,0.6980833333332731
21.5536,32.2241,proTumourMacrophage,0.5911666666666182
16.9013,20.136,proTumourMacrophage,0.6378333333332797
19.7318,11.5216,proTumourMacrophage,0.6686666666666097
15.4875,29.6354,proTumourMacrophage,0.6636666666666102
19.3092,10.1386,proTumourMacrophage,0.6938333333332736
25.2869,33.503,proTumourMacrophage,0.5809999999999527
23.1553,34.7475,proTumourMacrophage,0.6205833333332816
29.7096,24.9306,proTumourMacrophage,0.5159166666666265
