points_x,points_y,celltypes,phenotypes
21.4219,41.9857,proTumourMacrophage,0.7515833333332672
10.6973,26.3034,proTumourMacrophage,0.7335833333332692
10.4325,24.1491,proTumourMacrophage,0.7748333333332647
