points_x,points_y,celltypes,phenotypes
37.977,11.0048,proTumourMacrophage,0.8868333333332523
30.528,17.3266,proTumourMacrophage,0.8587499999999221
29.4092,21.3576,proTumourMacrophage,0.7804166666665974
26.7726,21.9944,proTumourMacrophage,0.6745833333332757
27.0917,23.8392,proTumourMacrophage,0.5624166666666214
26.0286,25.4967,proTumourMacrophage,0.5583333333332885
