points_x,points_y,celltypes,phenotypes
37.0789,24.9005,proTumourMacrophage,0.6246666666666145
34.5497,22.8727,proTumourMacrophage,0.5732499999999535
34.7176,19.348,proTumourMacrophage,0.6528333333332781
32.0478,25.1694,proTumourMacrophage,0.662333333333277
