points_x,points_y,celltypes,phenotypes
6.99512,18.9795,proTumourMacrophage,0.8657499999999213
12.0989,22.3156,proTumourMacrophage,0.898833333333251
24.0034,23.5375,proTumourMacrophage,0.5804999999999527
