points_x,points_y,celltypes,phenotypes
40.0018,13.0388,proTumourMacrophage,0.5053333333332943
19.998,6.99579,proTumourMacrophage,0.6038333333332835
15.0397,9.97119,proTumourMacrophage,0.5074166666666274
21.1955,13.2275,proTumourMacrophage,0.5240833333332923
30.7721,33.3313,proTumourMacrophage,0.5123333333332936
7.00115,26.9923,proTumourMacrophage,0.5307499999999582
34.0449,33.4296,proTumourMacrophage,0.523249999999959
9.56803,23.8189,proTumourMacrophage,0.5350833333332911
