points_x,points_y,celltypes,phenotypes
37.0087,37.9861,proTumourMacrophage,0.6852499999999412
32.984,43.0162,proTumourMacrophage,0.7489166666666008
27.9938,5.03259,proTumourMacrophage,0.6504166666666117
33.0115,42.3612,proTumourMacrophage,0.7209999999999372
21.0055,6.33631,proTumourMacrophage,0.7107499999999384
27.7709,33.2702,proTumourMacrophage,0.7500833333332674
19.8403,10.8783,proTumourMacrophage,0.7179999999999376
29.8082,21.961,proTumourMacrophage,0.6562499999999444
25.2965,16.8571,proTumourMacrophage,0.7043333333332724
27.336,23.3103,proTumourMacrophage,0.5550833333332889
