points_x,points_y,celltypes,phenotypes
24.5268,22.3092,proTumourMacrophage,0.883416666666586
18.9151,24.2839,proTumourMacrophage,0.8971666666665845
22.8746,23.5272,proTumourMacrophage,0.5789999999999529
