points_x,points_y,celltypes,phenotypes
40.9842,18.9963,proTumourMacrophage,0.7735833333332648
41.0782,21.2073,proTumourMacrophage,0.7668333333332655
37.5502,22.0847,proTumourMacrophage,0.7766666666665978
25.3381,18.032,proTumourMacrophage,0.7642499999999325
