points_x,points_y,celltypes,phenotypes
13.0059,12.0007,proTumourMacrophage,0.771833333333265
12.4151,12.0185,proTumourMacrophage,0.7709166666665984
13.6087,12.0131,proTumourMacrophage,0.8116666666665939
18.9744,8.84147,proTumourMacrophage,0.7914166666665962
19.3227,9.23402,proTumourMacrophage,0.7979166666665954
18.5941,9.36998,proTumourMacrophage,0.8209166666665929
9.84524,28.083,proTumourMacrophage,0.799083333333262
18.4278,11.2311,proTumourMacrophage,0.8584999999999221
17.8514,15.5267,proTumourMacrophage,0.8299999999999252
19.9552,18.8217,proTumourMacrophage,0.7098333333332718
22.0561,16.2813,proTumourMacrophage,0.749999999999934
18.6697,22.132,proTumourMacrophage,0.6696666666666096
22.9595,20.7644,proTumourMacrophage,0.63583333333328
24.4824,20.5878,proTumourMacrophage,0.5004999999999615
