points_x,points_y,celltypes,phenotypes
30.3684,8.35328,proTumourMacrophage,0.7481666666666009
31.9812,6.99784,proTumourMacrophage,0.7394166666666019
36.0148,10.2957,proTumourMacrophage,0.780583333333264
30.1057,8.95179,proTumourMacrophage,0.8164166666665934
31.0217,8.96543,proTumourMacrophage,0.8389999999999243
31.6535,8.34807,proTumourMacrophage,0.8472499999999233
37.0065,10.9866,proTumourMacrophage,0.8371666666665911
31.0049,8.33928,proTumourMacrophage,0.8704999999999208
41.9876,25.9944,proTumourMacrophage,0.7669166666665989
30.6583,9.21657,proTumourMacrophage,0.841249999999924
31.6647,9.60023,proTumourMacrophage,0.8342499999999248
36.0238,11.5347,proTumourMacrophage,0.8270833333332589
31.0776,9.56669,proTumourMacrophage,0.9605833333332442
36.4466,10.9815,proTumourMacrophage,0.8506666666665896
30.2684,9.69006,proTumourMacrophage,0.900916666666584
35.1069,11.0096,proTumourMacrophage,0.96874999999991
31.5521,8.92505,proTumourMacrophage,0.8587499999999221
36.0058,10.9734,proTumourMacrophage,0.8247499999999258
35.5351,10.9783,proTumourMacrophage,0.93691666666658
35.9915,11.9552,proTumourMacrophage,0.8099999999999274
39.8073,15.2965,proTumourMacrophage,0.8427499999999238
35.9442,13.2792,proTumourMacrophage,0.8484999999999232
30.2329,24.7553,proTumourMacrophage,0.6672499999999432
24.4059,21.2065,proTumourMacrophage,0.6319166666666137
31.0537,18.9637,proTumourMacrophage,0.7009999999999394
26.3571,26.1275,proTumourMacrophage,0.5461666666666232
28.8753,18.713,proTumourMacrophage,0.6363333333332799
28.9557,20.6301,proTumourMacrophage,0.6288333333332807
26.7559,20.9737,proTumourMacrophage,0.6401666666666128
27.1955,23.8265,proTumourMacrophage,0.5769166666666198
30.3203,21.3218,proTumourMacrophage,0.6505833333332783
28.4685,26.5195,proTumourMacrophage,0.5422499999999569
26.0963,22.8348,proTumourMacrophage,0.5642499999999545
27.9997,20.2426,proTumourMacrophage,0.5182499999999596
