points_x,points_y,celltypes,phenotypes
3.02237,20.9819,proTumourMacrophage,0.5511666666666226
10.4256,34.8134,proTumourMacrophage,0.6393333333332796
20.0463,10.3218,proTumourMacrophage,0.6279999999999475
27.9679,6.02363,proTumourMacrophage,0.5339166666666245
26.5969,8.01548,proTumourMacrophage,0.6943333333332735
18.7512,34.446,proTumourMacrophage,0.5749999999999533
32.6481,17.7682,proTumourMacrophage,0.5167499999999597
28.5723,11.4081,proTumourMacrophage,0.6357499999999466
9.00242,16.2842,proTumourMacrophage,0.5238333333332923
