points_x,points_y,celltypes,phenotypes
23.1996,7.20743,proTumourMacrophage,0.8633333333332549
39.0098,7.99241,proTumourMacrophage,0.835333333333258
23.1651,7.97404,proTumourMacrophage,0.8966666666665846
23.5035,8.5481,proTumourMacrophage,0.8994999999999176
23.6689,7.66699,proTumourMacrophage,0.9390833333332466
24.0118,7.98998,proTumourMacrophage,0.9459166666665793
24.2603,8.25106,proTumourMacrophage,1.0
23.9029,7.14561,proTumourMacrophage,1.0
24.5327,7.48267,proTumourMacrophage,1.0
28.3755,11.4317,proTumourMacrophage,0.8400833333332575
26.8448,13.1054,proTumourMacrophage,0.8119999999999272
29.8127,16.0772,proTumourMacrophage,0.7519999999999338
27.3356,16.398,proTumourMacrophage,0.6647499999999434
25.6293,17.0305,proTumourMacrophage,0.7398333333332685
23.4755,16.785,proTumourMacrophage,0.7650833333332657
29.3565,18.2862,proTumourMacrophage,0.7462499999999345
25.2947,19.3164,proTumourMacrophage,0.629916666666614
27.2235,18.7412,proTumourMacrophage,0.5899999999999517
27.3699,20.1375,proTumourMacrophage,0.5955833333332844
