points_x,points_y,celltypes,phenotypes
28.008,5.00265,proTumourMacrophage,0.6570833333332776
9.43432,32.9889,proTumourMacrophage,0.7238333333332703
5.98152,16.014,proTumourMacrophage,0.6493333333332785
9.15005,32.4843,proTumourMacrophage,0.6702499999999428
10.5885,32.9987,proTumourMacrophage,0.6370833333332798
10.2893,31.7192,proTumourMacrophage,0.6040833333332835
9.99814,33.649,proTumourMacrophage,0.6366666666666132
9.54853,31.7962,proTumourMacrophage,0.6749999999999423
15.9921,6.00955,proTumourMacrophage,0.6019999999999504
17.0936,7.05987,proTumourMacrophage,0.6121666666666159
10.7693,32.2749,proTumourMacrophage,0.6529166666666114
10.0163,32.4151,proTumourMacrophage,0.7156666666666045
12.7897,12.5055,proTumourMacrophage,0.5855833333332855
19.9745,3.96088,proTumourMacrophage,0.6534999999999447
10.0112,33.0028,proTumourMacrophage,0.6303333333332806
11.2428,33.0205,proTumourMacrophage,0.595749999999951
11.1209,30.763,proTumourMacrophage,0.553833333333289
