points_x,points_y,celltypes,phenotypes
7.99899,33.0309,proTumourMacrophage,0.7906666666665962
16.1628,37.9779,proTumourMacrophage,0.8010833333332618
19.2225,28.1449,proTumourMacrophage,0.8077499999999277
21.0906,29.4494,proTumourMacrophage,0.7685833333332653
22.3396,25.75,proTumourMacrophage,0.6209999999999483
