points_x,points_y,celltypes,phenotypes
11.8355,36.9768,proTumourMacrophage,0.7032499999999392
11.9975,36.3194,proTumourMacrophage,0.7033333333332725
12.3145,36.9967,proTumourMacrophage,0.6856666666666078
12.8928,37.0167,proTumourMacrophage,0.7160833333332711
13.945,35.9027,proTumourMacrophage,0.7179999999999376
23.1068,28.0856,proTumourMacrophage,0.5317499999999581
