points_x,points_y,celltypes,phenotypes
7.98434,26.0046,proTumourMacrophage,0.7983333333332621
9.61626,25.9128,proTumourMacrophage,0.828916666666592
13.5087,26.9864,proTumourMacrophage,0.8373333333332578
22.8994,26.0076,proTumourMacrophage,0.5051666666666277
20.869,26.205,proTumourMacrophage,0.557166666666622
