points_x,points_y,celltypes,phenotypes
11.9919,36.0065,proTumourMacrophage,0.8525833333332561
18.8118,29.2004,proTumourMacrophage,0.78699999999993
20.6452,28.6724,proTumourMacrophage,0.7702499999999318
20.5562,27.1842,proTumourMacrophage,0.7364999999999355
23.4627,24.3953,proTumourMacrophage,0.5394999999999572
23.7923,26.2464,proTumourMacrophage,0.5010833333332948
