points_x,points_y,celltypes,phenotypes
43.0236,26.9898,proTumourMacrophage,0.6313333333332805
22.3411,42.8901,proTumourMacrophage,0.5981666666666174
25.5926,8.96316,proTumourMacrophage,0.6186666666666152
13.1602,18.0631,proTumourMacrophage,0.5928333333332847
15.2533,31.1677,proTumourMacrophage,0.7272499999999366
17.1474,35.5579,proTumourMacrophage,0.5767499999999531
13.7497,31.0388,proTumourMacrophage,0.5342499999999578
41.578,26.6538,proTumourMacrophage,0.5987499999999507
14.7025,27.3119,proTumourMacrophage,0.5149166666666266
