points_x,points_y,celltypes,phenotypes
26.6957,30.0612,proTumourMacrophage,0.7117499999999383
42.0232,28.9648,proTumourMacrophage,0.7545833333332669
31.0201,40.9527,proTumourMacrophage,0.6772499999999421
7.49643,27.1598,proTumourMacrophage,0.6313333333332805
33.0711,36.8936,proTumourMacrophage,0.599583333333284
26.6609,32.1748,proTumourMacrophage,0.6276666666666142
32.0323,33.4921,proTumourMacrophage,0.6874166666666076
16.9181,25.3913,proTumourMacrophage,0.6354166666666133
27.8365,26.874,proTumourMacrophage,0.5512499999999559
