points_x,points_y,celltypes,phenotypes
12.668,23.9039,proTumourMacrophage,0.6584999999999441
13.8208,16.6413,proTumourMacrophage,0.7189166666666041
17.1787,29.9596,proTumourMacrophage,0.7132499999999381
22.5362,27.1489,proTumourMacrophage,0.5434166666666235
15.604,30.2442,proTumourMacrophage,0.7226666666666037
18.4754,25.7069,proTumourMacrophage,0.7511666666666006
15.4382,26.1468,proTumourMacrophage,0.6316666666666138
24.6529,26.8271,proTumourMacrophage,0.5168333333332931
24.604,24.3894,proTumourMacrophage,0.6194999999999484
