points_x,points_y,celltypes,phenotypes
41.0615,37.5617,proTumourMacrophage,0.9000833333332509
44.2969,33.7101,proTumourMacrophage,0.895749999999918
44.7215,33.286,proTumourMacrophage,0.9216666666665818
40.9869,36.9884,proTumourMacrophage,0.9190833333332488
44.6345,28.7171,proTumourMacrophage,0.9034999999999171
43.6111,34.4244,proTumourMacrophage,0.9560833333332448
44.0271,34.029,proTumourMacrophage,0.9192499999999154
45.2554,28.758,proTumourMacrophage,0.914249999999916
44.9832,29.3156,proTumourMacrophage,0.9495833333332454
41.4534,36.556,proTumourMacrophage,0.9706666666665764
40.5664,36.5629,proTumourMacrophage,0.9517499999999118
42.6906,35.2745,proTumourMacrophage,0.9698333333332432
46.9952,32.9806,proTumourMacrophage,0.9634166666665772
43.5301,33.495,proTumourMacrophage,0.9691666666665766
37.261,33.4581,proTumourMacrophage,0.931749999999914
37.6987,30.9651,proTumourMacrophage,0.8764999999999201
31.5247,27.3955,proTumourMacrophage,0.7237499999999369
30.354,28.2554,proTumourMacrophage,0.6956666666666067
29.4811,25.0325,proTumourMacrophage,0.6402499999999461
27.0449,27.604,proTumourMacrophage,0.5644999999999545
27.6225,26.9818,proTumourMacrophage,0.5395833333332906
28.8136,26.5389,proTumourMacrophage,0.5541666666666223
