points_x,points_y,celltypes,phenotypes
7.86937,17.2628,proTumourMacrophage,0.7404166666666018
6.46721,24.0124,proTumourMacrophage,0.7230833333332704
8.31074,17.6804,proTumourMacrophage,0.7560833333332667
8.74996,17.304,proTumourMacrophage,0.7000833333332729
11.8875,15.0186,proTumourMacrophage,0.7330833333332692
7.70578,18.3285,proTumourMacrophage,0.6896666666666074
11.4097,14.5659,proTumourMacrophage,0.8859166666665858
7.26217,17.748,proTumourMacrophage,0.7273333333332699
10.5441,14.6722,proTumourMacrophage,0.7831666666665971
7.30127,18.6913,proTumourMacrophage,0.7696666666665986
10.9954,15.945,proTumourMacrophage,0.699083333333273
8.42882,18.453,proTumourMacrophage,0.7938333333332626
6.98106,23.9986,proTumourMacrophage,0.9417499999999128
11.035,15.0004,proTumourMacrophage,0.7582499999999331
11.4885,15.4861,proTumourMacrophage,0.7939166666665959
8.00106,17.9919,proTumourMacrophage,0.8662499999999212
10.7085,15.3178,proTumourMacrophage,0.7802499999999307
7.45614,23.9798,proTumourMacrophage,0.7117499999999383
13.9554,38.0092,proTumourMacrophage,0.7269999999999366
8.03439,18.9757,proTumourMacrophage,0.7771666666665977
9.80334,16.2193,proTumourMacrophage,0.768249999999932
8.02766,23.9816,proTumourMacrophage,0.8237499999999259
10.3182,15.6435,proTumourMacrophage,0.8292499999999253
21.2243,24.6304,proTumourMacrophage,0.7818333333332639
12.6637,16.8501,proTumourMacrophage,0.8119166666665939
8.82034,18.0258,proTumourMacrophage,0.7932499999999293
17.0978,25.0406,proTumourMacrophage,0.6853333333332745
10.0712,23.7269,proTumourMacrophage,0.768749999999932
21.3697,23.2202,proTumourMacrophage,0.6402499999999461
17.8212,19.9032,proTumourMacrophage,0.720166666666604
18.5163,21.3986,proTumourMacrophage,0.6854999999999412
15.9249,19.5974,proTumourMacrophage,0.7303333333332696
13.939,20.1336,proTumourMacrophage,0.6757499999999422
