points_x,points_y,celltypes,phenotypes
16.8785,14.8592,proTumourMacrophage,0.7464166666666011
16.4163,18.8644,proTumourMacrophage,0.8006666666665951
19.3846,16.6426,proTumourMacrophage,0.7921666666665961
20.815,20.8866,proTumourMacrophage,0.7046666666666057
21.5673,22.5797,proTumourMacrophage,0.6414166666666127
22.0683,24.5908,proTumourMacrophage,0.5879166666666186
