points_x,points_y,celltypes,phenotypes
33.5802,29.0493,proTumourMacrophage,0.7469166666666011
23.371,15.0337,proTumourMacrophage,0.7179999999999376
32.2041,24.6063,proTumourMacrophage,0.6938333333332736
28.9781,26.5707,proTumourMacrophage,0.708083333333272
30.3184,22.0674,proTumourMacrophage,0.7134999999999381
28.6788,24.1717,proTumourMacrophage,0.6531666666666114
25.8619,21.4149,proTumourMacrophage,0.5884999999999518
