points_x,points_y,celltypes,phenotypes
37.9796,36.9691,proTumourMacrophage,0.6754999999999423
37.9575,36.2227,proTumourMacrophage,0.7035833333332725
8.00026,28.9963,proTumourMacrophage,0.7520833333332672
7.95671,29.5853,proTumourMacrophage,0.7489999999999342
8.58757,29.795,proTumourMacrophage,0.6914166666666072
9.22538,30.1289,proTumourMacrophage,0.6454166666666122
7.78462,30.1736,proTumourMacrophage,0.7467499999999344
7.87689,30.8871,proTumourMacrophage,0.681083333333275
8.4218,30.3965,proTumourMacrophage,0.711416666666605
8.81599,30.8198,proTumourMacrophage,0.6942499999999402
33.3944,31.949,proTumourMacrophage,0.5912499999999515
