points_x,points_y,celltypes,phenotypes
41.5547,18.4693,proTumourMacrophage,0.8187499999999265
30.2652,21.2387,proTumourMacrophage,0.8071666666665944
27.9389,21.7018,proTumourMacrophage,0.7494166666666008
28.7421,23.8791,proTumourMacrophage,0.710916666666605
