points_x,points_y,celltypes,phenotypes
28.349,12.235,proTumourMacrophage,0.6157499999999488
35.0141,39.0166,proTumourMacrophage,0.5494166666666228
35.0065,33.7574,proTumourMacrophage,0.5559999999999554
15.1653,20.9666,proTumourMacrophage,0.5212499999999592
