points_x,points_y,celltypes,phenotypes
24.9893,4.98774,proTumourMacrophage,0.7470833333332677
24.5676,41.4284,proTumourMacrophage,0.7323333333332693
25.5412,38.2391,proTumourMacrophage,0.7090833333332719
29.4468,29.1675,proTumourMacrophage,0.7323333333332693
27.1839,29.5839,proTumourMacrophage,0.6986666666666064
26.443,21.5506,proTumourMacrophage,0.5886666666666185
22.9416,26.6235,proTumourMacrophage,0.5544999999999556
22.5992,23.3061,proTumourMacrophage,0.5694166666666206
24.6582,26.9946,proTumourMacrophage,0.526083333333292
