points_x,points_y,celltypes,phenotypes
24.7661,20.4478,proTumourMacrophage,0.7577499999999332
25.7673,23.2619,proTumourMacrophage,0.5744166666666201
26.1339,24.95,proTumourMacrophage,0.5425833333332902
25.0491,23.8216,proTumourMacrophage,0.5174166666666263
23.1264,24.6473,proTumourMacrophage,0.5172499999999597
