points_x,points_y,celltypes,phenotypes
2.98201,15.0278,proTumourMacrophage,0.8456666666665902
21.0075,7.97659,proTumourMacrophage,0.862083333333255
12.0083,12.0116,proTumourMacrophage,0.84691666666659
14.8238,21.6082,proTumourMacrophage,0.8198333333332597
20.467,24.2882,proTumourMacrophage,0.6089999999999496
