points_x,points_y,celltypes,phenotypes
27.7993,22.3611,proTumourMacrophage,0.5918333333332848
30.4966,22.1013,proTumourMacrophage,0.7126666666666048
27.5112,24.5814,proTumourMacrophage,0.60549999999995
