points_x,points_y,celltypes,phenotypes
41.775,16.1294,proTumourMacrophage,0.9778333333332424
44.4266,17.541,proTumourMacrophage,0.8250833333332591
41.5299,22.4082,proTumourMacrophage,0.7943333333332625
41.081,16.4301,proTumourMacrophage,0.9015833333332508
44.0251,19.5825,proTumourMacrophage,0.8192499999999264
38.012,9.97943,proTumourMacrophage,0.8099166666665941
42.0083,21.9932,proTumourMacrophage,0.8160833333332601
40.6076,16.5968,proTumourMacrophage,0.96749999999991
44.4788,19.0004,proTumourMacrophage,0.9005833333332508
40.2639,16.2354,proTumourMacrophage,0.8972499999999178
41.3639,17.364,proTumourMacrophage,1.0
41.5898,16.9804,proTumourMacrophage,1.0
7.9893,25.0065,proTumourMacrophage,0.8409166666665907
8.02585,26.9755,proTumourMacrophage,0.8514166666665895
44.9564,18.99,proTumourMacrophage,0.8434166666665904
43.9983,18.368,proTumourMacrophage,0.926083333333248
40.7265,16.9945,proTumourMacrophage,1.0
41.4347,16.5725,proTumourMacrophage,1.0
45.4191,16.5659,proTumourMacrophage,0.9008333333332508
41.5717,21.5219,proTumourMacrophage,0.8346666666665914
41.0051,17.4185,proTumourMacrophage,1.0
45.0783,16.9215,proTumourMacrophage,0.9323333333332472
37.9914,10.635,proTumourMacrophage,0.838416666666591
44.8243,17.1793,proTumourMacrophage,1.0
43.9821,18.9738,proTumourMacrophage,1.0
39.7115,16.9944,proTumourMacrophage,1.0
41.7662,17.6691,proTumourMacrophage,0.9924999999999072
43.4177,19.0203,proTumourMacrophage,0.9844166666665748
40.631,18.4191,proTumourMacrophage,0.9231666666665816
37.582,18.7866,proTumourMacrophage,0.8450833333332569
35.3131,19.5333,proTumourMacrophage,0.8537499999999226
32.3099,19.2781,proTumourMacrophage,0.8154166666665935
19.1963,23.9328,proTumourMacrophage,0.7626666666665993
30.7619,21.0643,proTumourMacrophage,0.7348333333332691
27.7286,22.9715,proTumourMacrophage,0.6712499999999427
29.2426,23.6284,proTumourMacrophage,0.6458333333332789
25.331,22.8651,proTumourMacrophage,0.6325833333332803
25.6634,22.1522,proTumourMacrophage,0.6098333333332828
23.5789,22.6603,proTumourMacrophage,0.5084999999999607
27.0694,25.0043,proTumourMacrophage,0.5464166666666231
27.9909,21.844,proTumourMacrophage,0.5413333333332904
