points_x,points_y,celltypes,phenotypes
20.0176,43.0064,proTumourMacrophage,0.7574999999999332
19.0019,41.9909,proTumourMacrophage,0.799083333333262
33.9862,39.9791,proTumourMacrophage,0.8436666666665904
31.4669,29.247,proTumourMacrophage,0.762333333333266
29.8604,34.9686,proTumourMacrophage,0.7852499999999302
