points_x,points_y,celltypes,phenotypes
36.3924,20.3999,proTumourMacrophage,0.5769999999999531
12.012,36.8717,proTumourMacrophage,0.7404999999999351
23.2244,36.2814,proTumourMacrophage,0.719916666666604
29.2498,27.9515,proTumourMacrophage,0.5299999999999583
