points_x,points_y,celltypes,phenotypes
41.9809,12.9915,proTumourMacrophage,0.7493333333332675
34.9298,11.3627,proTumourMacrophage,0.7617499999999328
19.0406,27.5384,proTumourMacrophage,0.7241666666666036
22.3834,23.5755,proTumourMacrophage,0.5539999999999556
