points_x,points_y,celltypes,phenotypes
34.8757,38.0923,proTumourMacrophage,1.0
25.8042,29.7624,proTumourMacrophage,0.9902499999999076
22.3538,30.8765,proTumourMacrophage,1.0
21.9651,25.5745,proTumourMacrophage,0.948999999999912
23.2086,26.3591,proTumourMacrophage,0.5923333333332848
