points_x,points_y,celltypes,phenotypes
9.17328,18.981,proTumourMacrophage,0.804499999999928
18.9598,26.5043,proTumourMacrophage,0.7214166666666039
18.3656,31.3744,proTumourMacrophage,0.7799999999999307
20.545,17.8448,proTumourMacrophage,0.750249999999934
19.5259,23.4631,proTumourMacrophage,0.6963333333332733
22.5181,24.341,proTumourMacrophage,0.5299999999999583
