points_x,points_y,celltypes,phenotypes
13.9826,11.9991,proTumourMacrophage,0.7434166666666014
14.0088,13.1452,proTumourMacrophage,0.8149999999999269
8.00054,24.9858,proTumourMacrophage,0.7276666666666032
18.5217,21.1496,proTumourMacrophage,0.7014166666666061
21.8082,20.1124,proTumourMacrophage,0.6549999999999445
