points_x,points_y,celltypes,phenotypes
8.00592,27.9925,proTumourMacrophage,0.7112499999999383
19.015,42.9976,proTumourMacrophage,0.699333333333273
22.0051,43.0144,proTumourMacrophage,0.7116666666666049
17.0247,41.0048,proTumourMacrophage,0.7006666666666062
18.2652,32.0355,proTumourMacrophage,0.7144166666666046
26.1281,28.1475,proTumourMacrophage,0.6195833333332817
19.4374,27.1708,proTumourMacrophage,0.6234166666666147
22.2304,25.4836,proTumourMacrophage,0.602416666666617
22.3937,27.285,proTumourMacrophage,0.5278333333332919
