points_x,points_y,celltypes,phenotypes
20.5757,6.55753,proTumourMacrophage,0.8555833333332558
13.0074,9.36672,proTumourMacrophage,0.925583333333248
35.3278,8.57079,proTumourMacrophage,0.8863333333332524
34.9607,9.04174,proTumourMacrophage,0.9442499999999128
10.0152,34.9918,proTumourMacrophage,0.9455833333332458
35.5396,9.50052,proTumourMacrophage,0.9107499999999163
34.5308,8.50642,proTumourMacrophage,0.8994999999999176
34.3479,10.4372,proTumourMacrophage,0.8657499999999213
13.9669,6.00678,proTumourMacrophage,0.9498333333332454
12.9909,9.9905,proTumourMacrophage,0.8548333333332558
33.486,9.48565,proTumourMacrophage,0.8802499999999197
34.9573,9.822,proTumourMacrophage,0.8979166666665844
36.0346,11.7001,proTumourMacrophage,0.9198333333332488
21.4202,6.51917,proTumourMacrophage,0.9847499999999082
34.0303,9.96322,proTumourMacrophage,0.8936666666665849
13.6906,10.0323,proTumourMacrophage,0.8304999999999252
16.0135,42.0237,proTumourMacrophage,0.9150833333332492
34.5118,9.48211,proTumourMacrophage,0.943333333333246
13.003,10.7599,proTumourMacrophage,0.9456666666665792
20.9892,7.01263,proTumourMacrophage,0.912749999999916
9.0281,16.9999,proTumourMacrophage,0.8688333333332543
35.486,11.0082,proTumourMacrophage,0.9281666666665812
9.0046,18.4565,proTumourMacrophage,0.8733333333332538
26.8819,13.3782,proTumourMacrophage,0.6234166666666147
20.4361,42.083,proTumourMacrophage,0.8619166666665884
32.9614,9.98742,proTumourMacrophage,0.8639166666665882
19.7802,7.75066,proTumourMacrophage,0.8911666666665852
21.9481,7.9454,proTumourMacrophage,0.8501666666665897
19.1108,36.8197,proTumourMacrophage,0.8374999999999244
13.9406,32.0654,proTumourMacrophage,0.8032499999999282
35.0283,13.0554,proTumourMacrophage,0.8071666666665944
20.255,19.7657,proTumourMacrophage,0.5959166666666177
32.5338,12.2994,proTumourMacrophage,0.8068333333332611
24.3572,13.8336,proTumourMacrophage,0.5451666666666233
25.6711,11.7665,proTumourMacrophage,0.7148333333332713
31.3496,14.3819,proTumourMacrophage,0.7684166666665987
30.0412,21.6042,proTumourMacrophage,0.6272499999999476
31.8758,17.5794,proTumourMacrophage,0.789833333333263
12.7598,28.201,proTumourMacrophage,0.7529166666666004
21.7766,12.7323,proTumourMacrophage,0.6393333333332796
19.7825,11.6784,proTumourMacrophage,0.780333333333264
21.8642,9.59644,proTumourMacrophage,0.7996666666665952
23.077,13.9689,proTumourMacrophage,0.5172499999999597
23.4858,11.4327,proTumourMacrophage,0.7039999999999391
