points_x,points_y,celltypes,phenotypes
18.0029,8.98483,proTumourMacrophage,0.7875833333332632
34.0118,10.0162,proTumourMacrophage,0.8041666666665948
14.4388,15.5038,proTumourMacrophage,0.8041666666665948
23.8644,21.6864,proTumourMacrophage,0.5300833333332916
25.4173,22.3243,proTumourMacrophage,0.6339166666666135
24.3021,23.6522,proTumourMacrophage,0.5145833333332933
