points_x,points_y,celltypes,phenotypes
42.5448,21.336,proTumourMacrophage,0.5292499999999584
8.98237,34.0001,proTumourMacrophage,0.5853333333332855
24.9979,41.9949,proTumourMacrophage,0.7234166666666036
8.00574,26.7238,proTumourMacrophage,0.6079166666666164
9.98648,38.0017,proTumourMacrophage,0.708083333333272
39.6603,32.0774,proTumourMacrophage,0.6312499999999471
17.2966,31.8648,proTumourMacrophage,0.6907499999999406
37.4657,28.3893,proTumourMacrophage,0.6939999999999402
9.16208,32.878,proTumourMacrophage,0.6316666666666138
23.0854,29.3565,proTumourMacrophage,0.6524166666666115
25.6639,28.5754,proTumourMacrophage,0.5034999999999612
21.8177,30.8956,proTumourMacrophage,0.5619166666666214
13.0424,27.6106,proTumourMacrophage,0.659999999999944
32.9821,24.6226,proTumourMacrophage,0.5464999999999565
19.2358,26.8197,proTumourMacrophage,0.54433333333329
