points_x,points_y,celltypes,phenotypes
38.0368,20.4416,proTumourMacrophage,0.8849999999999192
17.0489,22.831,proTumourMacrophage,0.7203333333332707
34.8885,19.361,proTumourMacrophage,0.9894999999999076
22.6851,18.2861,proTumourMacrophage,0.7629166666665993
26.5664,23.2687,proTumourMacrophage,0.6870833333332743
25.5831,20.9111,proTumourMacrophage,0.6590833333332774
