points_x,points_y,celltypes,phenotypes
41.6707,17.0224,proTumourMacrophage,0.7522499999999338
47.01,20.9794,proTumourMacrophage,0.9479166666665788
43.4285,29.0083,proTumourMacrophage,0.865416666666588
36.6093,21.5158,proTumourMacrophage,0.8218333333332595
44.9109,29.1124,proTumourMacrophage,0.7849166666665969
40.1493,20.5054,proTumourMacrophage,0.8813333333332529
29.8419,32.8232,proTumourMacrophage,0.759999999999933
34.5926,26.802,proTumourMacrophage,0.7929999999999293
31.8176,34.4093,proTumourMacrophage,0.8059166666665946
25.8927,23.7224,proTumourMacrophage,0.6591666666666107
32.6755,28.8081,proTumourMacrophage,0.6537499999999447
35.1437,28.3692,proTumourMacrophage,0.6477499999999453
31.2611,28.1093,proTumourMacrophage,0.9339166666665804
28.059,24.5438,proTumourMacrophage,0.5649999999999544
32.3574,27.1844,proTumourMacrophage,0.5702499999999538
30.8267,29.5086,proTumourMacrophage,0.7577499999999332
27.1869,24.9037,proTumourMacrophage,0.5420833333332903
28.5168,30.6688,proTumourMacrophage,0.8097499999999275
22.5921,21.6938,proTumourMacrophage,0.5666666666666209
