points_x,points_y,celltypes,phenotypes
17.2665,31.5378,proTumourMacrophage,0.6190833333332818
28.8921,17.1639,proTumourMacrophage,0.6460833333332788
31.556,16.5764,proTumourMacrophage,0.5768333333332865
