points_x,points_y,celltypes,phenotypes
10.7459,37.41,proTumourMacrophage,0.9019999999999172
10.8505,36.8345,proTumourMacrophage,0.9460833333332458
9.98902,32.1757,proTumourMacrophage,0.819916666666593
9.47852,33.5066,proTumourMacrophage,0.8700833333332542
11.3177,36.9689,proTumourMacrophage,0.995499999999907
12.3854,38.3707,proTumourMacrophage,0.8470833333332567
11.4545,37.4603,proTumourMacrophage,0.8860833333332524
9.13941,33.0388,proTumourMacrophage,0.7819166666665972
11.9786,37.9314,proTumourMacrophage,0.9324166666665806
10.4485,33.9158,proTumourMacrophage,0.8800833333332531
9.97304,32.9993,proTumourMacrophage,0.9905833333332408
9.99742,33.5017,proTumourMacrophage,0.8939999999999182
13.961,40.0103,proTumourMacrophage,0.8615833333332551
11.6914,38.3947,proTumourMacrophage,0.9907499999999076
12.0116,37.5181,proTumourMacrophage,1.0
9.98219,33.9884,proTumourMacrophage,1.0
12.0194,37.0092,proTumourMacrophage,1.0
37.597,33.6064,proTumourMacrophage,0.7887499999999298
11.988,36.6601,proTumourMacrophage,1.0
12.3964,37.0282,proTumourMacrophage,1.0
9.63113,34.3498,proTumourMacrophage,0.9341666666665804
9.54393,32.6113,proTumourMacrophage,0.9027499999999172
12.8227,37.0057,proTumourMacrophage,0.987499999999908
12.0082,36.2509,proTumourMacrophage,0.9901666666665744
10.3455,32.9853,proTumourMacrophage,0.9871666666665746
13.3476,35.1978,proTumourMacrophage,0.90758333333325
11.5008,35.4823,proTumourMacrophage,0.9124166666665828
10.3521,34.4418,proTumourMacrophage,0.9274166666665812
12.543,36.3775,proTumourMacrophage,0.9038333333332504
11.5609,33.9487,proTumourMacrophage,0.8976666666665845
18.5264,32.4641,proTumourMacrophage,0.8098333333332608
14.506,32.8963,proTumourMacrophage,0.8266666666665923
16.5362,32.9419,proTumourMacrophage,0.8054999999999279
21.5416,31.4272,proTumourMacrophage,0.7868333333332633
24.8903,30.2473,proTumourMacrophage,0.7431666666666015
16.5561,30.6632,proTumourMacrophage,0.7914999999999295
17.8126,29.191,proTumourMacrophage,0.6615833333332771
19.0581,29.5412,proTumourMacrophage,0.641249999999946
19.0589,28.9685,proTumourMacrophage,0.6106666666666161
21.261,29.4372,proTumourMacrophage,0.5954999999999511
20.5958,29.2403,proTumourMacrophage,0.5933333333332846
21.073,24.9374,proTumourMacrophage,0.5576666666666219
19.7255,28.9892,proTumourMacrophage,0.5620833333332881
24.1226,28.6254,proTumourMacrophage,0.5157499999999599
21.4062,27.7612,proTumourMacrophage,0.5009166666666282
