points_x,points_y,celltypes,phenotypes
32.9073,10.7973,proTumourMacrophage,0.7338333333332692
30.9897,12.3525,proTumourMacrophage,0.7727499999999315
28.88,15.6941,proTumourMacrophage,0.7894166666665964
22.1043,18.8981,proTumourMacrophage,0.7588333333332664
26.9056,16.4433,proTumourMacrophage,0.7639999999999325
22.9662,26.8598,proTumourMacrophage,0.5146666666666266
22.0499,23.6998,proTumourMacrophage,0.5346666666666244
