points_x,points_y,celltypes,phenotypes
16.9815,9.67664,proTumourMacrophage,0.7557499999999334
16.9781,10.2418,proTumourMacrophage,0.8064166666665945
17.0305,10.9083,proTumourMacrophage,0.7854999999999301
17.0052,11.6249,proTumourMacrophage,0.8399166666665908
18.532,12.9981,proTumourMacrophage,0.8899999999999186
24.2116,23.5327,proTumourMacrophage,0.5792499999999529
24.0081,21.9505,proTumourMacrophage,0.5952499999999511
24.3133,24.3207,proTumourMacrophage,0.5250833333332922
