points_x,points_y,celltypes,phenotypes
21.9896,7.97906,proTumourMacrophage,0.8005833333332618
25.8748,19.8347,proTumourMacrophage,0.7139166666666047
23.2702,20.2999,proTumourMacrophage,0.6981666666666064
