points_x,points_y,celltypes,phenotypes
25.9863,6.99831,proTumourMacrophage,0.659499999999944
25.7897,10.7324,proTumourMacrophage,0.5729166666666202
27.3145,9.30283,proTumourMacrophage,0.6609999999999439
27.618,17.2166,proTumourMacrophage,0.6309166666666138
26.3828,34.1027,proTumourMacrophage,0.5371666666666242
22.9034,29.4672,proTumourMacrophage,0.7179999999999376
26.921,27.839,proTumourMacrophage,0.5729999999999535
19.6155,30.5201,proTumourMacrophage,0.6668333333332765
