points_x,points_y,celltypes,phenotypes
9.6253,16.9959,proTumourMacrophage,0.8001666666665952
8.98375,16.9952,proTumourMacrophage,0.8295833333332586
11.0942,17.107,proTumourMacrophage,0.8226666666665927
9.97656,17.4599,proTumourMacrophage,0.8057499999999279
11.7471,15.7405,proTumourMacrophage,0.831999999999925
35.2256,31.8836,proTumourMacrophage,0.8280833333332588
18.1998,21.5588,proTumourMacrophage,0.8609166666665885
11.4538,22.4391,proTumourMacrophage,0.8384999999999243
16.8553,20.4362,proTumourMacrophage,0.8235833333332593
18.4814,24.6864,proTumourMacrophage,0.7066666666666055
24.3571,22.3484,proTumourMacrophage,0.5719166666666203
