points_x,points_y,celltypes,phenotypes
28.7517,29.2442,proTumourMacrophage,0.5419166666666236
17.0846,20.3094,proTumourMacrophage,0.6346666666666134
18.0839,24.7585,proTumourMacrophage,0.6231666666666147
