points_x,points_y,celltypes,phenotypes
29.2116,14.2486,proTumourMacrophage,0.7250833333332701
29.3993,18.2788,proTumourMacrophage,0.7838333333332637
22.3587,24.9149,proTumourMacrophage,0.6826666666666081
24.1845,23.2695,proTumourMacrophage,0.6388333333332796
28.1686,24.0095,proTumourMacrophage,0.6761666666666089
