points_x,points_y,celltypes,phenotypes
21.0441,42.3994,proTumourMacrophage,0.8328333333332583
31.9668,40.4172,proTumourMacrophage,0.7218333333332705
32.0189,41.0091,proTumourMacrophage,0.7210833333332706
21.014,42.7485,proTumourMacrophage,1.0
20.8819,43.5123,proTumourMacrophage,0.8509999999999229
21.55,42.9257,proTumourMacrophage,0.9437499999999128
21.3629,43.3492,proTumourMacrophage,1.0
41.9753,17.0082,proTumourMacrophage,0.7269999999999366
31.9889,41.9813,proTumourMacrophage,0.7665833333332656
21.0432,41.9847,proTumourMacrophage,0.9784999999999088
21.8304,42.0153,proTumourMacrophage,0.9949999999999072
18.9526,42.9697,proTumourMacrophage,0.8694166666665876
27.2822,4.68792,proTumourMacrophage,0.7559999999999334
20.1662,43.9152,proTumourMacrophage,0.9025833333332506
19.4192,43.015,proTumourMacrophage,0.900916666666584
19.9882,43.5338,proTumourMacrophage,0.9770833333332424
19.939,43.0391,proTumourMacrophage,0.8798333333332531
32.0105,41.5124,proTumourMacrophage,0.7593333333332664
19.5857,43.4808,proTumourMacrophage,0.987499999999908
20.3567,43.027,proTumourMacrophage,0.9194999999999154
20.6392,42.9896,proTumourMacrophage,1.0
27.4387,5.47165,proTumourMacrophage,0.7580833333332665
31.4275,41.0064,proTumourMacrophage,0.7614166666665995
21.4594,42.0033,proTumourMacrophage,1.0
20.0123,42.6783,proTumourMacrophage,1.0
26.9637,5.02183,proTumourMacrophage,0.7276666666666032
21.0045,41.5914,proTumourMacrophage,1.0
20.6886,42.0309,proTumourMacrophage,1.0
24.9746,44.9857,proTumourMacrophage,0.7637499999999325
19.9714,42.3031,proTumourMacrophage,0.9193333333332488
26.4861,5.51653,proTumourMacrophage,0.7419166666666016
20.3156,41.9731,proTumourMacrophage,0.9000833333332509
20.9902,41.201,proTumourMacrophage,0.8624166666665883
19.8092,41.8225,proTumourMacrophage,0.8763333333332535
20.8031,40.8244,proTumourMacrophage,0.807833333333261
26.4377,10.9704,proTumourMacrophage,0.7545833333332669
21.0417,35.8318,proTumourMacrophage,0.7346666666666024
26.3075,37.5722,proTumourMacrophage,0.729166666666603
19.4247,39.3147,proTumourMacrophage,0.740999999999935
20.9332,39.4149,proTumourMacrophage,0.7404166666666018
21.6228,37.2405,proTumourMacrophage,0.69599999999994
22.0241,33.6526,proTumourMacrophage,0.6771666666666087
25.3859,33.2775,proTumourMacrophage,0.6334999999999469
24.8137,17.2528,proTumourMacrophage,0.6614166666666105
27.9615,33.6411,proTumourMacrophage,0.6524999999999448
22.7807,30.7443,proTumourMacrophage,0.5524999999999558
