points_x,points_y,celltypes,phenotypes
43.0212,34.0013,proTumourMacrophage,0.8275833333332588
18.9875,43.0557,proTumourMacrophage,0.8525833333332561
34.0007,6.98951,proTumourMacrophage,0.8204999999999263
20.5156,36.5907,proTumourMacrophage,0.8578333333332555
32.4615,15.4224,proTumourMacrophage,0.8311666666665918
27.5497,32.6746,proTumourMacrophage,0.8212499999999262
28.8616,26.6361,proTumourMacrophage,0.7566666666666
27.5653,23.5765,proTumourMacrophage,0.6548333333332779
23.8746,26.7368,proTumourMacrophage,0.6169999999999487
