points_x,points_y,celltypes,phenotypes
30.0132,41.9895,proTumourMacrophage,0.7897499999999297
18.8181,29.8751,proTumourMacrophage,0.6901666666666073
25.5022,29.5746,proTumourMacrophage,0.6194999999999484
23.6958,28.2928,proTumourMacrophage,0.5845833333332856
