points_x,points_y,celltypes,phenotypes
32.3012,43.7062,proTumourMacrophage,0.7089999999999386
39.467,38.0019,proTumourMacrophage,0.7424166666666016
33.3802,41.0025,proTumourMacrophage,0.9707499999999096
39.8169,37.5678,proTumourMacrophage,0.7748333333332647
38.9737,37.9813,proTumourMacrophage,0.7658333333332656
38.5405,38.0027,proTumourMacrophage,0.7937499999999292
38.9789,38.6932,proTumourMacrophage,0.7886666666665965
7.40204,20.9913,proTumourMacrophage,0.7964166666665956
31.9917,43.9927,proTumourMacrophage,0.7994166666665953
33.3845,42.0796,proTumourMacrophage,0.9054166666665836
32.4927,41.4958,proTumourMacrophage,0.9486666666665788
32.6074,43.3592,proTumourMacrophage,0.8281666666665921
32.8369,41.1412,proTumourMacrophage,0.9284999999999144
33.4561,40.6127,proTumourMacrophage,0.9419999999999128
32.9997,41.6168,proTumourMacrophage,0.9385833333332466
32.3579,41.008,proTumourMacrophage,0.9763333333332423
38.9979,37.3381,proTumourMacrophage,0.8508333333332563
32.2162,41.8205,proTumourMacrophage,0.9544999999999116
32.2379,40.2503,proTumourMacrophage,1.0
8.00076,21.035,proTumourMacrophage,0.7695833333332652
37.9951,38.0402,proTumourMacrophage,0.8158333333332601
7.9776,21.6719,proTumourMacrophage,0.7884166666665965
33.0218,40.6534,proTumourMacrophage,1.0
31.6266,44.3769,proTumourMacrophage,0.9395833333332464
36.3425,35.9449,proTumourMacrophage,0.8098333333332608
8.56917,21.0037,proTumourMacrophage,0.7975833333332621
33.4628,41.4431,proTumourMacrophage,0.9367499999999136
9.19184,21.2371,proTumourMacrophage,0.7729166666665982
33.8722,41.7735,proTumourMacrophage,0.9574999999999112
15.5753,25.7857,proTumourMacrophage,0.768499999999932
18.387,14.6424,proTumourMacrophage,0.732249999999936
31.2038,39.1742,proTumourMacrophage,0.8889166666665854
26.8168,15.7104,proTumourMacrophage,0.7496666666666008
27.281,34.3205,proTumourMacrophage,0.741749999999935
34.7507,40.5089,proTumourMacrophage,0.8989166666665843
33.8238,35.4014,proTumourMacrophage,0.7969166666665956
32.0622,37.5883,proTumourMacrophage,0.7285833333332697
30.6228,28.5471,proTumourMacrophage,0.586999999999952
31.6786,34.2003,proTumourMacrophage,0.6972499999999399
26.8984,31.1275,proTumourMacrophage,0.6293333333332807
29.2756,32.8487,proTumourMacrophage,0.6688333333332763
30.6842,30.9513,proTumourMacrophage,0.60499999999995
25.3402,28.6653,proTumourMacrophage,0.6034999999999502
29.3242,27.216,proTumourMacrophage,0.5642499999999545
22.4923,21.3486,proTumourMacrophage,0.5581666666666218
