points_x,points_y,celltypes,phenotypes
10.0084,32.9674,proTumourMacrophage,0.8159166666665935
36.022,39.0075,proTumourMacrophage,0.7987499999999287
17.0191,40.0302,proTumourMacrophage,0.8264999999999256
12.1494,34.5629,proTumourMacrophage,0.7740833333332647
14.1805,33.7848,proTumourMacrophage,0.8427499999999238
35.1197,23.2439,proTumourMacrophage,0.7609999999999328
25.4,22.0604,proTumourMacrophage,0.5394999999999572
