points_x,points_y,celltypes,phenotypes
25.0172,3.99058,proTumourMacrophage,0.8304166666665919
28.5794,6.58481,proTumourMacrophage,0.7901666666665963
29.1181,6.91381,proTumourMacrophage,0.81683333333326
39.9991,16.9877,proTumourMacrophage,0.7677499999999321
37.0369,9.98599,proTumourMacrophage,0.7710833333332651
39.2516,17.0015,proTumourMacrophage,0.844583333333257
28.9272,7.36089,proTumourMacrophage,0.8589166666665887
16.0213,8.0069,proTumourMacrophage,0.7945833333332625
36.7064,11.1278,proTumourMacrophage,0.780583333333264
17.4295,8.01145,proTumourMacrophage,0.8430833333332571
33.3386,13.9219,proTumourMacrophage,0.7791666666665975
29.0095,8.74047,proTumourMacrophage,0.8113333333332606
35.6672,16.77,proTumourMacrophage,0.8179166666665932
27.6739,11.3607,proTumourMacrophage,0.8250833333332591
31.1768,14.1395,proTumourMacrophage,0.7897499999999297
26.1242,16.0825,proTumourMacrophage,0.7384999999999353
28.1217,14.6398,proTumourMacrophage,0.7278333333332698
31.0581,18.3701,proTumourMacrophage,0.7345833333332691
27.6671,16.4101,proTumourMacrophage,0.677499999999942
25.3562,18.2597,proTumourMacrophage,0.7281666666666031
28.6902,19.6617,proTumourMacrophage,0.6462499999999455
27.3199,17.8293,proTumourMacrophage,0.6349999999999467
27.0636,19.8023,proTumourMacrophage,0.5613333333332882
26.3567,19.8921,proTumourMacrophage,0.5037499999999612
25.1472,21.1832,proTumourMacrophage,0.5019999999999614
