points_x,points_y,celltypes,phenotypes
39.1531,15.1126,proTumourMacrophage,0.7528333333332671
38.7564,14.73,proTumourMacrophage,0.8020833333332616
38.0658,16.3483,proTumourMacrophage,0.796249999999929
31.6102,20.293,proTumourMacrophage,0.7737499999999314
33.2286,15.7169,proTumourMacrophage,0.7798333333332641
29.1348,17.9792,proTumourMacrophage,0.8012499999999284
27.8607,21.3556,proTumourMacrophage,0.692916666666607
25.6345,23.7972,proTumourMacrophage,0.6565833333332777
