points_x,points_y,celltypes,phenotypes
12.0089,36.9937,proTumourMacrophage,0.9720833333332428
28.9936,41.7827,proTumourMacrophage,0.9472499999999124
9.75215,35.8803,proTumourMacrophage,0.96924999999991
15.386,35.794,proTumourMacrophage,0.9280833333332478
19.3232,39.0017,proTumourMacrophage,1.0
14.8599,32.6957,proTumourMacrophage,0.9429166666665796
12.6723,32.3694,proTumourMacrophage,0.8989166666665843
19.4928,28.9284,proTumourMacrophage,0.8765833333332534
20.2718,30.3487,proTumourMacrophage,0.8678333333332544
18.1849,29.911,proTumourMacrophage,0.8333333333332582
22.2095,30.857,proTumourMacrophage,0.8571666666665889
22.6733,29.2011,proTumourMacrophage,0.8458333333332568
21.6007,28.2353,proTumourMacrophage,0.7257499999999367
24.3196,27.2849,proTumourMacrophage,0.7094999999999385
20.9754,27.1491,proTumourMacrophage,0.6785833333332753
21.0259,26.0052,proTumourMacrophage,0.6038333333332835
26.0419,26.4157,proTumourMacrophage,0.5823333333332859
26.8348,26.0058,proTumourMacrophage,0.5815833333332859
23.7277,28.2405,proTumourMacrophage,0.5377499999999574
