points_x,points_y,celltypes,phenotypes
36.8644,35.2961,proTumourMacrophage,0.7146666666666046
18.0052,42.0029,proTumourMacrophage,0.8011666666665951
31.3451,37.2105,proTumourMacrophage,0.7072499999999388
39.9866,34.9985,proTumourMacrophage,0.7759166666665979
27.1209,31.824,proTumourMacrophage,0.5326666666666247
