points_x,points_y,celltypes,phenotypes
27.9866,2.99353,proTumourMacrophage,0.8110833333332607
33.994,8.0167,proTumourMacrophage,0.8407499999999241
41.9847,29.9961,proTumourMacrophage,0.844083333333257
21.9974,7.98692,proTumourMacrophage,0.8434999999999238
42.9776,23.0062,proTumourMacrophage,0.8410833333332574
22.4482,8.43684,proTumourMacrophage,0.8479166666665899
32.8708,12.3873,proTumourMacrophage,0.856666666666589
24.3618,10.741,proTumourMacrophage,0.8490833333332565
32.8824,20.3892,proTumourMacrophage,0.8105833333332607
33.3087,24.5379,proTumourMacrophage,0.7992499999999286
27.7213,21.0182,proTumourMacrophage,0.5000833333332949
