points_x,points_y,celltypes,phenotypes
17.1389,28.5895,proTumourMacrophage,0.6814999999999416
21.0389,15.5083,proTumourMacrophage,0.738416666666602
21.6971,18.9508,proTumourMacrophage,0.7344166666666024
16.1839,24.5918,proTumourMacrophage,0.6773333333332754
23.3999,22.5523,proTumourMacrophage,0.5659999999999543
