points_x,points_y,celltypes,phenotypes
37.9955,35.9675,proTumourMacrophage,0.72583333333327
41.9808,29.007,proTumourMacrophage,0.6459166666666122
17.7958,28.533,proTumourMacrophage,0.6484166666666119
30.6225,24.3691,proTumourMacrophage,0.5894999999999517
21.4086,15.3008,proTumourMacrophage,0.6554999999999445
30.5392,28.938,proTumourMacrophage,0.6162499999999488
28.0473,25.6816,proTumourMacrophage,0.5039166666666278
17.1771,26.3164,proTumourMacrophage,0.6485833333332786
