points_x,points_y,celltypes,phenotypes
6.4665,20.0215,proTumourMacrophage,0.8283333333332588
7.00558,19.983,proTumourMacrophage,0.8057499999999279
6.97862,20.708,proTumourMacrophage,0.8369166666665911
5.98909,15.0036,proTumourMacrophage,0.8398333333332575
10.9736,12.026,proTumourMacrophage,0.8536666666665893
6.35607,18.0336,proTumourMacrophage,0.8822499999999195
7.49555,20.0144,proTumourMacrophage,0.8754166666665869
6.9908,17.1105,proTumourMacrophage,0.8326666666665916
6.97284,17.6524,proTumourMacrophage,0.835583333333258
22.9842,5.96706,proTumourMacrophage,0.8123333333332605
6.96596,18.1139,proTumourMacrophage,0.8527499999999227
23.02,6.67229,proTumourMacrophage,0.8420833333332572
7.00348,18.6766,proTumourMacrophage,0.8481666666665899
24.3529,6.34554,proTumourMacrophage,0.8309999999999251
7.65351,17.9986,proTumourMacrophage,0.8916666666665851
42.9747,28.0536,proTumourMacrophage,0.8302499999999252
8.04365,20.0681,proTumourMacrophage,0.8554999999999224
6.98298,19.332,proTumourMacrophage,0.8904999999999186
11.603,12.0013,proTumourMacrophage,0.8756666666665869
22.3482,14.6915,proTumourMacrophage,0.820166666666593
9.19933,17.3346,proTumourMacrophage,0.8724999999999206
13.183,22.1405,proTumourMacrophage,0.8324166666665916
18.7429,19.3429,proTumourMacrophage,0.6894166666666074
23.566,19.4391,proTumourMacrophage,0.6233333333332813
19.9241,22.3443,proTumourMacrophage,0.5973333333332842
18.7527,21.131,proTumourMacrophage,0.6145833333332823
22.3062,24.692,proTumourMacrophage,0.5290833333332917
21.0563,25.2452,proTumourMacrophage,0.5069999999999608
20.9343,24.2683,proTumourMacrophage,0.5338333333332912
