points_x,points_y,celltypes,phenotypes
26.6549,22.8815,proTumourMacrophage,0.6819166666666082
27.432,25.4158,proTumourMacrophage,0.6455833333332789
24.6809,26.826,proTumourMacrophage,0.5879999999999519
