points_x,points_y,celltypes,phenotypes
33.6226,9.5775,proTumourMacrophage,0.7375833333332688
31.0199,5.9994,proTumourMacrophage,0.722999999999937
34.0069,9.9787,proTumourMacrophage,0.7731666666665982
33.3096,10.6984,proTumourMacrophage,0.63558333333328
33.2037,9.96751,proTumourMacrophage,0.7573333333332666
34.52,10.8105,proTumourMacrophage,0.7728333333332649
22.4386,8.23134,proTumourMacrophage,0.6789999999999419
33.9054,10.4807,proTumourMacrophage,0.8098333333332608
30.2642,11.0477,proTumourMacrophage,0.7091666666666052
27.3315,18.289,proTumourMacrophage,0.7960833333332623
36.1745,13.5585,proTumourMacrophage,0.8146666666665936
37.8419,14.1943,proTumourMacrophage,0.6896666666666074
30.9102,12.6484,proTumourMacrophage,0.7252499999999368
25.6394,19.3846,proTumourMacrophage,0.5744999999999534
26.6416,22.3961,proTumourMacrophage,0.5298333333332916
