points_x,points_y,celltypes,phenotypes
8.62433,30.9824,proTumourMacrophage,0.7789999999999309
5.98119,28.9938,proTumourMacrophage,0.7812499999999306
24.9796,45.0102,proTumourMacrophage,0.7345833333332691
31.9881,43.0039,proTumourMacrophage,0.6663333333332766
32.9043,42.9799,proTumourMacrophage,0.6565833333332777
7.9143,30.9867,proTumourMacrophage,0.7023333333332726
34.9791,42.0202,proTumourMacrophage,0.7179999999999376
25.4566,44.5197,proTumourMacrophage,0.7681666666665987
8.04661,30.3373,proTumourMacrophage,0.747916666666601
5.00424,25.9963,proTumourMacrophage,0.7469166666666011
35.0095,41.2868,proTumourMacrophage,0.7524999999999338
40.03,36.9692,proTumourMacrophage,0.762583333333266
5.92167,23.5451,proTumourMacrophage,0.7854166666665968
6.54943,30.5543,proTumourMacrophage,0.777499999999931
31.9943,41.8351,proTumourMacrophage,0.7407499999999351
13.1069,27.3239,proTumourMacrophage,0.7763333333332645
16.3153,14.7764,proTumourMacrophage,0.7619999999999327
36.4242,37.1979,proTumourMacrophage,0.7543333333332669
36.0717,34.7275,proTumourMacrophage,0.759749999999933
16.0927,33.2118,proTumourMacrophage,0.723249999999937
29.3899,37.7737,proTumourMacrophage,0.7523333333332671
35.3231,28.9648,proTumourMacrophage,0.7292499999999363
30.9434,33.6979,proTumourMacrophage,0.7566666666666
22.6767,31.6621,proTumourMacrophage,0.693166666666607
26.8667,28.7402,proTumourMacrophage,0.6262499999999477
27.8672,33.2979,proTumourMacrophage,0.7205833333332706
31.1799,29.3071,proTumourMacrophage,0.6067499999999498
25.0124,31.4999,proTumourMacrophage,0.6475833333332787
22.8302,19.7681,proTumourMacrophage,0.6724166666666093
28.3521,28.5767,proTumourMacrophage,0.5778333333332863
29.5201,27.5756,proTumourMacrophage,0.5902499999999516
21.4997,23.8135,proTumourMacrophage,0.586999999999952
27.2819,30.5073,proTumourMacrophage,0.5691666666666206
24.2087,29.6531,proTumourMacrophage,0.5196666666666261
