points_x,points_y,celltypes,phenotypes
38.786,31.4045,proTumourMacrophage,0.6444999999999457
25.8641,36.0677,proTumourMacrophage,0.6407499999999461
17.7649,31.72,proTumourMacrophage,0.6631666666666103
28.503,23.2266,proTumourMacrophage,0.7203333333332707
23.6707,26.1791,proTumourMacrophage,0.5839999999999523
26.6988,25.4634,proTumourMacrophage,0.5189166666666262
29.1971,24.461,proTumourMacrophage,0.5121666666666269
