points_x,points_y,celltypes,phenotypes
23.9876,9.33877,proTumourMacrophage,0.8030833333332615
18.1815,18.5456,proTumourMacrophage,0.8051666666665946
24.3852,23.6981,proTumourMacrophage,0.5710833333332871
24.4164,24.2987,proTumourMacrophage,0.517833333333293
