points_x,points_y,celltypes,phenotypes
39.0019,36.9886,proTumourMacrophage,0.8534166666665893
39.4012,37.4018,proTumourMacrophage,0.7968333333332622
38.5624,37.4322,proTumourMacrophage,0.8349999999999247
40.0577,34.9753,proTumourMacrophage,0.8014999999999284
12.2849,35.912,proTumourMacrophage,0.7602499999999329
38.3842,36.2968,proTumourMacrophage,0.8222499999999261
38.1548,36.9899,proTumourMacrophage,0.7878333333332632
8.28935,24.0537,proTumourMacrophage,0.780333333333264
39.5854,36.4078,proTumourMacrophage,0.8406666666665907
38.5222,33.9912,proTumourMacrophage,0.7800833333332641
39.0,36.5285,proTumourMacrophage,0.81733333333326
38.9822,35.7574,proTumourMacrophage,0.8629166666665883
39.3983,34.9924,proTumourMacrophage,0.8051666666665946
35.8187,35.285,proTumourMacrophage,0.8672499999999211
19.5534,32.1068,proTumourMacrophage,0.7654999999999323
28.5555,33.2068,proTumourMacrophage,0.7840833333332636
33.9938,32.1271,proTumourMacrophage,0.7948333333332624
17.8508,19.4584,proTumourMacrophage,0.7172499999999377
33.3066,29.7048,proTumourMacrophage,0.7501666666666007
30.1002,28.9993,proTumourMacrophage,0.6706666666666095
22.0063,27.3497,proTumourMacrophage,0.6510833333332783
30.9378,26.9537,proTumourMacrophage,0.6524166666666115
29.902,29.843,proTumourMacrophage,0.6439999999999457
31.1847,30.9317,proTumourMacrophage,0.6634166666666103
20.0695,26.3861,proTumourMacrophage,0.668999999999943
25.1553,28.4384,proTumourMacrophage,0.6685833333332764
19.2394,24.8098,proTumourMacrophage,0.6261666666666144
27.4909,23.6035,proTumourMacrophage,0.6071666666666165
27.3056,29.0986,proTumourMacrophage,0.6151666666666156
31.4616,29.4366,proTumourMacrophage,0.6352499999999467
29.3395,27.1927,proTumourMacrophage,0.5589999999999551
28.9452,25.2316,proTumourMacrophage,0.6048333333332834
21.143,23.7726,proTumourMacrophage,0.5267499999999586
22.4611,22.0391,proTumourMacrophage,0.5199166666666261
