points_x,points_y,celltypes,phenotypes
7.98604,18.0162,proTumourMacrophage,0.7404166666666018
12.9076,26.1146,proTumourMacrophage,0.7230833333332704
20.1399,23.4973,proTumourMacrophage,0.5664166666666209
