points_x,points_y,celltypes,phenotypes
27.426,6.56925,proTumourMacrophage,0.5891666666666184
20.134,36.9298,proTumourMacrophage,0.5490833333332895
17.5796,32.3467,proTumourMacrophage,0.5349166666666244
