points_x,points_y,celltypes,phenotypes
40.148,34.1218,proTumourMacrophage,0.8037499999999281
39.7772,33.7714,proTumourMacrophage,0.8404999999999241
39.1502,33.5178,proTumourMacrophage,0.8069166666665945
24.9748,25.5542,proTumourMacrophage,0.532499999999958
