points_x,points_y,celltypes,phenotypes
25.0081,6.012,proTumourMacrophage,0.8437499999999237
23.8632,6.5659,proTumourMacrophage,0.8230833333332593
16.2797,13.8359,proTumourMacrophage,0.8370833333332578
20.8168,19.6733,proTumourMacrophage,0.7599166666665996
23.8484,19.866,proTumourMacrophage,0.7024999999999393
21.5801,25.6777,proTumourMacrophage,0.6374166666666131
22.7597,23.4557,proTumourMacrophage,0.5184999999999595
