points_x,points_y,celltypes,phenotypes
18.6525,10.6227,proTumourMacrophage,0.7349166666666024
23.9204,15.071,proTumourMacrophage,0.7055833333332723
22.3425,16.4062,proTumourMacrophage,0.7513333333332672
23.285,20.7562,proTumourMacrophage,0.6331666666666136
25.0627,22.9922,proTumourMacrophage,0.5310833333332915
