points_x,points_y,celltypes,phenotypes
21.202,16.2989,proTumourMacrophage,0.5096666666666272
28.0723,36.5775,proTumourMacrophage,0.5274166666666252
26.7427,44.7296,proTumourMacrophage,0.5714999999999537
21.2899,37.7766,proTumourMacrophage,0.5339999999999578
15.6666,16.659,proTumourMacrophage,0.5677499999999541
13.5969,24.4563,proTumourMacrophage,0.5518333333332892
16.476,18.298,proTumourMacrophage,0.6167499999999487
15.2843,19.5439,proTumourMacrophage,0.5459999999999565
17.9703,24.3684,proTumourMacrophage,0.5064166666666275
