points_x,points_y,celltypes,phenotypes
13.0247,20.9284,proTumourMacrophage,0.8055833333332613
20.1203,24.6148,proTumourMacrophage,0.6804999999999417
22.0081,23.6691,proTumourMacrophage,0.6044166666666168
23.8881,23.4247,proTumourMacrophage,0.5239166666666256
