points_x,points_y,celltypes,phenotypes
30.8417,25.5526,proTumourMacrophage,0.7879166666665965
27.3628,29.3563,proTumourMacrophage,0.7699999999999319
29.2941,27.1187,proTumourMacrophage,0.7679999999999321
27.6424,27.0921,proTumourMacrophage,0.7506666666666006
25.7014,27.3235,proTumourMacrophage,0.6803333333332751
