points_x,points_y,celltypes,phenotypes
10.0098,16.0188,proTumourMacrophage,0.8180833333332599
11.8165,17.8468,proTumourMacrophage,0.8428333333332572
22.8121,17.38,proTumourMacrophage,0.7859166666665968
23.0495,21.766,proTumourMacrophage,0.7219999999999371
25.0302,23.0181,proTumourMacrophage,0.60549999999995
22.6385,24.1912,proTumourMacrophage,0.5373333333332908
