points_x,points_y,celltypes,phenotypes
28.1825,19.3794,proTumourMacrophage,0.8039999999999281
21.0855,22.3208,proTumourMacrophage,0.7089999999999386
27.5732,22.848,proTumourMacrophage,0.586749999999952
24.2528,27.5353,proTumourMacrophage,0.5545833333332889
23.0482,22.4302,proTumourMacrophage,0.5325833333332913
22.9235,23.0624,proTumourMacrophage,0.5017499999999614
