points_x,points_y,celltypes,phenotypes
33.4163,7.99906,proTumourMacrophage,1.0
31.4775,7.47969,proTumourMacrophage,1.0
36.4299,10.4494,proTumourMacrophage,0.874416666666587
20.9912,7.48939,proTumourMacrophage,0.8490833333332565
30.5775,5.84812,proTumourMacrophage,1.0
28.9042,7.01383,proTumourMacrophage,1.0
31.9326,6.06298,proTumourMacrophage,1.0
32.8336,7.23956,proTumourMacrophage,1.0
36.4532,9.56345,proTumourMacrophage,0.8876666666665856
31.3112,7.99791,proTumourMacrophage,1.0
42.9823,18.0088,proTumourMacrophage,0.8605833333332552
10.9981,14.0024,proTumourMacrophage,0.8711666666665874
31.0239,7.30865,proTumourMacrophage,1.0
30.5625,7.4936,proTumourMacrophage,1.0
21.0161,8.02424,proTumourMacrophage,0.8815833333332529
31.9537,7.5394,proTumourMacrophage,1.0
30.2558,8.00554,proTumourMacrophage,1.0
35.5304,10.474,proTumourMacrophage,0.8879999999999189
30.6579,7.98276,proTumourMacrophage,1.0
31.6658,8.00093,proTumourMacrophage,1.0
10.963,13.0803,proTumourMacrophage,0.8654999999999213
31.0094,7.67715,proTumourMacrophage,1.0
30.1358,7.45847,proTumourMacrophage,1.0
36.0359,10.0259,proTumourMacrophage,0.8999999999999175
31.4255,8.46891,proTumourMacrophage,1.0
29.4265,7.42817,proTumourMacrophage,1.0
31.0238,8.34317,proTumourMacrophage,1.0
20.9953,8.60809,proTumourMacrophage,0.8975833333332511
35.7342,9.75853,proTumourMacrophage,1.0
30.5855,8.84915,proTumourMacrophage,1.0
35.4127,9.41911,proTumourMacrophage,1.0
32.0726,9.20273,proTumourMacrophage,0.9603333333332442
30.127,9.84513,proTumourMacrophage,0.886249999999919
28.3945,13.5607,proTumourMacrophage,0.8384999999999243
29.3434,10.8417,proTumourMacrophage,0.8262499999999257
29.7375,15.273,proTumourMacrophage,0.795499999999929
31.0148,11.3812,proTumourMacrophage,0.7994166666665953
30.1826,13.1384,proTumourMacrophage,0.7748333333332647
27.3272,18.0307,proTumourMacrophage,0.7055833333332723
25.8144,18.8828,proTumourMacrophage,0.6879999999999409
28.0085,20.8565,proTumourMacrophage,0.623249999999948
28.028,19.5385,proTumourMacrophage,0.6249999999999478
25.8717,22.1359,proTumourMacrophage,0.6187499999999485
21.433,24.5526,proTumourMacrophage,0.590083333333285
22.7791,21.3557,proTumourMacrophage,0.5806666666666194
24.8244,20.4579,proTumourMacrophage,0.5846666666666189
23.5416,22.6563,proTumourMacrophage,0.5579166666666219
27.2266,22.4514,proTumourMacrophage,0.5531666666666224
