points_x,points_y,celltypes,phenotypes
37.6981,16.2497,proTumourMacrophage,0.7696666666665986
38.603,14.981,proTumourMacrophage,0.8001666666665952
32.6613,16.0144,proTumourMacrophage,0.7781666666665976
34.9314,17.9739,proTumourMacrophage,0.7588333333332664
32.3638,18.263,proTumourMacrophage,0.8067499999999278
28.8071,18.9837,proTumourMacrophage,0.7309999999999361
29.5685,20.4075,proTumourMacrophage,0.6709166666666094
23.7534,22.2208,proTumourMacrophage,0.6057499999999499
