points_x,points_y,celltypes,phenotypes
38.685,24.1162,proTumourMacrophage,0.7714166666665984
31.7089,26.2591,proTumourMacrophage,0.7516666666666005
21.6496,23.9356,proTumourMacrophage,0.6586666666666108
