points_x,points_y,celltypes,phenotypes
31.9833,6.02445,proTumourMacrophage,0.8244999999999258
37.9821,8.5254,proTumourMacrophage,0.7719999999999316
37.9894,8.99634,proTumourMacrophage,0.7813333333332639
43.9875,18.9656,proTumourMacrophage,0.777499999999931
38.0003,9.53991,proTumourMacrophage,0.7991666666665953
43.69,20.2732,proTumourMacrophage,0.7709166666665984
31.4027,9.77119,proTumourMacrophage,0.7305833333332695
44.4602,13.5863,proTumourMacrophage,0.829166666666592
42.9552,10.5086,proTumourMacrophage,0.8511666666665896
38.7082,9.14255,proTumourMacrophage,0.7619166666665994
38.1834,10.1623,proTumourMacrophage,0.753833333333267
37.3276,9.9848,proTumourMacrophage,0.7766666666665978
44.4483,14.3933,proTumourMacrophage,0.8059999999999279
42.6023,12.6034,proTumourMacrophage,0.7276666666666032
42.2929,10.999,proTumourMacrophage,0.7824166666665971
44.0027,13.1453,proTumourMacrophage,0.7814166666665973
44.0324,14.8764,proTumourMacrophage,0.7436666666666014
42.4031,11.6565,proTumourMacrophage,0.7124166666666049
43.6228,14.3659,proTumourMacrophage,0.7779166666665976
44.0064,14.0166,proTumourMacrophage,0.8278333333332588
41.4724,14.9491,proTumourMacrophage,0.6344999999999468
43.0149,12.0473,proTumourMacrophage,0.7002499999999395
43.388,11.4277,proTumourMacrophage,0.7935833333332626
42.4797,14.0951,proTumourMacrophage,0.6748333333332757
43.2409,14.7266,proTumourMacrophage,0.684166666666608
42.9789,11.0498,proTumourMacrophage,0.7736666666665981
43.7422,13.6958,proTumourMacrophage,0.735583333333269
41.0407,12.206,proTumourMacrophage,0.5975833333332842
42.7683,14.7934,proTumourMacrophage,0.6079166666666164
