points_x,points_y,celltypes,phenotypes
13.864,15.8036,proTumourMacrophage,0.7557499999999334
12.4555,24.9852,proTumourMacrophage,0.8244166666665925
15.4949,18.072,proTumourMacrophage,0.7639166666665992
17.0123,18.7656,proTumourMacrophage,0.8156666666665935
20.6942,23.2333,proTumourMacrophage,0.6950833333332734
23.0566,21.578,proTumourMacrophage,0.6444999999999457
23.7307,23.4806,proTumourMacrophage,0.5582499999999552
22.6261,24.8361,proTumourMacrophage,0.5361666666666243
