points_x,points_y,celltypes,phenotypes
30.5737,36.5256,proTumourMacrophage,0.6736666666666091
42.4101,26.0263,proTumourMacrophage,0.6801666666666084
30.5532,38.1672,proTumourMacrophage,0.5893333333332851
29.2908,26.8876,proTumourMacrophage,0.6145833333332823
