points_x,points_y,celltypes,phenotypes
11.981,36.9714,proTumourMacrophage,0.5579166666666219
12.6481,37.0078,proTumourMacrophage,0.593166666666618
28.9969,41.0484,proTumourMacrophage,0.554083333333289
13.9658,36.4449,proTumourMacrophage,0.5133333333332935
12.1962,35.5559,proTumourMacrophage,0.559749999999955
15.4407,36.8311,proTumourMacrophage,0.5680833333332874
15.0459,34.6989,proTumourMacrophage,0.5567499999999553
17.5514,34.1654,proTumourMacrophage,0.5313333333332915
