points_x,points_y,celltypes,phenotypes
7.99655,27.9857,proTumourMacrophage,0.7112499999999383
20.6689,38.692,proTumourMacrophage,0.699333333333273
24.9752,28.1217,proTumourMacrophage,0.5828333333332858
