points_x,points_y,celltypes,phenotypes
24.8434,14.8057,proTumourMacrophage,0.5554166666666221
7.98763,19.768,proTumourMacrophage,0.5894166666666184
23.4681,9.59099,proTumourMacrophage,0.5390833333332906
13.9498,19.8421,proTumourMacrophage,0.5440833333332901
8.8066,20.7892,proTumourMacrophage,0.5314999999999581
18.0422,8.27201,proTumourMacrophage,0.6039166666666168
