points_x,points_y,celltypes,phenotypes
17.8226,15.7289,proTumourMacrophage,0.5213333333332926
18.8648,31.2382,proTumourMacrophage,0.5617499999999548
21.9965,32.8319,proTumourMacrophage,0.5958333333332844
