points_x,points_y,celltypes,phenotypes
29.9958,42.0029,proTumourMacrophage,0.8020833333332616
26.6335,34.2986,proTumourMacrophage,0.8267499999999256
23.6549,26.7115,proTumourMacrophage,0.5802499999999527
