points_x,points_y,celltypes,phenotypes
8.93598,16.9767,proTumourMacrophage,0.9346666666665804
8.36491,16.3853,proTumourMacrophage,0.9479999999999122
10.0566,14.7848,proTumourMacrophage,0.9493333333332454
9.44661,16.9708,proTumourMacrophage,0.9607499999999108
11.8806,15.02,proTumourMacrophage,0.9922499999999074
41.0255,32.0288,proTumourMacrophage,0.8280833333332588
11.3499,14.6465,proTumourMacrophage,1.0
9.07225,16.4834,proTumourMacrophage,0.980333333333242
11.77,14.2109,proTumourMacrophage,0.9744999999999092
8.34312,17.6334,proTumourMacrophage,0.9758333333332424
11.3934,15.3788,proTumourMacrophage,1.0
10.5464,14.5943,proTumourMacrophage,1.0
8.33882,16.9981,proTumourMacrophage,1.0
40.9954,31.3524,proTumourMacrophage,0.8503333333332563
10.2102,16.9545,proTumourMacrophage,1.0
31.0191,41.9757,proTumourMacrophage,0.8010833333332618
40.3633,31.9907,proTumourMacrophage,0.8251666666665924
9.79224,16.9946,proTumourMacrophage,1.0
42.0449,26.0187,proTumourMacrophage,0.7949166666665958
30.2987,42.0064,proTumourMacrophage,0.7917499999999295
10.9756,14.9912,proTumourMacrophage,1.0
10.6758,17.0314,proTumourMacrophage,1.0
8.97964,17.4134,proTumourMacrophage,0.9554999999999114
10.7337,15.264,proTumourMacrophage,0.985499999999908
9.99063,17.733,proTumourMacrophage,0.9405833333332464
10.726,18.8237,proTumourMacrophage,0.8480833333332566
10.4129,15.5859,proTumourMacrophage,0.9345833333332472
13.7086,20.2717,proTumourMacrophage,0.7967499999999289
17.3962,21.9387,proTumourMacrophage,0.693416666666607
20.013,24.8918,proTumourMacrophage,0.6499166666666117
19.1274,20.3113,proTumourMacrophage,0.7136666666666047
15.1561,22.8371,proTumourMacrophage,0.7273333333332699
29.4071,27.3802,proTumourMacrophage,0.5654999999999544
21.5133,27.7889,proTumourMacrophage,0.602166666666617
16.7898,20.4075,proTumourMacrophage,0.6932499999999403
25.3203,21.9869,proTumourMacrophage,0.6122499999999492
29.6309,25.683,proTumourMacrophage,0.5613333333332882
25.7465,28.5073,proTumourMacrophage,0.5239166666666256
27.8533,27.3468,proTumourMacrophage,0.5460833333332898
23.3595,27.8835,proTumourMacrophage,0.5180833333332929
