points_x,points_y,celltypes,phenotypes
41.4279,17.403,proTumourMacrophage,0.8189166666665931
40.5052,17.4938,proTumourMacrophage,0.8120833333332605
40.9905,17.0364,proTumourMacrophage,0.7819166666665972
41.382,16.6351,proTumourMacrophage,0.8234166666665926
40.0267,16.9789,proTumourMacrophage,0.8226666666665927
40.5906,16.6008,proTumourMacrophage,0.8461666666665901
28.9512,21.1848,proTumourMacrophage,0.7385833333332686
28.6506,23.527,proTumourMacrophage,0.6264999999999477
