points_x,points_y,celltypes,phenotypes
22.5622,25.4669,proTumourMacrophage,0.9478333333332456
25.5895,23.886,proTumourMacrophage,0.9120833333332496
24.6679,25.3515,proTumourMacrophage,0.6135833333332824
