points_x,points_y,celltypes,phenotypes
41.0424,18.99,proTumourMacrophage,0.9472499999999124
38.9753,11.9944,proTumourMacrophage,0.9295833333332476
40.1702,20.0787,proTumourMacrophage,0.8849166666665859
37.0026,12.0028,proTumourMacrophage,0.932249999999914
40.5101,18.4393,proTumourMacrophage,0.9604166666665775
