points_x,points_y,celltypes,phenotypes
10.3689,31.6627,proTumourMacrophage,0.7297499999999363
7.02829,28.0102,proTumourMacrophage,0.8278333333332588
23.4458,25.8672,proTumourMacrophage,0.6214999999999482
