points_x,points_y,celltypes,phenotypes
24.9743,36.0037,proTumourMacrophage,0.7506666666666006
22.871,36.0518,proTumourMacrophage,0.7796666666665975
22.9666,34.4894,proTumourMacrophage,0.795499999999929
24.3616,29.3218,proTumourMacrophage,0.6733333333332758
24.3599,22.5668,proTumourMacrophage,0.6016666666666171
21.7345,27.7025,proTumourMacrophage,0.5740833333332868
26.1305,27.8688,proTumourMacrophage,0.5584999999999551
22.7605,26.8006,proTumourMacrophage,0.5695833333332873
