points_x,points_y,celltypes,phenotypes
22.7685,21.8842,proTumourMacrophage,0.7031666666666059
21.8399,24.1224,proTumourMacrophage,0.6280833333332808
27.5461,22.7027,proTumourMacrophage,0.6812499999999416
