points_x,points_y,celltypes,phenotypes
29.8497,36.1855,proTumourMacrophage,0.5239166666666256
13.3406,20.5779,proTumourMacrophage,0.5795833333332862
22.141,9.80618,proTumourMacrophage,0.671833333333276
17.5981,24.0331,proTumourMacrophage,0.5308333333332915
23.408,16.6567,proTumourMacrophage,0.6571666666666109
35.1271,27.3794,proTumourMacrophage,0.6276666666666142
21.5032,36.3344,proTumourMacrophage,0.529166666666625
27.46,32.5978,proTumourMacrophage,0.5299999999999583
