points_x,points_y,celltypes,phenotypes
32.0188,8.00513,proTumourMacrophage,0.6935833333332736
9.99139,15.976,proTumourMacrophage,0.7580833333332665
29.9839,4.98272,proTumourMacrophage,0.7645833333332658
40.0241,11.005,proTumourMacrophage,0.7878333333332632
13.9836,7.99427,proTumourMacrophage,0.795499999999929
10.4629,16.4548,proTumourMacrophage,0.7662499999999323
32.0097,40.9911,proTumourMacrophage,0.7769166666665978
32.455,11.703,proTumourMacrophage,0.8568333333332556
28.5895,11.3956,proTumourMacrophage,0.7534166666666003
20.3526,13.1566,proTumourMacrophage,0.783916666666597
21.1137,20.5325,proTumourMacrophage,0.66566666666661
36.8427,26.5627,proTumourMacrophage,0.8479999999999233
32.6493,13.7394,proTumourMacrophage,0.7000833333332729
18.1835,16.9926,proTumourMacrophage,0.7947499999999291
26.3571,19.0101,proTumourMacrophage,0.6921666666666071
24.9088,22.4923,proTumourMacrophage,0.5420833333332903
