points_x,points_y,celltypes,phenotypes
43.9666,23.9974,proTumourMacrophage,0.8145833333332603
37.2762,21.6091,proTumourMacrophage,0.8224166666665927
35.6658,26.2902,proTumourMacrophage,0.8697499999999209
22.5906,27.2146,proTumourMacrophage,0.6678333333332764
27.5783,23.2967,proTumourMacrophage,0.6073333333332831
26.9499,26.3782,proTumourMacrophage,0.5930833333332847
27.0662,24.7281,proTumourMacrophage,0.5769166666666198
22.4786,25.5037,proTumourMacrophage,0.623249999999948
25.9429,25.1155,proTumourMacrophage,0.5497499999999561
