points_x,points_y,celltypes,phenotypes
20.4497,5.47705,proTumourMacrophage,0.7763333333332645
20.3797,6.39717,proTumourMacrophage,0.841499999999924
15.4863,6.00107,proTumourMacrophage,0.8151666666665935
16.5861,5.58627,proTumourMacrophage,0.795749999999929
20.992,7.00134,proTumourMacrophage,0.8711666666665874
16.0604,6.04628,proTumourMacrophage,0.8226666666665927
21.0894,6.25116,proTumourMacrophage,0.7991666666665953
18.7446,4.33179,proTumourMacrophage,0.6311666666666138
17.8878,5.0229,proTumourMacrophage,0.6550833333332778
