points_x,points_y,celltypes,phenotypes
34.8636,36.7393,proTumourMacrophage,0.5835833333332857
26.7486,26.9593,proTumourMacrophage,0.5124999999999602
30.9124,32.4192,proTumourMacrophage,0.6894166666666074
