points_x,points_y,celltypes,phenotypes
29.0073,6.99092,proTumourMacrophage,0.868249999999921
28.5939,7.41419,proTumourMacrophage,0.8779166666665866
26.1049,6.11958,proTumourMacrophage,0.8723333333332539
29.591,16.0986,proTumourMacrophage,0.8554166666665891
26.1088,20.3409,proTumourMacrophage,0.7304166666666029
27.7824,22.4611,proTumourMacrophage,0.7244166666666035
24.3288,21.8023,proTumourMacrophage,0.5035833333332945
