points_x,points_y,celltypes,phenotypes
17.9057,15.4299,proTumourMacrophage,0.5795833333332862
15.6939,38.2944,proTumourMacrophage,0.6433333333332791
18.4212,17.404,proTumourMacrophage,0.7164999999999377
20.8917,37.7223,proTumourMacrophage,0.7214166666666039
22.6539,31.607,proTumourMacrophage,0.5413333333332904
20.2939,28.6537,proTumourMacrophage,0.6554166666666111
25.816,27.9985,proTumourMacrophage,0.5894166666666184
18.2212,20.7919,proTumourMacrophage,0.5061666666666276
25.2727,32.4235,proTumourMacrophage,0.5239166666666256
