points_x,points_y,celltypes,phenotypes
17.426,38.658,proTumourMacrophage,0.5153333333332932
14.0022,11.0068,proTumourMacrophage,0.5184166666666262
31.8566,32.0913,proTumourMacrophage,0.5399999999999572
27.9891,5.22902,proTumourMacrophage,0.6216666666666149
17.0162,13.0297,proTumourMacrophage,0.5639999999999545
24.6364,8.11769,proTumourMacrophage,0.5356666666666243
16.9834,41.0071,proTumourMacrophage,0.6351666666666134
18.1229,40.0779,proTumourMacrophage,0.5794166666666195
10.2262,38.1541,proTumourMacrophage,0.5598333333332883
22.4492,18.7869,proTumourMacrophage,0.5032499999999612
18.0918,18.3778,proTumourMacrophage,0.6275833333332809
41.9778,14.5816,proTumourMacrophage,0.5861666666666188
25.9319,16.3244,proTumourMacrophage,0.5309166666666248
31.9484,20.2688,proTumourMacrophage,0.6544166666666112
18.8773,33.1799,proTumourMacrophage,0.5554166666666221
