points_x,points_y,celltypes,phenotypes
42.4872,33.0046,proTumourMacrophage,0.8153333333332602
41.9867,33.0251,proTumourMacrophage,0.8627499999999216
41.9592,32.282,proTumourMacrophage,0.7974999999999288
41.4771,32.9705,proTumourMacrophage,0.8676666666665878
40.2189,33.0282,proTumourMacrophage,0.8583333333332555
36.9225,31.7109,proTumourMacrophage,0.898333333333251
19.4971,20.0403,proTumourMacrophage,0.814249999999927
28.4408,28.6606,proTumourMacrophage,0.7144166666666046
28.5641,26.5416,proTumourMacrophage,0.6475833333332787
