points_x,points_y,celltypes,phenotypes
24.8094,23.3869,proTumourMacrophage,0.5783333333332863
23.6059,24.3912,proTumourMacrophage,0.5615833333332881
26.0096,23.953,proTumourMacrophage,0.520916666666626
