points_x,points_y,celltypes,phenotypes
7.95564,23.9999,proTumourMacrophage,0.801916666666595
18.7327,9.27154,proTumourMacrophage,0.7932499999999293
26.9599,5.32695,proTumourMacrophage,0.7946666666665958
18.5583,8.58282,proTumourMacrophage,0.8284166666665921
27.3437,6.02494,proTumourMacrophage,0.8153333333332602
19.0079,8.13303,proTumourMacrophage,0.8354166666665913
26.9649,6.00822,proTumourMacrophage,0.814249999999927
26.9978,6.74288,proTumourMacrophage,0.8671666666665878
8.49538,23.9892,proTumourMacrophage,0.8099166666665941
19.048,8.99087,proTumourMacrophage,0.8387499999999243
19.4983,8.48516,proTumourMacrophage,0.8461666666665901
19.0425,10.7164,proTumourMacrophage,0.7949166666665958
18.3406,9.65237,proTumourMacrophage,0.8253333333332591
26.3523,6.00609,proTumourMacrophage,0.8966666666665846
19.402,9.45138,proTumourMacrophage,0.8416666666665906
19.9343,9.0056,proTumourMacrophage,0.8758333333332535
27.9395,5.99813,proTumourMacrophage,0.8397499999999242
19.8594,9.8688,proTumourMacrophage,0.804499999999928
11.326,23.4465,proTumourMacrophage,0.8303333333332585
27.3303,13.926,proTumourMacrophage,0.8151666666665935
11.386,26.0299,proTumourMacrophage,0.81733333333326
14.7737,27.5857,proTumourMacrophage,0.7286666666666031
10.7317,21.6429,proTumourMacrophage,0.8237499999999259
15.9376,19.1157,proTumourMacrophage,0.8011666666665951
24.7919,15.866,proTumourMacrophage,0.7453333333332679
21.5313,18.5525,proTumourMacrophage,0.6583333333332775
20.3573,19.7233,proTumourMacrophage,0.7387499999999353
18.5977,23.2503,proTumourMacrophage,0.7491666666666008
16.4356,22.8603,proTumourMacrophage,0.7288333333332697
17.6399,24.6431,proTumourMacrophage,0.6803333333332751
17.7833,26.6139,proTumourMacrophage,0.6863333333332744
23.3375,26.1082,proTumourMacrophage,0.6104166666666161
19.9847,26.0421,proTumourMacrophage,0.5513333333332893
21.5179,25.5923,proTumourMacrophage,0.5838333333332857
22.0062,28.5109,proTumourMacrophage,0.5361666666666243
24.2436,20.7263,proTumourMacrophage,0.5129166666666268
22.3065,21.1178,proTumourMacrophage,0.5274999999999586
