points_x,points_y,celltypes,phenotypes
40.9157,18.9178,proTumourMacrophage,0.9513333333332452
32.0563,18.3641,proTumourMacrophage,0.9469999999999124
27.687,22.9278,proTumourMacrophage,0.6788333333332752
25.5214,23.145,proTumourMacrophage,0.5797499999999528
27.0868,24.6316,proTumourMacrophage,0.5182499999999596
