points_x,points_y,celltypes,phenotypes
9.00109,18.977,proTumourMacrophage,0.5298333333332916
5.98886,21.9715,proTumourMacrophage,0.6019999999999504
7.23809,21.9768,proTumourMacrophage,0.6603333333332773
11.8222,19.3611,proTumourMacrophage,0.5547499999999556
15.8152,23.6212,proTumourMacrophage,0.5645833333332878
