points_x,points_y,celltypes,phenotypes
27.9854,6.99068,proTumourMacrophage,0.8326666666665916
22.6258,11.0823,proTumourMacrophage,0.8042499999999281
22.338,12.6056,proTumourMacrophage,0.8399166666665908
24.7371,13.2342,proTumourMacrophage,0.8065833333332612
24.5196,15.634,proTumourMacrophage,0.7729166666665982
26.373,19.883,proTumourMacrophage,0.69649999999994
22.9876,24.0413,proTumourMacrophage,0.577499999999953
25.0841,22.5675,proTumourMacrophage,0.562583333333288
27.1828,23.1213,proTumourMacrophage,0.5375833333332908
