points_x,points_y,celltypes,phenotypes
16.986,40.6759,proTumourMacrophage,0.8233333333332593
16.9864,40.0052,proTumourMacrophage,0.8948333333332514
17.9975,4.98936,proTumourMacrophage,0.886749999999919
18.9963,41.9934,proTumourMacrophage,0.8938333333332515
17.0038,39.2686,proTumourMacrophage,0.9001666666665842
19.0273,41.2587,proTumourMacrophage,0.8311666666665918
17.6572,40.0192,proTumourMacrophage,0.8937499999999182
17.2389,35.1307,proTumourMacrophage,0.6679166666666098
19.4111,28.4276,proTumourMacrophage,0.5693333333332873
