points_x,points_y,celltypes,phenotypes
18.5297,9.01627,proTumourMacrophage,0.829416666666592
17.782,9.42463,proTumourMacrophage,0.8523333333332561
17.9811,8.44728,proTumourMacrophage,0.8266666666665923
17.9966,9.02446,proTumourMacrophage,0.8557499999999224
19.0485,9.01584,proTumourMacrophage,0.8392499999999242
18.3828,9.77336,proTumourMacrophage,0.8970833333332512
17.2398,8.99205,proTumourMacrophage,0.8903333333332519
17.8286,10.1818,proTumourMacrophage,0.9018333333332508
18.9215,13.7905,proTumourMacrophage,0.8409166666665907
20.5801,15.7667,proTumourMacrophage,0.8459999999999235
22.369,20.2997,proTumourMacrophage,0.6506666666666117
22.0941,21.9303,proTumourMacrophage,0.5868333333332854
