points_x,points_y,celltypes,phenotypes
4.01507,29.0113,proTumourMacrophage,0.6814999999999416
20.9762,7.37707,proTumourMacrophage,0.738416666666602
21.0009,8.00026,proTumourMacrophage,0.7414166666666017
4.88024,27.9909,proTumourMacrophage,0.6773333333332754
20.3022,7.97958,proTumourMacrophage,0.7214166666666039
5.3449,28.0315,proTumourMacrophage,0.7367499999999355
20.9673,8.38946,proTumourMacrophage,0.72583333333327
21.6876,8.01785,proTumourMacrophage,0.7323333333332693
18.9751,7.98161,proTumourMacrophage,0.7697499999999319
6.29412,36.6319,proTumourMacrophage,0.7282499999999364
20.9871,8.84455,proTumourMacrophage,0.8212499999999262
5.97416,27.9933,proTumourMacrophage,0.7491666666666008
7.65654,31.3932,proTumourMacrophage,0.7679166666665987
20.8036,9.42121,proTumourMacrophage,0.8278333333332588
8.90205,27.3386,proTumourMacrophage,0.7482499999999342
22.5618,11.4789,proTumourMacrophage,0.8230833333332593
11.8139,33.7454,proTumourMacrophage,0.7862499999999301
18.8972,17.3468,proTumourMacrophage,0.7512499999999339
13.2263,27.0751,proTumourMacrophage,0.8190833333332598
21.5737,15.4291,proTumourMacrophage,0.7669999999999322
24.1105,19.8438,proTumourMacrophage,0.6518333333332782
20.0543,21.9054,proTumourMacrophage,0.6821666666666082
19.985,24.492,proTumourMacrophage,0.6253333333332811
23.4746,26.7612,proTumourMacrophage,0.5531666666666224
