points_x,points_y,celltypes,phenotypes
28.0207,6.01427,proTumourMacrophage,0.5056666666666276
11.9631,13.4825,proTumourMacrophage,0.5134166666666268
19.9987,8.07493,proTumourMacrophage,0.5094166666666272
11.9684,17.9494,proTumourMacrophage,0.5394166666666239
24.7592,6.54326,proTumourMacrophage,0.6007499999999505
22.6314,11.7759,proTumourMacrophage,0.593166666666618
18.7066,31.7386,proTumourMacrophage,0.6939166666666069
14.228,29.3513,proTumourMacrophage,0.5256666666666254
