points_x,points_y,celltypes,phenotypes
8.02231,19.7095,proTumourMacrophage,0.550999999999956
26.9956,8.30608,proTumourMacrophage,0.5702499999999538
27.0101,44.9793,proTumourMacrophage,0.5682499999999541
21.7114,41.8519,proTumourMacrophage,0.541999999999957
34.9998,39.0147,proTumourMacrophage,0.6223333333332814
27.7675,35.94,proTumourMacrophage,0.5369999999999575
26.0861,11.8805,proTumourMacrophage,0.5649166666666211
34.9956,37.6113,proTumourMacrophage,0.5079999999999607
18.024,8.01873,proTumourMacrophage,0.5254166666666255
28.3972,17.868,proTumourMacrophage,0.5036666666666278
23.0383,32.3073,proTumourMacrophage,0.5061666666666276
33.8676,30.7971,proTumourMacrophage,0.5429166666666235
13.3836,18.9632,proTumourMacrophage,0.607833333333283
21.097,36.7731,proTumourMacrophage,0.5648333333332878
19.6278,24.5129,proTumourMacrophage,0.5413333333332904
30.4313,29.5288,proTumourMacrophage,0.598833333333284
