points_x,points_y,celltypes,phenotypes
28.0347,5.89882,proTumourMacrophage,0.5214166666666259
14.0172,11.0097,proTumourMacrophage,0.5014999999999614
18.3758,39.6324,proTumourMacrophage,0.5129999999999602
33.8372,29.2531,proTumourMacrophage,0.502666666666628
27.7045,6.48868,proTumourMacrophage,0.566166666666621
