points_x,points_y,celltypes,phenotypes
28.805,40.7824,proTumourMacrophage,0.5046666666666277
25.4831,38.3687,proTumourMacrophage,0.5671666666666209
27.0153,43.0013,proTumourMacrophage,0.6658333333332767
19.8275,13.6704,proTumourMacrophage,0.6790833333332752
20.2243,23.8794,proTumourMacrophage,0.5079166666666274
