points_x,points_y,celltypes,phenotypes
9.66445,34.3759,proTumourMacrophage,0.6407499999999461
10.7403,31.0097,proTumourMacrophage,0.6678333333332764
13.9116,33.0635,proTumourMacrophage,0.7558333333332667
19.8104,28.8418,proTumourMacrophage,0.6738333333332758
23.4825,26.0007,proTumourMacrophage,0.5918333333332848
