points_x,points_y,celltypes,phenotypes
17.9952,8.99438,proTumourMacrophage,0.805249999999928
15.3877,10.0003,proTumourMacrophage,0.7934166666665959
16.0824,15.8556,proTumourMacrophage,0.8169166666665933
16.7435,10.451,proTumourMacrophage,0.8249166666665925
18.5845,14.5999,proTumourMacrophage,0.8642499999999215
22.9553,20.9012,proTumourMacrophage,0.7001666666666062
22.255,23.3653,proTumourMacrophage,0.5655833333332877
22.8746,23.2152,proTumourMacrophage,0.5305833333332916
