points_x,points_y,celltypes,phenotypes
25.006,43.0357,proTumourMacrophage,0.7450833333332679
35.0632,38.9532,proTumourMacrophage,0.780833333333264
24.9835,42.3145,proTumourMacrophage,0.7645833333332658
36.0122,38.2254,proTumourMacrophage,0.7612499999999328
35.5539,38.9975,proTumourMacrophage,0.759999999999933
38.2443,38.9805,proTumourMacrophage,0.7779166666665976
36.0106,38.9988,proTumourMacrophage,0.783666666666597
36.5279,39.0137,proTumourMacrophage,0.8034166666665948
36.778,38.4363,proTumourMacrophage,0.8130833333332604
33.2787,37.2145,proTumourMacrophage,0.7793333333332642
26.0188,30.6373,proTumourMacrophage,0.7308333333332695
26.3139,27.4023,proTumourMacrophage,0.5648333333332878
