points_x,points_y,celltypes,phenotypes
9.99575,35.0227,proTumourMacrophage,0.7969166666665956
10.0007,34.3574,proTumourMacrophage,0.7673333333332655
10.6554,29.5893,proTumourMacrophage,0.825833333333259
10.6315,34.6985,proTumourMacrophage,0.8043333333332614
28.5801,12.4651,proTumourMacrophage,0.777749999999931
17.6082,28.6839,proTumourMacrophage,0.7589166666665997
19.3372,26.5727,proTumourMacrophage,0.7009999999999394
23.503,31.6494,proTumourMacrophage,0.7214999999999372
21.5962,25.4996,proTumourMacrophage,0.517833333333293
27.8579,22.5919,proTumourMacrophage,0.5067499999999608
27.2551,24.7533,proTumourMacrophage,0.5045833333332944
