points_x,points_y,celltypes,phenotypes
29.1354,42.0701,proTumourMacrophage,0.9308333333332476
28.4323,42.0074,proTumourMacrophage,1.0
15.8193,41.2444,proTumourMacrophage,0.90883333333325
29.0506,41.297,proTumourMacrophage,0.9012499999999174
28.1973,35.1003,proTumourMacrophage,0.9354166666665804
27.2192,29.496,proTumourMacrophage,0.9398333333332464
27.9077,31.1945,proTumourMacrophage,0.9028333333332506
21.0795,31.1771,proTumourMacrophage,0.8970833333332512
23.9484,26.8361,proTumourMacrophage,0.7632499999999326
25.7711,26.3093,proTumourMacrophage,0.6774166666666087
27.0739,25.5547,proTumourMacrophage,0.6632499999999436
25.5193,24.977,proTumourMacrophage,0.5719999999999537
28.1848,24.3081,proTumourMacrophage,0.5464166666666231
