points_x,points_y,celltypes,phenotypes
42.9884,34.0173,proTumourMacrophage,0.8275833333332588
18.9975,43.0133,proTumourMacrophage,0.8525833333332561
30.0694,12.5626,proTumourMacrophage,0.8204999999999263
