points_x,points_y,celltypes,phenotypes
27.8935,39.5253,proTumourMacrophage,0.5280833333332918
44.7474,22.9553,proTumourMacrophage,0.6560833333332777
27.5517,17.9132,proTumourMacrophage,0.5067499999999608
