points_x,points_y,celltypes,phenotypes
36.0229,41.9919,proTumourMacrophage,0.7219999999999371
21.9747,44.0045,proTumourMacrophage,0.7307499999999362
19.0145,41.9646,proTumourMacrophage,0.8212499999999262
25.896,28.6973,proTumourMacrophage,0.6474999999999453
26.5372,31.5276,proTumourMacrophage,0.6428333333332792
