points_x,points_y,celltypes,phenotypes
23.6618,25.6158,antiTumourMacrophage,0.3987499999999727
28.4428,24.9573,antiTumourMacrophage,0.4141666666666377
30.53,26.4595,antiTumourMacrophage,0.4811666666666303
28.3116,26.9043,antiTumourMacrophage,0.4814166666666303
25.6808,23.6428,antiTumourMacrophage,0.3889999999999738
21.1611,24.0428,antiTumourMacrophage,0.4239999999999699
24.4764,22.4501,antiTumourMacrophage,0.4023333333333057
24.3473,26.9848,antiTumourMacrophage,0.3955833333333064
31.2939,26.0337,antiTumourMacrophage,0.4337499999999689
26.5349,27.0173,antiTumourMacrophage,0.4144166666666377
21.2996,24.6806,antiTumourMacrophage,0.3453333333333119
25.8945,24.1602,antiTumourMacrophage,0.2447499999999896
25.9267,27.0128,antiTumourMacrophage,0.3219166666666478
28.7146,26.0092,antiTumourMacrophage,0.3025833333333166
27.713,26.7358,antiTumourMacrophage,0.3119999999999823
27.4604,25.0028,antiTumourMacrophage,0.2124999999999932
25.002,23.015,antiTumourMacrophage,0.1618333333333321
28.9995,26.0115,antiTumourMacrophage,0.1624166666666654
25.3064,23.3623,antiTumourMacrophage,0.1859999999999961
22.028,24.0185,antiTumourMacrophage,0.1217500000000026
28.1487,25.9825,antiTumourMacrophage,0.192666666666662
24.447,23.3788,antiTumourMacrophage,0.1330833333333353
22.5615,23.4734,antiTumourMacrophage,0.099166666666668
28.5815,26.3885,antiTumourMacrophage,0.1149166666666689
27.7588,26.221,antiTumourMacrophage,0.1032500000000016
29.9274,26.0171,antiTumourMacrophage,0.0571666666666661
30.2979,25.9882,antiTumourMacrophage,0.0770000000000001
27.1632,26.8746,antiTumourMacrophage,0.0429166666666665
24.7752,27.3428,antiTumourMacrophage,0.0292500000000001
14.1088,30.1589,antiTumourMacrophage,0.0
11.3496,31.9665,antiTumourMacrophage,0.0
19.0843,10.5699,antiTumourMacrophage,0.0
32.2761,7.2623,antiTumourMacrophage,0.0
