points_x,points_y,celltypes,phenotypes
25.1562,25.0252,antiTumourMacrophage,0.4641666666666322
25.4393,25.5556,antiTumourMacrophage,0.3711666666666424
25.4636,24.3987,antiTumourMacrophage,0.2847499999999853
38.2206,34.6295,antiTumourMacrophage,0.0
