points_x,points_y,celltypes,phenotypes
27.0048,25.1359,antiTumourMacrophage,0.4904166666666293
26.3502,25.5124,antiTumourMacrophage,0.3840833333333077
24.2165,23.7624,antiTumourMacrophage,0.2857499999999852
25.6126,23.6226,antiTumourMacrophage,0.1462500000000005
25.9921,24.0045,antiTumourMacrophage,0.0947500000000011
25.0821,26.7685,antiTumourMacrophage,0.0507499999999996
19.4233,29.8908,antiTumourMacrophage,0.0109999999999999
