points_x,points_y,celltypes,phenotypes
26.4295,22.3775,antiTumourMacrophage,0.4332499999999689
24.6414,27.9695,antiTumourMacrophage,0.4783333333332973
22.6017,22.0052,antiTumourMacrophage,0.4334999999999689
23.7882,27.0106,antiTumourMacrophage,0.4730833333332979
21.7085,22.6046,antiTumourMacrophage,0.3861666666666408
22.4681,24.7601,antiTumourMacrophage,0.3601666666666436
27.9762,24.0032,antiTumourMacrophage,0.3034166666666499
27.6976,24.6261,antiTumourMacrophage,0.2564166666666551
24.2229,23.4645,antiTumourMacrophage,0.3736666666666421
24.4147,22.0013,antiTumourMacrophage,0.3552499999999775
23.8336,21.982,antiTumourMacrophage,0.2694166666666536
23.9474,22.3319,antiTumourMacrophage,0.2036666666666608
23.2012,21.9699,antiTumourMacrophage,0.2591666666666548
26.6771,23.1157,antiTumourMacrophage,0.2356666666666573
23.0027,24.9843,antiTumourMacrophage,0.1941666666666619
21.1253,22.8306,antiTumourMacrophage,0.2194999999999924
25.8695,23.6172,antiTumourMacrophage,0.2196666666666591
22.4739,26.3641,antiTumourMacrophage,0.1210000000000026
27.1743,23.8586,antiTumourMacrophage,0.1088333333333353
25.7235,21.3015,antiTumourMacrophage,0.0538333333333329
16.8054,18.6856,antiTumourMacrophage,0.02425
20.0571,27.3276,antiTumourMacrophage,0.0448333333333331
17.8531,22.429,antiTumourMacrophage,0.0407499999999999
32.6704,34.1134,antiTumourMacrophage,0.0
12.7157,21.9047,antiTumourMacrophage,0.0030833333333333
19.0837,40.8603,antiTumourMacrophage,0.0
12.3619,9.64339,antiTumourMacrophage,0.0
40.7851,34.3509,antiTumourMacrophage,0.0
30.4153,11.1935,antiTumourMacrophage,0.0
6.65114,36.9777,antiTumourMacrophage,0.0
10.8824,39.8822,antiTumourMacrophage,0.0
35.6263,40.7739,antiTumourMacrophage,0.0
