points_x,points_y,celltypes,phenotypes
23.9058,24.1695,antiTumourMacrophage,0.4319999999999691
23.9262,23.523,antiTumourMacrophage,0.3964166666666396
25.3549,23.3269,antiTumourMacrophage,0.3970833333333062
23.9835,25.8747,antiTumourMacrophage,0.2243333333333252
25.3052,25.9735,antiTumourMacrophage,0.1331666666666686
25.0579,22.9713,antiTumourMacrophage,0.2180833333333259
25.3634,24.3984,antiTumourMacrophage,0.0739166666666666
30.0058,37.1998,antiTumourMacrophage,0.0
14.2229,8.55497,antiTumourMacrophage,0.0
39.2171,23.0287,antiTumourMacrophage,0.0
