points_x,points_y,celltypes,phenotypes
25.9806,24.0243,antiTumourMacrophage,0.3816666666666413
24.2186,23.8361,antiTumourMacrophage,0.2336666666666575
24.3366,24.3095,antiTumourMacrophage,0.1759166666666639
25.0536,25.3249,antiTumourMacrophage,0.087333333333334
24.0261,24.9533,antiTumourMacrophage,0.0691666666666663
23.5849,26.4986,antiTumourMacrophage,0.0492499999999997
24.8136,21.3585,antiTumourMacrophage,0.0381666666666666
