points_x,points_y,celltypes,phenotypes
25.9699,24.0106,antiTumourMacrophage,0.2615833333333212
23.389,24.6263,antiTumourMacrophage,0.244833333333323
22.9888,25.031,antiTumourMacrophage,0.0477499999999997
24.2904,24.2903,antiTumourMacrophage,0.0709999999999998
25.2094,24.8176,antiTumourMacrophage,0.0564999999999995
19.8417,29.4895,antiTumourMacrophage,0.0
