points_x,points_y,celltypes,phenotypes
24.6456,22.8322,antiTumourMacrophage,0.4954999999999621
20.7836,22.9286,antiTumourMacrophage,0.4893333333332961
22.2637,27.2494,antiTumourMacrophage,0.4744999999999644
27.6526,25.8476,antiTumourMacrophage,0.4362499999999686
27.1502,26.2231,antiTumourMacrophage,0.4320833333333024
23.3516,21.9526,antiTumourMacrophage,0.4708333333332981
23.3248,22.9053,antiTumourMacrophage,0.3776666666666417
28.9735,24.8753,antiTumourMacrophage,0.3803333333333081
29.4681,23.472,antiTumourMacrophage,0.4122499999999712
21.9774,22.0173,antiTumourMacrophage,0.3544999999999776
26.116,27.5459,antiTumourMacrophage,0.3241666666666476
23.3296,23.8961,antiTumourMacrophage,0.2790833333333192
21.9116,22.6045,antiTumourMacrophage,0.275416666666653
25.5115,25.1179,antiTumourMacrophage,0.2046666666666607
23.8629,25.7321,antiTumourMacrophage,0.2682499999999871
21.6926,24.3077,antiTumourMacrophage,0.2069166666666605
23.3335,25.1322,antiTumourMacrophage,0.2064999999999938
29.7189,23.7849,antiTumourMacrophage,0.2349166666666574
27.7875,24.0088,antiTumourMacrophage,0.2209999999999922
26.4638,23.6379,antiTumourMacrophage,0.1370000000000015
21.855,25.0321,antiTumourMacrophage,0.1266666666666693
26.5637,22.889,antiTumourMacrophage,0.1099166666666686
39.3441,22.9356,antiTumourMacrophage,0.0469999999999997
21.9335,27.819,antiTumourMacrophage,0.0437499999999998
39.9962,24.4931,antiTumourMacrophage,0.0336666666666667
27.1394,37.5945,antiTumourMacrophage,0.0
