points_x,points_y,celltypes,phenotypes
27.7022,24.1411,antiTumourMacrophage,0.4169999999999707
22.9733,24.9736,antiTumourMacrophage,0.3340833333333132
26.9674,25.0791,antiTumourMacrophage,0.3271666666666473
24.9582,27.1302,antiTumourMacrophage,0.2552499999999885
27.0493,26.1912,antiTumourMacrophage,0.2646666666666541
26.815,24.6054,antiTumourMacrophage,0.2498333333333224
26.761,25.8596,antiTumourMacrophage,0.2389166666666569
27.2953,24.6004,antiTumourMacrophage,0.2390833333333236
23.4395,24.5657,antiTumourMacrophage,0.1683333333333314
25.7399,25.2585,antiTumourMacrophage,0.186999999999996
26.0469,25.9699,antiTumourMacrophage,0.1655833333333317
25.3514,26.6493,antiTumourMacrophage,0.1421666666666676
26.416,24.9523,antiTumourMacrophage,0.1806666666666634
24.8028,26.1974,antiTumourMacrophage,0.1439166666666674
24.1864,26.1098,antiTumourMacrophage,0.1537499999999997
25.9034,22.7525,antiTumourMacrophage,0.0725833333333332
24.7544,26.7656,antiTumourMacrophage,0.1137500000000022
25.687,26.3531,antiTumourMacrophage,0.0760000000000001
26.4342,25.5457,antiTumourMacrophage,0.0782500000000002
23.5322,25.5038,antiTumourMacrophage,0.0841666666666672
23.0375,25.4149,antiTumourMacrophage,0.0376666666666666
16.2539,27.5817,antiTumourMacrophage,0.0
35.1217,24.0302,antiTumourMacrophage,0.0
36.331,24.6384,antiTumourMacrophage,0.0
19.5578,10.9878,antiTumourMacrophage,0.0
6.5244,32.1009,antiTumourMacrophage,0.0
6.8499,28.289,antiTumourMacrophage,0.0
34.5008,10.0306,antiTumourMacrophage,0.0
35.3858,45.4682,antiTumourMacrophage,0.0
16.522,42.9181,antiTumourMacrophage,0.0
28.1228,8.68307,antiTumourMacrophage,0.0
