points_x,points_y,celltypes,phenotypes
23.0144,25.5833,antiTumourMacrophage,0.3944166666666399
24.2947,24.6343,antiTumourMacrophage,0.4285833333333028
24.5927,23.277,antiTumourMacrophage,0.4930833333332957
25.9443,24.0808,antiTumourMacrophage,0.2779166666666527
22.6821,23.0106,antiTumourMacrophage,0.4273333333333029
21.525,23.8558,antiTumourMacrophage,0.3319999999999801
22.401,24.2533,antiTumourMacrophage,0.3259999999999807
22.2462,22.2344,antiTumourMacrophage,0.1450000000000006
25.3331,22.993,antiTumourMacrophage,0.3238333333333143
26.6381,25.3486,antiTumourMacrophage,0.2169999999999927
26.4714,24.5415,antiTumourMacrophage,0.2524166666666555
26.4683,23.8265,antiTumourMacrophage,0.2797499999999858
23.9879,22.1408,antiTumourMacrophage,0.18058333333333
19.7458,23.2723,antiTumourMacrophage,0.0862500000000006
21.5843,25.4819,antiTumourMacrophage,0.1785833333333303
19.749,28.4623,antiTumourMacrophage,0.0409999999999999
25.3451,25.5287,antiTumourMacrophage,0.1589166666666658
24.2071,26.0965,antiTumourMacrophage,0.1262500000000027
25.1436,24.9715,antiTumourMacrophage,0.1859999999999961
26.8598,31.3044,antiTumourMacrophage,0.0
15.5245,17.829,antiTumourMacrophage,0.0
23.794,27.6096,antiTumourMacrophage,0.1110833333333354
16.1829,25.9385,antiTumourMacrophage,0.0109999999999999
21.0141,18.113,antiTumourMacrophage,0.0327500000000001
14.2743,16.3556,antiTumourMacrophage,0.0
37.3283,20.1958,antiTumourMacrophage,0.0
18.7317,16.8098,antiTumourMacrophage,0.0
16.1377,22.1392,antiTumourMacrophage,0.0
13.9184,34.0695,antiTumourMacrophage,0.0
9.53051,19.6125,antiTumourMacrophage,0.0
6.70635,9.18107,antiTumourMacrophage,0.0
25.687,12.7992,antiTumourMacrophage,0.0
7.33999,37.0917,antiTumourMacrophage,0.0
45.5471,20.3595,antiTumourMacrophage,0.0
9.86045,38.6899,antiTumourMacrophage,0.0
12.3835,8.36639,antiTumourMacrophage,0.0
47.1587,20.0595,antiTumourMacrophage,0.0
