points_x,points_y,celltypes,phenotypes
28.0151,20.4856,antiTumourMacrophage,0.4643333333332988
27.7522,22.1462,antiTumourMacrophage,0.4361666666666353
21.3079,25.3497,antiTumourMacrophage,0.4414166666666347
24.7301,26.5837,antiTumourMacrophage,0.3401666666666458
25.739,27.0211,antiTumourMacrophage,0.3284999999999805
25.9145,23.362,antiTumourMacrophage,0.3704166666666425
23.0252,24.5978,antiTumourMacrophage,0.311166666666649
24.5934,22.5006,antiTumourMacrophage,0.353833333333311
22.8325,25.1535,antiTumourMacrophage,0.2079166666666604
28.6067,24.4094,antiTumourMacrophage,0.3256666666666474
26.4684,25.8508,antiTumourMacrophage,0.2335833333333242
22.6464,24.1803,antiTumourMacrophage,0.2556666666666551
22.6453,22.6429,antiTumourMacrophage,0.308083333333316
25.013,24.2122,antiTumourMacrophage,0.2224999999999921
22.2687,26.3306,antiTumourMacrophage,0.2127499999999932
23.5551,21.6095,antiTumourMacrophage,0.2014166666666611
27.8652,25.7926,antiTumourMacrophage,0.2546666666666553
24.9781,21.7692,antiTumourMacrophage,0.232249999999991
25.8487,20.1579,antiTumourMacrophage,0.2849999999999852
27.0977,20.2982,antiTumourMacrophage,0.2542499999999886
22.7087,25.6999,antiTumourMacrophage,0.1219166666666693
25.18,20.8612,antiTumourMacrophage,0.2044166666666607
23.1223,27.0803,antiTumourMacrophage,0.1185833333333358
22.6882,23.4758,antiTumourMacrophage,0.1116666666666687
26.4701,26.565,antiTumourMacrophage,0.0545833333333329
26.7091,19.405,antiTumourMacrophage,0.1098333333333353
27.3113,19.988,antiTumourMacrophage,0.116666666666669
28.4962,31.9559,antiTumourMacrophage,0.0104166666666666
14.5875,17.2647,antiTumourMacrophage,0.0
12.8849,16.2005,antiTumourMacrophage,0.0
7.86307,3.88622,antiTumourMacrophage,0.0
