points_x,points_y,celltypes,phenotypes
22.0873,24.1113,antiTumourMacrophage,0.4604999999999659
25.9406,25.0698,antiTumourMacrophage,0.3964166666666396
22.7013,23.2762,antiTumourMacrophage,0.4279166666666362
25.4653,26.5339,antiTumourMacrophage,0.4242499999999699
25.3919,22.8921,antiTumourMacrophage,0.4439999999999677
25.4074,23.3421,antiTumourMacrophage,0.3491666666666448
22.269,23.6175,antiTumourMacrophage,0.3547499999999776
24.3441,26.9804,antiTumourMacrophage,0.260249999999988
23.4296,26.9986,antiTumourMacrophage,0.2696666666666536
25.9407,26.271,antiTumourMacrophage,0.2020833333333277
23.7883,24.4919,antiTumourMacrophage,0.2276666666666582
25.706,25.7507,antiTumourMacrophage,0.1638333333333319
26.191,25.799,antiTumourMacrophage,0.2276666666666582
26.7859,24.2112,antiTumourMacrophage,0.1994999999999946
24.0137,23.0003,antiTumourMacrophage,0.1351666666666684
27.8218,28.7176,antiTumourMacrophage,0.0198333333333333
29.9693,19.8256,antiTumourMacrophage,0.0132499999999999
32.1969,17.6867,antiTumourMacrophage,0.0
32.6182,35.4576,antiTumourMacrophage,0.0
14.273,22.9527,antiTumourMacrophage,0.0
25.0794,14.5322,antiTumourMacrophage,0.0
7.40811,13.3334,antiTumourMacrophage,0.0
