points_x,points_y,celltypes,phenotypes
26.2426,24.9993,antiTumourMacrophage,0.1434166666666675
24.131,24.179,antiTumourMacrophage,0.1423333333333342
24.8197,25.4381,antiTumourMacrophage,0.1130833333333355
24.7514,24.0115,antiTumourMacrophage,0.1119166666666688
24.2507,27.2032,antiTumourMacrophage,0.0668333333333329
27.2754,32.889,antiTumourMacrophage,0.0
31.9576,13.0433,antiTumourMacrophage,0.0
