points_x,points_y,celltypes,phenotypes
27.5279,23.2978,antiTumourMacrophage,0.4591666666666327
28.4025,24.4826,antiTumourMacrophage,0.4829166666666301
24.8631,22.9742,antiTumourMacrophage,0.4197499999999704
24.3971,22.9596,antiTumourMacrophage,0.3589166666666438
23.0093,25.3631,antiTumourMacrophage,0.3700833333333092
25.6022,22.314,antiTumourMacrophage,0.3211666666666479
25.7297,23.1831,antiTumourMacrophage,0.2759166666666529
25.2642,22.7356,antiTumourMacrophage,0.2213333333333255
23.5906,23.0028,antiTumourMacrophage,0.2567499999999884
26.3023,24.6726,antiTumourMacrophage,0.2320833333333244
23.3141,24.11,antiTumourMacrophage,0.2059166666666606
26.6004,25.1645,antiTumourMacrophage,0.1300833333333356
23.9966,23.5123,antiTumourMacrophage,0.1480833333333336
26.0971,23.0034,antiTumourMacrophage,0.0792500000000002
24.0895,24.9486,antiTumourMacrophage,0.1015000000000015
25.1481,23.9474,antiTumourMacrophage,0.0885833333333341
26.7998,21.9471,antiTumourMacrophage,0.0360833333333334
12.0787,24.3812,antiTumourMacrophage,0.0
36.2069,21.8791,antiTumourMacrophage,0.0115833333333333
10.2024,2.7148,antiTumourMacrophage,0.0
