points_x,points_y,celltypes,phenotypes
27.566,23.0182,antiTumourMacrophage,0.4838333333332967
28.6223,26.6252,antiTumourMacrophage,0.4916666666666291
26.8676,27.0426,antiTumourMacrophage,0.4563333333332997
28.5958,27.4174,antiTumourMacrophage,0.4375833333333018
26.8312,24.8271,antiTumourMacrophage,0.407833333333305
25.0659,27.0877,antiTumourMacrophage,0.3227499999999811
23.1264,25.4439,antiTumourMacrophage,0.2901666666666513
27.0013,26.4022,antiTumourMacrophage,0.201916666666661
24.098,27.0907,antiTumourMacrophage,0.2044999999999941
27.0015,25.9548,antiTumourMacrophage,0.1500000000000001
23.3966,27.0049,antiTumourMacrophage,0.1740833333333308
24.7141,23.354,antiTumourMacrophage,0.1205833333333359
25.7525,23.4554,antiTumourMacrophage,0.1664999999999983
22.9136,23.4805,antiTumourMacrophage,0.1149166666666689
26.454,24.4411,antiTumourMacrophage,0.0710833333333331
27.4111,25.708,antiTumourMacrophage,0.0941666666666678
22.0877,25.528,antiTumourMacrophage,0.0320000000000001
29.9217,26.3974,antiTumourMacrophage,0.0812500000000004
29.867,26.9816,antiTumourMacrophage,0.0464166666666664
22.9819,24.9523,antiTumourMacrophage,0.0426666666666665
10.7558,32.5842,antiTumourMacrophage,0.0
40.7324,29.7728,antiTumourMacrophage,0.0
32.9171,33.2702,antiTumourMacrophage,0.0
