points_x,points_y,celltypes,phenotypes
22.9175,23.7909,antiTumourMacrophage,0.4345833333333021
25.621,24.1246,antiTumourMacrophage,0.3576666666666439
25.4962,23.6222,antiTumourMacrophage,0.3676666666666428
23.0955,25.2027,antiTumourMacrophage,0.3106666666666491
24.0309,24.8173,antiTumourMacrophage,0.2892499999999848
23.4348,22.7722,antiTumourMacrophage,0.1281666666666691
24.5225,23.4592,antiTumourMacrophage,0.2994166666666503
24.5167,25.9931,antiTumourMacrophage,0.2411666666666567
26.369,25.632,antiTumourMacrophage,0.1737499999999975
26.5869,26.6585,antiTumourMacrophage,0.0618333333333327
25.9663,21.1601,antiTumourMacrophage,0.0423333333333332
31.5914,29.5795,antiTumourMacrophage,0.0
4.97404,4.70982,antiTumourMacrophage,0.0
