points_x,points_y,celltypes,phenotypes
26.1141,26.8564,antiTumourMacrophage,0.4478333333333006
23.4392,24.5497,antiTumourMacrophage,0.3119999999999823
26.6825,25.3007,antiTumourMacrophage,0.3894999999999737
24.6925,22.9904,antiTumourMacrophage,0.3765833333333085
25.1518,24.9643,antiTumourMacrophage,0.2963333333333173
25.1172,23.4461,antiTumourMacrophage,0.2779166666666527
26.8198,23.7192,antiTumourMacrophage,0.3666666666666429
24.7835,25.0925,antiTumourMacrophage,0.3166666666666484
25.6982,23.645,antiTumourMacrophage,0.1816666666666632
23.8579,24.1345,antiTumourMacrophage,0.1265000000000027
27.2796,22.2592,antiTumourMacrophage,0.0384166666666666
24.0038,30.0277,antiTumourMacrophage,0.0027499999999999
33.1708,27.2627,antiTumourMacrophage,0.0
16.953,22.0556,antiTumourMacrophage,0.0
12.222,15.2196,antiTumourMacrophage,0.0
36.3264,17.1498,antiTumourMacrophage,0.0
14.2464,10.7598,antiTumourMacrophage,0.0
42.9993,20.0597,antiTumourMacrophage,0.0
15.4477,18.5827,antiTumourMacrophage,0.0
10.7581,15.5821,antiTumourMacrophage,0.0
