points_x,points_y,celltypes,phenotypes
25.9816,23.3554,antiTumourMacrophage,0.4733333333332978
22.9777,21.2152,antiTumourMacrophage,0.4225833333333034
21.2915,24.3196,antiTumourMacrophage,0.48391666666663
26.4734,20.4015,antiTumourMacrophage,0.3992499999999727
22.7503,23.8554,antiTumourMacrophage,0.4607499999999659
23.9527,26.4129,antiTumourMacrophage,0.3334999999999799
22.0028,25.9911,antiTumourMacrophage,0.3830833333333078
24.4462,23.6528,antiTumourMacrophage,0.3999999999999726
22.7575,27.1799,antiTumourMacrophage,0.3518333333333112
24.8825,26.3199,antiTumourMacrophage,0.3155833333333152
26.18,27.4529,antiTumourMacrophage,0.222999999999992
25.194,24.9395,antiTumourMacrophage,0.275416666666653
26.9776,24.9957,antiTumourMacrophage,0.2564999999999884
26.281,22.0057,antiTumourMacrophage,0.3649999999999764
25.4418,20.5493,antiTumourMacrophage,0.2654999999999874
29.2612,11.3559,antiTumourMacrophage,0.0037499999999999
25.2778,19.7981,antiTumourMacrophage,0.2036666666666608
38.1974,35.1106,antiTumourMacrophage,0.0
20.1942,30.1201,antiTumourMacrophage,0.0741666666666666
35.0108,27.0634,antiTumourMacrophage,0.0
24.9465,15.452,antiTumourMacrophage,0.1519166666666665
36.6182,43.3579,antiTumourMacrophage,0.0
15.4047,12.5795,antiTumourMacrophage,0.0
16.2479,19.0195,antiTumourMacrophage,0.0116666666666666
33.7895,28.8589,antiTumourMacrophage,0.0112499999999999
27.9945,35.6633,antiTumourMacrophage,0.0
45.2196,38.835,antiTumourMacrophage,0.0
8.79481,15.5215,antiTumourMacrophage,0.0
26.0801,39.3512,antiTumourMacrophage,0.0
43.8679,29.9578,antiTumourMacrophage,0.0
20.0999,8.75185,antiTumourMacrophage,0.0
24.9998,10.0266,antiTumourMacrophage,0.0095
