points_x,points_y,celltypes,phenotypes
29.0705,23.4996,antiTumourMacrophage,0.4548333333332999
28.4138,21.4292,antiTumourMacrophage,0.4761666666666309
29.5901,24.5308,antiTumourMacrophage,0.4977499999999618
22.4852,26.4445,antiTumourMacrophage,0.4848333333332966
27.6507,23.6003,antiTumourMacrophage,0.42324999999997
28.0172,26.9767,antiTumourMacrophage,0.4334166666666356
26.4026,22.3641,antiTumourMacrophage,0.3381666666666461
29.0447,23.0065,antiTumourMacrophage,0.3261666666666474
28.7503,26.9907,antiTumourMacrophage,0.2977499999999838
27.5518,21.5707,antiTumourMacrophage,0.2916666666666512
27.8429,22.9767,antiTumourMacrophage,0.2785833333333193
29.3969,27.4176,antiTumourMacrophage,0.2553333333333218
38.1629,34.1778,antiTumourMacrophage,0.2653333333333207
28.976,26.2889,antiTumourMacrophage,0.2389999999999903
26.496,21.5953,antiTumourMacrophage,0.1674166666666648
27.0466,24.0032,antiTumourMacrophage,0.2039999999999941
25.6891,22.0484,antiTumourMacrophage,0.1633333333333319
26.8297,21.1515,antiTumourMacrophage,0.1346666666666684
29.0054,25.6616,antiTumourMacrophage,0.1338333333333352
21.0155,24.9789,antiTumourMacrophage,0.0959166666666679
22.914,23.0574,antiTumourMacrophage,0.0913333333333343
27.2989,22.2362,antiTumourMacrophage,0.0635833333333327
28.4229,35.8552,antiTumourMacrophage,0.0
35.5933,34.8145,antiTumourMacrophage,0.0121666666666666
32.5465,41.8562,antiTumourMacrophage,0.0
