points_x,points_y,celltypes,phenotypes
24.4116,21.1171,antiTumourMacrophage,0.0
24.0843,24.6699,antiTumourMacrophage,0.4404999999999681
22.8304,23.3329,antiTumourMacrophage,0.4045833333333054
23.3077,25.2737,antiTumourMacrophage,0.2917499999999845
24.9834,25.0919,antiTumourMacrophage,0.2806666666666524
26.3141,22.8585,antiTumourMacrophage,0.3302499999999803
25.6086,23.4933,antiTumourMacrophage,0.1548333333333329
25.9553,22.0054,antiTumourMacrophage,0.2976666666666505
25.3772,24.6733,antiTumourMacrophage,0.2652499999999874
22.883,25.0055,antiTumourMacrophage,0.2730833333333199
24.0161,26.0411,antiTumourMacrophage,0.1273333333333359
25.0039,20.8065,antiTumourMacrophage,0.144583333333334
17.8356,33.6996,antiTumourMacrophage,0.0
22.5197,29.2542,antiTumourMacrophage,0.0619999999999993
13.8938,15.5559,antiTumourMacrophage,0.0
46.5657,13.5523,antiTumourMacrophage,0.0
41.0788,16.1762,antiTumourMacrophage,0.0
12.9127,13.9044,antiTumourMacrophage,0.0
16.0631,8.56737,antiTumourMacrophage,0.0
