points_x,points_y,celltypes,phenotypes
27.4916,21.4718,antiTumourMacrophage,0.4809166666666303
27.9867,20.6684,antiTumourMacrophage,0.4524999999999668
24.5751,26.5795,antiTumourMacrophage,0.4272499999999696
25.262,22.5957,antiTumourMacrophage,0.402666666666639
27.6714,19.28,antiTumourMacrophage,0.3438333333333121
27.9934,22.954,antiTumourMacrophage,0.3119166666666489
26.9448,27.0225,antiTumourMacrophage,0.295999999999984
25.9891,21.0391,antiTumourMacrophage,0.329416666666647
28.0428,19.1784,antiTumourMacrophage,0.275416666666653
26.2285,25.5306,antiTumourMacrophage,0.2056666666666606
26.6468,19.3439,antiTumourMacrophage,0.2199999999999924
22.9935,27.0175,antiTumourMacrophage,0.1809999999999967
27.9886,20.2105,antiTumourMacrophage,0.1482500000000003
24.0316,24.9827,antiTumourMacrophage,0.1393333333333346
24.6049,25.0573,antiTumourMacrophage,0.1070833333333352
26.6184,18.8308,antiTumourMacrophage,0.1340833333333352
33.4168,7.58429,antiTumourMacrophage,0.1090000000000019
26.9691,17.0967,antiTumourMacrophage,0.0724999999999999
16.6348,12.9721,antiTumourMacrophage,0.0
20.6508,19.8346,antiTumourMacrophage,0.0161666666666666
23.0048,36.3293,antiTumourMacrophage,0.0
24.9356,11.3439,antiTumourMacrophage,0.0137499999999999
3.18353,27.0212,antiTumourMacrophage,0.0
