points_x,points_y,celltypes,phenotypes
24.5935,26.5941,antiTumourMacrophage,0.4641666666666322
24.04,25.8658,antiTumourMacrophage,0.3899166666666404
24.0271,24.2709,antiTumourMacrophage,0.2308333333333245
25.4903,24.9177,antiTumourMacrophage,0.0648333333333328
16.1372,24.4573,antiTumourMacrophage,0.0
20.7231,5.44417,antiTumourMacrophage,0.0
