points_x,points_y,celltypes,phenotypes
28.3485,26.6669,antiTumourMacrophage,0.4565833333332997
27.4048,24.0136,antiTumourMacrophage,0.4321666666666357
23.1387,25.7616,antiTumourMacrophage,0.4580833333332995
22.4938,25.0529,antiTumourMacrophage,0.447666666666634
24.9869,20.983,antiTumourMacrophage,0.4584166666666328
22.4554,23.5503,antiTumourMacrophage,0.4118333333333046
23.9004,26.1186,antiTumourMacrophage,0.4328333333333023
23.4493,22.806,antiTumourMacrophage,0.4105833333333047
23.671,22.1436,antiTumourMacrophage,0.3713333333333091
27.5939,25.5885,antiTumourMacrophage,0.3452499999999786
23.483,23.6313,antiTumourMacrophage,0.3243333333333142
25.2268,28.5079,antiTumourMacrophage,0.2683333333333204
24.1358,21.8202,antiTumourMacrophage,0.3139166666666487
24.6221,22.5427,antiTumourMacrophage,0.2674999999999872
27.3022,22.4178,antiTumourMacrophage,0.2674166666666538
28.0042,26.181,antiTumourMacrophage,0.2490833333333225
27.2454,23.0469,antiTumourMacrophage,0.2774166666666527
25.2023,23.2592,antiTumourMacrophage,0.2598333333333213
23.5817,23.3489,antiTumourMacrophage,0.1930833333333287
25.8152,21.562,antiTumourMacrophage,0.2125833333333265
24.2672,22.257,antiTumourMacrophage,0.2034999999999942
25.3634,21.3677,antiTumourMacrophage,0.1694999999999979
26.1117,20.9696,antiTumourMacrophage,0.126083333333336
26.1458,24.1319,antiTumourMacrophage,0.1310000000000022
24.5165,21.5115,antiTumourMacrophage,0.1090833333333353
26.4033,22.4061,antiTumourMacrophage,0.0751666666666667
26.2609,19.6577,antiTumourMacrophage,0.1205000000000026
27.9754,27.6344,antiTumourMacrophage,0.0602499999999994
26.5259,28.5697,antiTumourMacrophage,0.061916666666666
23.154,29.2884,antiTumourMacrophage,0.0119999999999999
29.4309,26.553,antiTumourMacrophage,0.0228333333333334
32.3631,8.72152,antiTumourMacrophage,0.0588333333333327
33.4778,28.1286,antiTumourMacrophage,0.0005
37.8427,29.5478,antiTumourMacrophage,0.0
39.2959,30.4073,antiTumourMacrophage,0.0
