points_x,points_y,celltypes,phenotypes
21.325,23.0026,antiTumourMacrophage,0.4756666666666309
21.7581,25.7422,antiTumourMacrophage,0.3945833333333065
22.9823,23.0235,antiTumourMacrophage,0.3333333333333133
27.0,24.6113,antiTumourMacrophage,0.2884999999999849
21.3816,24.5292,antiTumourMacrophage,0.1647499999999984
22.8819,26.031,antiTumourMacrophage,0.1367500000000015
25.1952,22.9762,antiTumourMacrophage,0.183916666666663
24.6677,23.0056,antiTumourMacrophage,0.1882499999999959
26.7474,26.0103,antiTumourMacrophage,0.1123333333333354
12.7048,19.0188,antiTumourMacrophage,0.0
28.3494,17.2385,antiTumourMacrophage,0.0
32.9032,23.779,antiTumourMacrophage,0.0001666666666666
9.98619,22.7722,antiTumourMacrophage,0.0044166666666666
