points_x,points_y,celltypes,phenotypes
24.1318,24.8542,antiTumourMacrophage,0.2251666666666585
25.9888,24.3841,antiTumourMacrophage,0.2227499999999921
24.1389,25.8633,antiTumourMacrophage,0.1663333333333316
24.6851,23.3277,antiTumourMacrophage,0.1739999999999974
24.5698,25.53,antiTumourMacrophage,0.2154999999999929
25.9946,25.4248,antiTumourMacrophage,0.0853333333333339
24.5723,25.0342,antiTumourMacrophage,0.02025
24.1164,24.2649,antiTumourMacrophage,0.0215833333333333
11.7472,31.8616,antiTumourMacrophage,0.0
