points_x,points_y,celltypes,phenotypes
29.6637,26.601,antiTumourMacrophage,0.4831666666666301
29.2874,26.9047,antiTumourMacrophage,0.4894166666666294
24.5087,25.4533,antiTumourMacrophage,0.3895833333333071
24.3219,24.0041,antiTumourMacrophage,0.2774166666666527
23.1319,27.0289,antiTumourMacrophage,0.4168333333333041
23.6921,22.2759,antiTumourMacrophage,0.4106666666666381
30.6934,27.432,antiTumourMacrophage,0.4084166666666383
29.5605,23.5486,antiTumourMacrophage,0.4604999999999659
23.2099,23.7054,antiTumourMacrophage,0.401916666666639
24.9399,27.3869,antiTumourMacrophage,0.4027499999999723
21.8583,22.1779,antiTumourMacrophage,0.3368333333333129
29.7708,25.3294,antiTumourMacrophage,0.3472499999999784
30.5623,25.6455,antiTumourMacrophage,0.3744999999999754
21.8096,26.1734,antiTumourMacrophage,0.335583333333313
27.9844,23.014,antiTumourMacrophage,0.2836666666666521
29.8279,26.2292,antiTumourMacrophage,0.3259999999999807
22.389,24.5248,antiTumourMacrophage,0.2477499999999893
24.8483,21.2556,antiTumourMacrophage,0.2171666666666593
27.5687,25.527,antiTumourMacrophage,0.1585833333333325
22.5733,25.4159,antiTumourMacrophage,0.1857499999999961
21.6373,24.0276,antiTumourMacrophage,0.1603333333333323
27.2008,25.1565,antiTumourMacrophage,0.1120833333333354
28.6821,25.4052,antiTumourMacrophage,0.0798333333333336
23.4106,28.5772,antiTumourMacrophage,0.02075
30.9792,25.9117,antiTumourMacrophage,0.0717499999999998
22.239,25.7287,antiTumourMacrophage,0.0378333333333333
34.7622,27.9162,antiTumourMacrophage,0.0559999999999995
38.8795,28.906,antiTumourMacrophage,0.0134999999999999
33.743,23.8449,antiTumourMacrophage,0.0039999999999999
16.5263,31.4929,antiTumourMacrophage,0.0
18.3987,15.1606,antiTumourMacrophage,0.0
14.8469,26.759,antiTumourMacrophage,0.0
