points_x,points_y,celltypes,phenotypes
27.0195,26.9175,antiTumourMacrophage,0.2981666666666505
24.2625,26.2927,antiTumourMacrophage,0.3208333333333146
24.0155,22.4944,antiTumourMacrophage,0.2388333333333236
25.116,23.8582,antiTumourMacrophage,0.2726666666666533
27.0102,25.0064,antiTumourMacrophage,0.1784166666666636
25.5117,27.037,antiTumourMacrophage,0.21091666666666
25.2476,26.5113,antiTumourMacrophage,0.1916666666666621
23.0179,25.9383,antiTumourMacrophage,0.1692499999999979
24.6366,26.6324,antiTumourMacrophage,0.1603333333333323
27.0468,23.0259,antiTumourMacrophage,0.1042500000000017
25.3754,22.5297,antiTumourMacrophage,0.0881666666666674
23.0464,23.9488,antiTumourMacrophage,0.0428333333333332
23.6377,25.6423,antiTumourMacrophage,0.0662499999999995
34.0919,30.0889,antiTumourMacrophage,0.0
36.7274,40.4689,antiTumourMacrophage,0.0
39.4564,43.3076,antiTumourMacrophage,0.0
23.0038,43.963,antiTumourMacrophage,0.0
