points_x,points_y,celltypes,phenotypes
23.897,25.8501,antiTumourMacrophage,0.435333333333302
26.0195,22.9032,antiTumourMacrophage,0.4074999999999718
26.0369,22.0077,antiTumourMacrophage,0.4136666666666377
24.7294,22.7628,antiTumourMacrophage,0.3550833333333109
25.9949,23.8382,antiTumourMacrophage,0.2364999999999905
26.993,24.9385,antiTumourMacrophage,0.254333333333322
26.205,24.3261,antiTumourMacrophage,0.2192499999999924
24.3263,22.5443,antiTumourMacrophage,0.0988333333333347
25.9081,26.0606,antiTumourMacrophage,0.0840000000000005
27.3776,25.8975,antiTumourMacrophage,0.0204166666666667
27.4937,11.4296,antiTumourMacrophage,0.0
20.3105,27.3116,antiTumourMacrophage,0.00825
13.3827,29.4433,antiTumourMacrophage,0.0
26.9985,5.05548,antiTumourMacrophage,0.0
