points_x,points_y,celltypes,phenotypes
26.5018,23.7582,antiTumourMacrophage,0.3437499999999788
26.5057,25.5174,antiTumourMacrophage,0.2885833333333182
25.5844,26.3041,antiTumourMacrophage,0.3335833333333132
27.0994,24.7001,antiTumourMacrophage,0.2991666666666503
25.4437,25.1792,antiTumourMacrophage,0.229416666666658
24.2448,22.5338,antiTumourMacrophage,0.2041666666666608
25.0082,23.7756,antiTumourMacrophage,0.2424166666666566
22.802,24.7785,antiTumourMacrophage,0.18083333333333
23.5657,22.5838,antiTumourMacrophage,0.0573333333333328
23.1008,25.0415,antiTumourMacrophage,0.1057500000000017
22.745,24.2126,antiTumourMacrophage,0.0983333333333347
26.1527,25.8535,antiTumourMacrophage,0.1007500000000015
24.1797,26.009,antiTumourMacrophage,0.0494166666666663
26.3451,23.1922,antiTumourMacrophage,0.0562499999999995
32.8509,29.3009,antiTumourMacrophage,0.0
26.588,32.1049,antiTumourMacrophage,0.00475
29.395,37.646,antiTumourMacrophage,0.0
20.8399,10.0575,antiTumourMacrophage,0.0
