points_x,points_y,celltypes,phenotypes
25.0915,22.9105,antiTumourMacrophage,0.4783333333332973
26.0732,23.1611,antiTumourMacrophage,0.3853333333333075
26.9993,24.536,antiTumourMacrophage,0.3621666666666434
22.0766,26.0178,antiTumourMacrophage,0.3404166666666458
22.7559,23.2574,antiTumourMacrophage,0.3319999999999801
24.7444,23.199,antiTumourMacrophage,0.2835833333333187
23.3939,24.6255,antiTumourMacrophage,0.2039999999999941
26.1657,25.8053,antiTumourMacrophage,0.1884999999999958
26.4406,24.0634,antiTumourMacrophage,0.1860833333333294
24.4295,26.096,antiTumourMacrophage,0.2098333333333268
28.0289,20.061,antiTumourMacrophage,0.03725
23.1887,21.26,antiTumourMacrophage,0.0724999999999999
28.2331,16.4178,antiTumourMacrophage,0.0
1.97051,41.031,antiTumourMacrophage,0.0
2.81011,45.8526,antiTumourMacrophage,0.0
