points_x,points_y,celltypes,phenotypes
24.0487,23.5706,antiTumourMacrophage,0.4535833333333
25.4509,23.3016,antiTumourMacrophage,0.4424999999999679
23.832,25.4691,antiTumourMacrophage,0.3589999999999771
25.5614,24.7155,antiTumourMacrophage,0.3084999999999827
25.3523,25.0339,antiTumourMacrophage,0.2387499999999903
24.9968,25.5144,antiTumourMacrophage,0.2379999999999904
25.1055,23.091,antiTumourMacrophage,0.2329166666666576
23.505,25.0265,antiTumourMacrophage,0.1640833333333319
26.9733,23.3446,antiTumourMacrophage,0.1707499999999978
20.4656,15.3445,antiTumourMacrophage,0.0
22.5559,25.4498,antiTumourMacrophage,0.0459166666666664
20.3969,25.9329,antiTumourMacrophage,0.0216666666666667
14.1434,29.8996,antiTumourMacrophage,0.0
17.9426,25.2188,antiTumourMacrophage,0.0
21.1176,23.8585,antiTumourMacrophage,0.023
26.1162,36.0602,antiTumourMacrophage,0.0
9.46174,19.074,antiTumourMacrophage,0.0
