points_x,points_y,celltypes,phenotypes
23.181,22.4366,antiTumourMacrophage,0.4617499999999658
25.9368,25.6803,antiTumourMacrophage,0.4220833333333035
21.0963,27.0511,antiTumourMacrophage,0.4168333333333041
25.4147,25.8032,antiTumourMacrophage,0.3971666666666396
21.4344,26.8978,antiTumourMacrophage,0.2619166666666545
25.3322,22.864,antiTumourMacrophage,0.2328333333333243
25.0002,26.9882,antiTumourMacrophage,0.2703333333333202
24.6155,24.6809,antiTumourMacrophage,0.2039166666666608
21.1868,24.8623,antiTumourMacrophage,0.2385833333333236
23.4976,26.4635,antiTumourMacrophage,0.2189999999999925
22.9579,26.9945,antiTumourMacrophage,0.1936666666666619
24.4496,23.0057,antiTumourMacrophage,0.1514166666666666
24.0245,23.2791,antiTumourMacrophage,0.1591666666666657
22.1905,23.8221,antiTumourMacrophage,0.1710833333333311
24.8643,22.9847,antiTumourMacrophage,0.1104166666666687
20.6232,26.5192,antiTumourMacrophage,0.0920833333333343
26.6041,23.3767,antiTumourMacrophage,0.0911666666666676
26.4275,27.2513,antiTumourMacrophage,0.0394166666666666
26.7954,24.9711,antiTumourMacrophage,0.047583333333333
25.9515,22.9965,antiTumourMacrophage,0.0676666666666663
19.0717,27.6979,antiTumourMacrophage,0.047333333333333
31.3514,18.5453,antiTumourMacrophage,0.0168333333333333
18.3664,38.1288,antiTumourMacrophage,0.0
36.8654,33.1301,antiTumourMacrophage,0.0
46.4158,11.6192,antiTumourMacrophage,0.0
