points_x,points_y,celltypes,phenotypes
23.4201,20.1704,antiTumourMacrophage,0.4308333333333025
21.9434,20.6974,antiTumourMacrophage,0.4989999999999617
21.844,25.6682,antiTumourMacrophage,0.4631666666666323
23.0048,21.3906,antiTumourMacrophage,0.4023333333333057
27.9618,25.5125,antiTumourMacrophage,0.4258333333333031
21.5832,25.2418,antiTumourMacrophage,0.4095833333333049
23.1299,26.5076,antiTumourMacrophage,0.3468333333333118
26.2287,26.993,antiTumourMacrophage,0.2922499999999844
24.5944,26.8661,antiTumourMacrophage,0.2772499999999861
22.1114,26.8273,antiTumourMacrophage,0.3340833333333132
26.0371,24.4043,antiTumourMacrophage,0.2949999999999841
24.3322,21.8202,antiTumourMacrophage,0.2333333333333242
21.4597,23.5214,antiTumourMacrophage,0.3348333333333131
23.8614,21.2822,antiTumourMacrophage,0.3129999999999822
21.859,23.8366,antiTumourMacrophage,0.2469999999999894
24.1337,23.492,antiTumourMacrophage,0.2663333333333206
23.5862,23.6782,antiTumourMacrophage,0.2840833333333187
21.9789,22.1522,antiTumourMacrophage,0.2487499999999892
22.2965,23.6961,antiTumourMacrophage,0.2222499999999921
25.4796,22.9296,antiTumourMacrophage,0.0934166666666677
22.8108,25.8043,antiTumourMacrophage,0.1866666666666627
35.4942,14.8602,antiTumourMacrophage,0.0
9.41282,28.6467,antiTumourMacrophage,0.0
19.4445,15.8982,antiTumourMacrophage,0.0264166666666667
43.986,5.19137,antiTumourMacrophage,0.0
