points_x,points_y,celltypes,phenotypes
17.208,25.3348,antiTumourMacrophage,0.4991666666666283
24.372,22.7529,antiTumourMacrophage,0.4909166666666292
21.9792,27.9054,antiTumourMacrophage,0.3816666666666413
23.8601,27.1536,antiTumourMacrophage,0.3478333333333117
10.3735,25.6148,antiTumourMacrophage,0.4405833333333014
26.4146,22.4345,antiTumourMacrophage,0.3388333333333126
25.6332,22.5604,antiTumourMacrophage,0.3101666666666491
21.8617,24.8081,antiTumourMacrophage,0.3229999999999811
20.1849,26.8653,antiTumourMacrophage,0.3127499999999822
24.0506,27.9993,antiTumourMacrophage,0.3064999999999829
21.2466,27.718,antiTumourMacrophage,0.4197499999999704
19.7533,24.7187,antiTumourMacrophage,0.2219999999999921
6.58234,25.4156,antiTumourMacrophage,0.3559166666666441
26.9513,22.9412,antiTumourMacrophage,0.2132499999999931
26.5464,25.2671,antiTumourMacrophage,0.15075
23.4372,23.4974,antiTumourMacrophage,0.2771666666666528
20.6586,26.0917,antiTumourMacrophage,0.3729999999999756
27.3709,23.9527,antiTumourMacrophage,0.2115833333333266
25.0807,24.8989,antiTumourMacrophage,0.2732499999999865
22.2043,27.438,antiTumourMacrophage,0.2442499999999897
22.2741,24.207,antiTumourMacrophage,0.1648333333333318
25.7166,21.977,antiTumourMacrophage,0.2194166666666591
25.0185,26.5357,antiTumourMacrophage,0.2315833333333244
8.33436,23.5588,antiTumourMacrophage,0.3189166666666482
12.7827,22.6656,antiTumourMacrophage,0.0436666666666665
23.6794,27.7217,antiTumourMacrophage,0.183916666666663
9.04309,27.1969,antiTumourMacrophage,0.1793333333333302
25.4067,29.0975,antiTumourMacrophage,0.1131666666666688
28.9515,30.0186,antiTumourMacrophage,0.0759166666666667
38.1107,33.5815,antiTumourMacrophage,0.0
13.4354,25.4078,antiTumourMacrophage,0.1686666666666647
36.0334,26.5216,antiTumourMacrophage,0.0
34.04,22.0717,antiTumourMacrophage,0.0143333333333333
30.9222,31.0272,antiTumourMacrophage,0.0325000000000001
10.3926,33.5538,antiTumourMacrophage,0.0
6.39949,26.3698,antiTumourMacrophage,0.1115000000000021
8.29179,24.1939,antiTumourMacrophage,0.1053333333333351
2.56025,35.2051,antiTumourMacrophage,0.0
27.7373,39.0802,antiTumourMacrophage,0.0
15.2507,9.24541,antiTumourMacrophage,0.0
39.3499,10.5602,antiTumourMacrophage,0.0
8.44061,28.3638,antiTumourMacrophage,0.0559166666666662
45.1305,32.1266,antiTumourMacrophage,0.0
35.0568,39.7914,antiTumourMacrophage,0.0
