points_x,points_y,celltypes,phenotypes
22.5489,28.0349,antiTumourMacrophage,0.4879999999999629
30.3315,25.6423,antiTumourMacrophage,0.4833333333332967
24.3137,21.4903,antiTumourMacrophage,0.4534999999999667
25.5502,21.066,antiTumourMacrophage,0.4586666666666328
28.4973,26.0909,antiTumourMacrophage,0.4748333333332977
31.2636,24.7812,antiTumourMacrophage,0.4731666666666312
24.5435,22.4223,antiTumourMacrophage,0.4154999999999709
24.3909,22.8607,antiTumourMacrophage,0.4004166666666392
25.1934,21.7798,antiTumourMacrophage,0.3822499999999745
32.5359,23.989,antiTumourMacrophage,0.3699166666666426
31.6874,23.5591,antiTumourMacrophage,0.3333333333333133
29.9768,26.0208,antiTumourMacrophage,0.3758333333333086
25.3256,23.3836,antiTumourMacrophage,0.3541666666666443
22.1484,25.4309,antiTumourMacrophage,0.323749999999981
22.8871,27.322,antiTumourMacrophage,0.2735833333333198
23.0067,22.1882,antiTumourMacrophage,0.3216666666666479
23.8347,21.4988,antiTumourMacrophage,0.2485833333333225
20.7586,25.2831,antiTumourMacrophage,0.3067499999999828
26.9798,22.0986,antiTumourMacrophage,0.2067499999999938
23.4534,23.4678,antiTumourMacrophage,0.2503333333333224
33.0493,23.9968,antiTumourMacrophage,0.2669999999999872
19.9637,26.9377,antiTumourMacrophage,0.2125833333333265
19.8317,28.6869,antiTumourMacrophage,0.1757499999999972
22.1895,23.0083,antiTumourMacrophage,0.1070000000000018
22.7836,23.0222,antiTumourMacrophage,0.1348333333333351
25.3153,24.0811,antiTumourMacrophage,0.1427500000000009
23.1582,22.8386,antiTumourMacrophage,0.1071666666666685
20.3506,28.5897,antiTumourMacrophage,0.1082500000000019
16.7454,29.6958,antiTumourMacrophage,0.0396666666666666
19.0455,28.6433,antiTumourMacrophage,0.1196666666666692
18.356,28.629,antiTumourMacrophage,0.1118333333333354
25.6687,21.936,antiTumourMacrophage,0.0416666666666665
20.4183,29.0033,antiTumourMacrophage,0.049333333333333
9.7099,31.965,antiTumourMacrophage,0.061416666666666
41.7138,36.9733,antiTumourMacrophage,0.0
7.28356,16.3308,antiTumourMacrophage,0.0
9.08078,19.314,antiTumourMacrophage,0.0
39.5802,22.9911,antiTumourMacrophage,0.0290833333333335
