points_x,points_y,celltypes,phenotypes
25.8841,21.9995,antiTumourMacrophage,0.4797499999999638
24.2731,21.4496,antiTumourMacrophage,0.4409166666666347
24.9036,21.2466,antiTumourMacrophage,0.4359999999999686
26.1503,22.69,antiTumourMacrophage,0.4318333333333024
24.0147,25.1059,antiTumourMacrophage,0.4077499999999717
24.91,23.2365,antiTumourMacrophage,0.4150833333333042
25.7201,25.58,antiTumourMacrophage,0.3643333333333098
23.2602,21.2436,antiTumourMacrophage,0.410916666666638
25.6884,24.5834,antiTumourMacrophage,0.2588333333333215
25.9271,25.1222,antiTumourMacrophage,0.2095833333333268
24.0834,25.9414,antiTumourMacrophage,0.2084999999999936
26.8787,24.1633,antiTumourMacrophage,0.1964999999999949
24.723,26.0868,antiTumourMacrophage,0.183916666666663
25.2944,26.0358,antiTumourMacrophage,0.156916666666666
21.99,21.1028,antiTumourMacrophage,0.1115000000000021
23.7292,24.0304,antiTumourMacrophage,0.1486666666666669
25.3836,22.0066,antiTumourMacrophage,0.1493333333333335
26.4274,25.5971,antiTumourMacrophage,0.1056666666666684
23.5717,22.5893,antiTumourMacrophage,0.1224166666666694
23.3887,25.2404,antiTumourMacrophage,0.1319166666666687
21.8261,23.849,antiTumourMacrophage,0.0845000000000005
24.4565,20.6246,antiTumourMacrophage,0.0704999999999998
24.5663,19.8246,antiTumourMacrophage,0.0494166666666663
13.196,16.3509,antiTumourMacrophage,0.0085
34.6504,38.1999,antiTumourMacrophage,0.0
14.7631,21.0902,antiTumourMacrophage,0.0287500000000001
31.3268,35.0704,antiTumourMacrophage,0.0
16.7259,40.1137,antiTumourMacrophage,0.0
12.2668,22.0114,antiTumourMacrophage,0.0
29.9254,11.4942,antiTumourMacrophage,0.0
7.61569,37.2287,antiTumourMacrophage,0.0
3.33751,5.31027,antiTumourMacrophage,0.0
