points_x,points_y,celltypes,phenotypes
30.5595,21.4688,antiTumourMacrophage,0.4848333333332966
32.0015,20.0092,antiTumourMacrophage,0.4559166666666331
32.018,19.4481,antiTumourMacrophage,0.4234166666666367
20.2362,25.2654,antiTumourMacrophage,0.3999999999999726
22.3772,24.3532,antiTumourMacrophage,0.4082499999999717
38.6328,9.18781,antiTumourMacrophage,0.4571666666666329
20.0219,24.5914,antiTumourMacrophage,0.3791666666666415
38.9872,8.9777,antiTumourMacrophage,0.4184999999999705
21.8127,24.0833,antiTumourMacrophage,0.3531666666666444
21.0028,27.8806,antiTumourMacrophage,0.3242499999999809
39.4047,8.93919,antiTumourMacrophage,0.3688333333333093
38.6906,11.2971,antiTumourMacrophage,0.3779166666666417
39.2519,9.77898,antiTumourMacrophage,0.3676666666666428
38.2819,11.5813,antiTumourMacrophage,0.3544999999999776
22.523,28.5255,antiTumourMacrophage,0.3169166666666484
37.6326,10.2569,antiTumourMacrophage,0.3138333333333154
25.0469,24.9825,antiTumourMacrophage,0.1857499999999961
22.3434,27.9319,antiTumourMacrophage,0.2044999999999941
39.0023,10.8599,antiTumourMacrophage,0.2707499999999868
39.1234,10.1502,antiTumourMacrophage,0.24124999999999
20.971,28.8002,antiTumourMacrophage,0.1944999999999952
20.9879,25.2127,antiTumourMacrophage,0.116416666666669
21.2783,24.7289,antiTumourMacrophage,0.135333333333335
38.848,10.4744,antiTumourMacrophage,0.1775833333333304
21.5383,28.4709,antiTumourMacrophage,0.1217500000000026
38.434,9.57433,antiTumourMacrophage,0.171583333333331
24.479,24.9987,antiTumourMacrophage,0.0760833333333334
35.4769,16.5171,antiTumourMacrophage,0.1118333333333354
20.977,27.1248,antiTumourMacrophage,0.0825000000000004
38.3986,10.9912,antiTumourMacrophage,0.1150000000000023
23.3184,27.9848,antiTumourMacrophage,0.0418333333333332
24.5449,27.9859,antiTumourMacrophage,0.0313333333333335
37.5914,14.2595,antiTumourMacrophage,0.080666666666667
37.9871,11.0115,antiTumourMacrophage,0.0967500000000012
28.6289,17.349,antiTumourMacrophage,0.0
20.8424,23.8636,antiTumourMacrophage,0.0203333333333333
21.7508,22.6424,antiTumourMacrophage,0.0114166666666666
41.9094,10.0879,antiTumourMacrophage,0.0428333333333332
32.2438,34.0974,antiTumourMacrophage,0.0
34.4519,9.48803,antiTumourMacrophage,0.0004166666666666
37.7386,11.4245,antiTumourMacrophage,0.0342500000000001
39.4454,13.1294,antiTumourMacrophage,0.0238333333333334
