points_x,points_y,celltypes,phenotypes
27.0482,24.9712,antiTumourMacrophage,0.4937499999999623
25.6364,22.2228,antiTumourMacrophage,0.4994999999999616
25.8244,24.6878,antiTumourMacrophage,0.4008333333333058
26.6039,23.1595,antiTumourMacrophage,0.3989166666666394
24.078,23.4798,antiTumourMacrophage,0.366166666666643
25.2748,26.4902,antiTumourMacrophage,0.3269166666666473
24.0726,22.8972,antiTumourMacrophage,0.2732499999999865
24.3179,22.3712,antiTumourMacrophage,0.3140833333333154
24.5508,25.6662,antiTumourMacrophage,0.2853333333333185
25.6233,25.4883,antiTumourMacrophage,0.2730833333333199
24.1743,26.5877,antiTumourMacrophage,0.2147499999999929
25.2855,25.2421,antiTumourMacrophage,0.1243333333333361
23.6673,24.9679,antiTumourMacrophage,0.153333333333333
25.4584,24.5231,antiTumourMacrophage,0.122083333333336
24.2005,24.9678,antiTumourMacrophage,0.0615833333333327
24.4449,24.5235,antiTumourMacrophage,0.0496666666666663
23.5819,23.8283,antiTumourMacrophage,0.0219166666666667
25.9954,27.7111,antiTumourMacrophage,0.0122499999999999
23.3052,25.9889,antiTumourMacrophage,0.0291666666666668
38.6941,20.7681,antiTumourMacrophage,0.0
32.9039,23.7585,antiTumourMacrophage,0.0
