points_x,points_y,celltypes,phenotypes
28.0125,21.184,antiTumourMacrophage,0.489583333333296
29.5993,21.3879,antiTumourMacrophage,0.4163333333333041
25.5017,23.4516,antiTumourMacrophage,0.4482499999999673
25.3683,22.6164,antiTumourMacrophage,0.3811666666666413
34.5509,12.9206,antiTumourMacrophage,0.4705833333332981
28.08,26.0352,antiTumourMacrophage,0.3164999999999818
27.7136,26.3114,antiTumourMacrophage,0.3522499999999778
34.5944,11.4673,antiTumourMacrophage,0.4224166666666368
27.7741,26.9083,antiTumourMacrophage,0.3658333333333097
19.3459,26.515,antiTumourMacrophage,0.4020833333333057
27.2567,26.1551,antiTumourMacrophage,0.2834166666666521
27.0614,24.904,antiTumourMacrophage,0.344333333333312
22.0846,29.0016,antiTumourMacrophage,0.2603333333333213
25.3848,27.072,antiTumourMacrophage,0.3580833333333105
22.35,23.6621,antiTumourMacrophage,0.2541666666666553
20.05,29.6844,antiTumourMacrophage,0.2768333333333195
25.794,22.2944,antiTumourMacrophage,0.2517499999999889
26.6306,22.6721,antiTumourMacrophage,0.2284166666666581
24.8974,23.042,antiTumourMacrophage,0.186999999999996
32.7369,17.3017,antiTumourMacrophage,0.2129999999999931
26.6408,24.8124,antiTumourMacrophage,0.2011666666666611
35.1526,12.7751,antiTumourMacrophage,0.278249999999986
27.0233,27.0068,antiTumourMacrophage,0.2194166666666591
19.9699,30.1996,antiTumourMacrophage,0.1483333333333336
30.1822,19.6312,antiTumourMacrophage,0.1398333333333345
20.3359,29.2364,antiTumourMacrophage,0.1295833333333357
24.8011,24.5041,antiTumourMacrophage,0.062916666666666
27.0014,23.603,antiTumourMacrophage,0.0541666666666662
35.6953,10.4315,antiTumourMacrophage,0.1723333333333309
21.6367,24.3703,antiTumourMacrophage,0.1646666666666651
20.7548,29.0237,antiTumourMacrophage,0.1100833333333353
18.6854,27.5455,antiTumourMacrophage,0.0659166666666662
34.9696,13.1023,antiTumourMacrophage,0.1255000000000028
20.7206,23.1272,antiTumourMacrophage,0.0167499999999999
36.6793,17.8572,antiTumourMacrophage,0.0
8.72733,30.8144,antiTumourMacrophage,0.0
11.2162,13.1555,antiTumourMacrophage,0.0
33.5393,11.04,antiTumourMacrophage,0.0533333333333329
36.1705,10.2056,antiTumourMacrophage,0.050833333333333
42.9971,21.2057,antiTumourMacrophage,0.0
36.2922,39.5721,antiTumourMacrophage,0.0
21.8626,39.9708,antiTumourMacrophage,0.0
45.2118,19.5046,antiTumourMacrophage,0.0
