points_x,points_y,celltypes,phenotypes
28.0325,22.3395,antiTumourMacrophage,0.4456666666666342
25.6479,26.3474,antiTumourMacrophage,0.4545833333332999
23.0652,23.5465,antiTumourMacrophage,0.4638333333332989
23.5089,22.4933,antiTumourMacrophage,0.4596666666666327
25.4426,25.9658,antiTumourMacrophage,0.4379166666666351
24.6306,23.7201,antiTumourMacrophage,0.3788333333333082
27.5051,24.4581,antiTumourMacrophage,0.3698333333333092
24.2275,21.996,antiTumourMacrophage,0.3513333333333113
22.9819,24.5042,antiTumourMacrophage,0.3335833333333132
23.729,23.3981,antiTumourMacrophage,0.2130833333333265
23.0341,25.2539,antiTumourMacrophage,0.244583333333323
27.0042,23.8739,antiTumourMacrophage,0.2050833333333273
25.1425,21.995,antiTumourMacrophage,0.2060833333333272
26.6541,22.7528,antiTumourMacrophage,0.2309999999999911
25.6307,22.035,antiTumourMacrophage,0.1798333333333301
22.9971,25.7878,antiTumourMacrophage,0.135583333333335
23.526,25.9491,antiTumourMacrophage,0.1031666666666683
26.9909,21.2807,antiTumourMacrophage,0.0786666666666669
26.5345,25.133,antiTumourMacrophage,0.0856666666666673
22.5675,20.342,antiTumourMacrophage,0.0268333333333334
23.8877,25.482,antiTumourMacrophage,0.1065833333333351
28.5209,20.9077,antiTumourMacrophage,0.0564999999999995
26.3562,22.3638,antiTumourMacrophage,0.0916666666666676
20.4766,17.4797,antiTumourMacrophage,0.0066666666666666
20.6535,25.346,antiTumourMacrophage,0.0330000000000001
24.0038,27.0757,antiTumourMacrophage,0.050833333333333
28.6834,25.1295,antiTumourMacrophage,0.0439999999999998
29.608,18.2671,antiTumourMacrophage,0.0345000000000001
18.4355,14.6449,antiTumourMacrophage,0.0
44.8458,13.4608,antiTumourMacrophage,0.0
25.9295,11.9223,antiTumourMacrophage,0.0
43.9262,20.2852,antiTumourMacrophage,0.0
43.3097,7.80294,antiTumourMacrophage,0.0
33.6805,42.9515,antiTumourMacrophage,0.0
