points_x,points_y,celltypes,phenotypes
23.9905,24.0005,antiTumourMacrophage,0.3259166666666474
25.4753,25.2235,antiTumourMacrophage,0.2919999999999845
23.903,24.9779,antiTumourMacrophage,0.3471666666666451
25.0204,24.9936,antiTumourMacrophage,0.1411666666666677
15.5386,12.1387,antiTumourMacrophage,0.0
