points_x,points_y,celltypes,phenotypes
22.4616,26.4857,antiTumourMacrophage,0.4744999999999644
25.3113,24.6348,antiTumourMacrophage,0.4714166666666314
27.9279,26.054,antiTumourMacrophage,0.4104166666666381
24.2672,25.7219,antiTumourMacrophage,0.4013333333333058
25.473,26.5794,antiTumourMacrophage,0.4735833333332978
26.9983,22.4071,antiTumourMacrophage,0.4435833333333011
27.6595,23.9491,antiTumourMacrophage,0.3149999999999819
23.8547,26.8737,antiTumourMacrophage,0.3441666666666454
26.5189,23.9982,antiTumourMacrophage,0.3405833333333125
28.1054,24.6869,antiTumourMacrophage,0.2258333333333251
27.5727,24.8419,antiTumourMacrophage,0.3324166666666467
28.2196,24.2271,antiTumourMacrophage,0.2690833333333203
27.5499,25.4256,antiTumourMacrophage,0.3098333333333158
23.5237,24.6473,antiTumourMacrophage,0.138916666666668
25.6764,24.3248,antiTumourMacrophage,0.1849999999999962
27.3814,28.3133,antiTumourMacrophage,0.1146666666666689
23.5317,20.9338,antiTumourMacrophage,0.1051666666666684
24.5362,28.1308,antiTumourMacrophage,0.1174166666666691
28.4248,22.8328,antiTumourMacrophage,0.1647499999999984
32.0601,34.4049,antiTumourMacrophage,0.0
30.7322,23.8545,antiTumourMacrophage,0.1029166666666683
13.115,29.4928,antiTumourMacrophage,0.0033333333333333
20.8369,13.8484,antiTumourMacrophage,0.0
17.7073,13.6946,antiTumourMacrophage,0.0
19.1453,11.5527,antiTumourMacrophage,0.0
36.9628,42.654,antiTumourMacrophage,0.0
40.48,36.9802,antiTumourMacrophage,0.0
19.9317,36.9961,antiTumourMacrophage,0.0
25.0555,7.80139,antiTumourMacrophage,0.0
