points_x,points_y,celltypes,phenotypes
25.702,28.2755,antiTumourMacrophage,0.2959166666666507
21.9478,22.9942,antiTumourMacrophage,0.4029999999999722
22.9804,24.2317,antiTumourMacrophage,0.4094166666666382
23.4403,25.5773,antiTumourMacrophage,0.2961666666666507
24.8711,27.2437,antiTumourMacrophage,0.3944166666666399
23.2573,26.7183,antiTumourMacrophage,0.3058333333333163
25.291,28.6728,antiTumourMacrophage,0.4032499999999722
22.0416,25.266,antiTumourMacrophage,0.366166666666643
25.4628,27.4622,antiTumourMacrophage,0.2459999999999895
22.2481,26.0774,antiTumourMacrophage,0.2912499999999846
22.3362,26.7402,antiTumourMacrophage,0.1681666666666647
25.0129,20.4421,antiTumourMacrophage,0.3463333333333118
24.5811,23.9472,antiTumourMacrophage,0.2099166666666601
22.4746,23.0569,antiTumourMacrophage,0.3280833333333138
23.2573,24.8526,antiTumourMacrophage,0.2068333333333271
26.3373,27.622,antiTumourMacrophage,0.2030833333333276
25.1021,24.5127,antiTumourMacrophage,0.3019999999999834
22.6188,25.7711,antiTumourMacrophage,0.1809166666666633
22.7126,26.4419,antiTumourMacrophage,0.1739999999999974
24.9412,21.0031,antiTumourMacrophage,0.1681666666666647
23.7511,25.1737,antiTumourMacrophage,0.1073333333333352
22.6083,24.9579,antiTumourMacrophage,0.1087500000000019
24.0391,24.5366,antiTumourMacrophage,0.0519166666666663
22.2651,24.5364,antiTumourMacrophage,0.0739166666666666
22.0221,23.6538,antiTumourMacrophage,0.121333333333336
23.638,28.0112,antiTumourMacrophage,0.105083333333335
25.7996,22.986,antiTumourMacrophage,0.0694999999999997
27.0852,25.6587,antiTumourMacrophage,0.1017500000000015
22.1567,27.2607,antiTumourMacrophage,0.116166666666669
22.875,25.3966,antiTumourMacrophage,0.0442499999999998
22.9851,23.6411,antiTumourMacrophage,0.0882500000000008
24.8823,28.9338,antiTumourMacrophage,0.1546666666666662
25.0374,25.7823,antiTumourMacrophage,0.0602499999999994
24.264,26.09,antiTumourMacrophage,0.0188333333333333
19.0716,34.4409,antiTumourMacrophage,0.0
25.7786,20.968,antiTumourMacrophage,0.0750833333333333
25.3685,21.353,antiTumourMacrophage,0.0174166666666666
22.9372,28.0028,antiTumourMacrophage,0.0329166666666668
24.0381,28.0121,antiTumourMacrophage,0.0221666666666667
27.1767,26.0642,antiTumourMacrophage,0.0389999999999999
20.8525,29.1771,antiTumourMacrophage,0.0
38.9741,18.0636,antiTumourMacrophage,0.0
5.63752,21.4126,antiTumourMacrophage,0.0
21.2039,38.5578,antiTumourMacrophage,0.0
