points_x,points_y,celltypes,phenotypes
25.9748,23.2558,antiTumourMacrophage,0.4885833333332962
26.4904,24.4795,antiTumourMacrophage,0.432749999999969
24.3251,24.9881,antiTumourMacrophage,0.2289999999999914
25.7087,25.3786,antiTumourMacrophage,0.2482499999999892
24.9895,24.7313,antiTumourMacrophage,0.2250833333333251
24.9788,22.1489,antiTumourMacrophage,0.2498333333333224
23.4021,22.831,antiTumourMacrophage,0.2965833333333173
25.987,27.2568,antiTumourMacrophage,0.0504999999999996
24.6686,26.3895,antiTumourMacrophage,0.0697499999999997
16.2289,37.4519,antiTumourMacrophage,0.0
18.1987,14.957,antiTumourMacrophage,0.0
24.9823,20.2702,antiTumourMacrophage,0.0724999999999999
24.6263,16.9856,antiTumourMacrophage,0.0643333333333327
13.7092,21.6804,antiTumourMacrophage,0.0
36.5915,28.2104,antiTumourMacrophage,0.0
20.6949,10.8421,antiTumourMacrophage,0.0
16.6404,21.2659,antiTumourMacrophage,0.0
36.646,11.6629,antiTumourMacrophage,0.0
32.2157,45.3348,antiTumourMacrophage,0.0
12.8676,9.62808,antiTumourMacrophage,0.0
12.3978,44.7716,antiTumourMacrophage,0.0
31.5387,12.0808,antiTumourMacrophage,0.0
12.0556,7.59018,antiTumourMacrophage,0.0
33.7643,10.0672,antiTumourMacrophage,0.0
14.4164,11.2161,antiTumourMacrophage,0.0
10.541,6.97735,antiTumourMacrophage,0.0
17.9914,9.49841,antiTumourMacrophage,0.0
34.8111,8.22923,antiTumourMacrophage,0.0
