points_x,points_y,celltypes,phenotypes
23.1619,25.0248,antiTumourMacrophage,0.3913333333333069
24.0287,26.9848,antiTumourMacrophage,0.3071666666666495
24.5477,23.9404,antiTumourMacrophage,0.3094166666666492
25.19,26.8219,antiTumourMacrophage,0.2544999999999886
26.1127,25.3781,antiTumourMacrophage,0.238416666666657
25.6822,26.317,antiTumourMacrophage,0.1924166666666621
25.026,23.1203,antiTumourMacrophage,0.0726666666666665
21.5191,30.4453,antiTumourMacrophage,0.049583333333333
34.2153,45.626,antiTumourMacrophage,0.0
10.0851,32.2682,antiTumourMacrophage,0.0
