points_x,points_y,celltypes,phenotypes
25.3126,24.4056,antiTumourMacrophage,0.4703333333332982
25.6564,25.3361,antiTumourMacrophage,0.3250833333333142
25.7127,24.1687,antiTumourMacrophage,0.3474999999999784
25.1288,24.8714,antiTumourMacrophage,0.2521666666666555
23.4824,24.7127,antiTumourMacrophage,0.1742499999999974
23.8805,25.0267,antiTumourMacrophage,0.0706666666666664
24.086,26.6306,antiTumourMacrophage,0.0253333333333334
28.9506,16.0123,antiTumourMacrophage,0.0
