points_x,points_y,celltypes,phenotypes
29.7599,22.2126,antiTumourMacrophage,0.463083333333299
27.3185,23.8948,antiTumourMacrophage,0.359749999999977
28.7758,22.6604,antiTumourMacrophage,0.4648333333332988
28.1872,23.9939,antiTumourMacrophage,0.347916666666645
26.5601,25.0053,antiTumourMacrophage,0.2704999999999868
25.6953,24.0375,antiTumourMacrophage,0.3025833333333166
25.0877,23.9878,antiTumourMacrophage,0.3138333333333154
25.0461,26.9631,antiTumourMacrophage,0.1991666666666613
23.5218,25.5077,antiTumourMacrophage,0.1887499999999958
24.1183,26.9596,antiTumourMacrophage,0.1629999999999986
25.4463,26.5424,antiTumourMacrophage,0.141500000000001
23.1278,26.9934,antiTumourMacrophage,0.1307500000000022
27.4754,25.1003,antiTumourMacrophage,0.1607499999999989
23.0309,24.293,antiTumourMacrophage,0.1366666666666682
29.0818,24.3288,antiTumourMacrophage,0.1794166666666635
29.0864,23.9825,antiTumourMacrophage,0.1465833333333338
29.7014,23.5522,antiTumourMacrophage,0.1276666666666692
23.0027,25.2419,antiTumourMacrophage,0.0960000000000012
23.0183,24.772,antiTumourMacrophage,0.121833333333336
26.6023,25.4014,antiTumourMacrophage,0.1261666666666694
26.9175,23.9724,antiTumourMacrophage,0.0765833333333334
39.6154,19.3485,antiTumourMacrophage,0.0176666666666666
2.43212,3.75678,antiTumourMacrophage,0.0
