points_x,points_y,celltypes,phenotypes
25.5275,24.4901,antiTumourMacrophage,0.3470833333333117
25.5931,25.5511,antiTumourMacrophage,0.4258333333333031
24.3261,23.7417,antiTumourMacrophage,0.0859166666666673
25.8501,23.5978,antiTumourMacrophage,0.208583333333327
24.4748,25.2727,antiTumourMacrophage,0.1315833333333354
33.9809,22.8526,antiTumourMacrophage,0.0277500000000001
19.4216,17.1773,antiTumourMacrophage,0.0006666666666666
36.5547,43.9181,antiTumourMacrophage,0.0
