points_x,points_y,celltypes,phenotypes
29.0494,21.9608,antiTumourMacrophage,0.4733333333332978
26.933,22.0185,antiTumourMacrophage,0.4293333333333027
25.3234,23.0719,antiTumourMacrophage,0.3974166666666395
28.5975,23.4217,antiTumourMacrophage,0.4986666666666284
27.6433,26.3672,antiTumourMacrophage,0.432499999999969
27.3631,25.3867,antiTumourMacrophage,0.4505833333333003
25.3851,27.0065,antiTumourMacrophage,0.4705833333332981
30.0439,23.642,antiTumourMacrophage,0.4256666666666364
25.7692,25.4125,antiTumourMacrophage,0.4512499999999669
23.6163,24.1482,antiTumourMacrophage,0.390083333333307
28.302,25.6792,antiTumourMacrophage,0.3645833333333098
28.8654,25.4353,antiTumourMacrophage,0.3980833333333061
23.0819,25.0989,antiTumourMacrophage,0.320916666666648
26.444,24.0208,antiTumourMacrophage,0.1480833333333336
28.4895,22.4988,antiTumourMacrophage,0.1776666666666637
24.0361,26.1954,antiTumourMacrophage,0.2447499999999896
28.1992,23.7671,antiTumourMacrophage,0.1706666666666645
25.4229,22.5438,antiTumourMacrophage,0.1300833333333356
27.9554,28.256,antiTumourMacrophage,0.0669999999999996
31.8654,24.8226,antiTumourMacrophage,0.0757500000000001
34.1627,19.347,antiTumourMacrophage,0.0148333333333333
37.8793,27.0424,antiTumourMacrophage,0.0191666666666666
36.102,29.8887,antiTumourMacrophage,0.0008333333333333
4.40698,17.6598,antiTumourMacrophage,0.0
45.9951,43.2694,antiTumourMacrophage,0.0
