points_x,points_y,celltypes,phenotypes
21.9031,24.9737,antiTumourMacrophage,0.0
21.6697,24.1577,antiTumourMacrophage,0.4742499999999644
24.6227,27.3541,antiTumourMacrophage,0.4094166666666382
26.9396,24.9393,antiTumourMacrophage,0.3264999999999807
21.47,24.4347,antiTumourMacrophage,0.317833333333315
24.7158,24.6709,antiTumourMacrophage,0.3680833333333094
24.3653,25.0158,antiTumourMacrophage,0.2943333333333175
23.9658,23.5675,antiTumourMacrophage,0.3006666666666502
24.4477,23.5378,antiTumourMacrophage,0.3217499999999812
20.1225,24.9408,antiTumourMacrophage,0.480833333333297
23.2104,25.8721,antiTumourMacrophage,0.2069999999999938
17.7603,28.1678,antiTumourMacrophage,0.0262500000000001
25.4943,25.5914,antiTumourMacrophage,0.2169999999999927
27.0134,25.9426,antiTumourMacrophage,0.1881666666666625
26.1808,27.0858,antiTumourMacrophage,0.1310833333333355
27.7881,20.5219,antiTumourMacrophage,0.0713333333333331
21.0869,24.4666,antiTumourMacrophage,0.1400000000000012
26.9636,28.2006,antiTumourMacrophage,0.0733333333333332
25.6355,22.6827,antiTumourMacrophage,0.1127500000000021
25.2439,30.0151,antiTumourMacrophage,0.1037500000000016
22.1426,29.2638,antiTumourMacrophage,0.0361666666666667
19.8259,23.2643,antiTumourMacrophage,0.0696666666666664
23.1391,27.461,antiTumourMacrophage,0.1023333333333349
28.4056,24.9471,antiTumourMacrophage,0.1340833333333352
25.6457,31.4934,antiTumourMacrophage,0.0479166666666664
26.6715,35.5451,antiTumourMacrophage,0.0
31.9723,29.3501,antiTumourMacrophage,0.0094166666666666
16.939,24.5148,antiTumourMacrophage,0.1290833333333357
16.7502,36.1619,antiTumourMacrophage,0.0
13.2106,5.16538,antiTumourMacrophage,0.0
36.2846,30.8834,antiTumourMacrophage,0.0
35.1256,37.4785,antiTumourMacrophage,0.0
33.4214,29.8459,antiTumourMacrophage,0.0
12.9,20.3276,antiTumourMacrophage,0.0
16.1633,13.1275,antiTumourMacrophage,0.0
9.91726,38.4181,antiTumourMacrophage,0.0
46.728,15.3786,antiTumourMacrophage,0.0
37.3814,10.8717,antiTumourMacrophage,0.0
