points_x,points_y,celltypes,phenotypes
19.4231,25.391,antiTumourMacrophage,0.492916666666629
27.4372,28.9793,antiTumourMacrophage,0.4633333333332989
20.6159,26.9492,antiTumourMacrophage,0.4432499999999678
25.4517,24.5136,antiTumourMacrophage,0.4621666666666324
21.9662,23.508,antiTumourMacrophage,0.3619166666666434
25.6278,21.3719,antiTumourMacrophage,0.4098333333333048
21.9947,24.2145,antiTumourMacrophage,0.3187499999999815
28.5383,27.9626,antiTumourMacrophage,0.4442499999999677
26.0033,28.984,antiTumourMacrophage,0.4227499999999701
30.3109,27.1734,antiTumourMacrophage,0.481083333333297
20.8204,24.0911,antiTumourMacrophage,0.3084999999999827
27.9874,26.4199,antiTumourMacrophage,0.4118333333333046
24.4601,28.4635,antiTumourMacrophage,0.2454166666666562
35.4398,24.9093,antiTumourMacrophage,0.3738333333333088
24.9921,22.408,antiTumourMacrophage,0.2977499999999838
21.4452,24.2558,antiTumourMacrophage,0.3019999999999834
29.2544,24.987,antiTumourMacrophage,0.2247499999999918
21.576,25.7857,antiTumourMacrophage,0.1690833333333313
23.9956,28.0083,antiTumourMacrophage,0.1360000000000016
27.8953,25.549,antiTumourMacrophage,0.3213333333333146
25.0283,23.0134,antiTumourMacrophage,0.174916666666664
43.0186,26.7923,antiTumourMacrophage,0.2192499999999924
39.6818,25.9983,antiTumourMacrophage,0.1170000000000024
45.3712,26.9463,antiTumourMacrophage,0.0977500000000013
30.0864,30.2623,antiTumourMacrophage,0.0129999999999999
15.8182,41.8596,antiTumourMacrophage,0.0
35.9424,21.3334,antiTumourMacrophage,0.0
18.8571,13.2782,antiTumourMacrophage,0.0
37.4563,25.0333,antiTumourMacrophage,0.062416666666666
42.2969,25.1791,antiTumourMacrophage,0.0249166666666667
43.9919,35.0474,antiTumourMacrophage,0.0
48.7973,21.1752,antiTumourMacrophage,0.0
44.2497,28.3968,antiTumourMacrophage,0.0010833333333333
