points_x,points_y,celltypes,phenotypes
25.4462,24.4046,antiTumourMacrophage,0.4130833333333045
24.4787,24.7393,antiTumourMacrophage,0.2849999999999852
28.3609,22.9135,antiTumourMacrophage,0.3479999999999783
26.4818,24.9245,antiTumourMacrophage,0.4459166666666342
26.8049,22.0758,antiTumourMacrophage,0.290333333333318
26.8907,27.9865,antiTumourMacrophage,0.1140000000000022
20.0007,21.6736,antiTumourMacrophage,0.0729999999999999
22.1761,23.7895,antiTumourMacrophage,0.2799999999999858
30.0272,16.8822,antiTumourMacrophage,0.0968333333333346
31.7687,28.9413,antiTumourMacrophage,0.0275833333333334
28.1953,21.659,antiTumourMacrophage,0.235083333333324
32.3042,20.7838,antiTumourMacrophage,0.0449166666666664
17.2061,10.3957,antiTumourMacrophage,0.0
34.1255,19.7356,antiTumourMacrophage,0.0
11.2673,20.4949,antiTumourMacrophage,0.0
12.7829,18.8323,antiTumourMacrophage,0.0
17.4066,17.3818,antiTumourMacrophage,0.0
23.5961,30.5671,antiTumourMacrophage,0.047833333333333
43.1862,38.2164,antiTumourMacrophage,0.0
35.7087,16.0805,antiTumourMacrophage,0.0
42.7567,25.4311,antiTumourMacrophage,0.0
37.9885,14.2242,antiTumourMacrophage,0.0
14.4334,19.9498,antiTumourMacrophage,0.0
40.0689,47.0416,antiTumourMacrophage,0.0
39.4185,8.52337,antiTumourMacrophage,0.0
10.3117,1.82192,antiTumourMacrophage,0.0
28.8251,7.56368,antiTumourMacrophage,0.0
45.8851,3.77841,antiTumourMacrophage,0.0
