points_x,points_y,celltypes,phenotypes
25.3999,26.6532,antiTumourMacrophage,0.3849166666666409
26.3989,24.4338,antiTumourMacrophage,0.2709166666666535
23.889,24.0223,antiTumourMacrophage,0.3157499999999819
23.6246,24.3714,antiTumourMacrophage,0.3094999999999825
24.2768,23.9952,antiTumourMacrophage,0.2947499999999842
25.5948,24.0317,antiTumourMacrophage,0.2688333333333204
24.0833,26.0638,antiTumourMacrophage,0.0802500000000003
26.105,24.052,antiTumourMacrophage,0.0660833333333328
25.7586,22.9118,antiTumourMacrophage,0.0365833333333333
23.5961,25.6453,antiTumourMacrophage,0.0310833333333335
39.0327,33.1447,antiTumourMacrophage,0.0
35.864,25.7199,antiTumourMacrophage,0.0
25.0988,5.85194,antiTumourMacrophage,0.0
