points_x,points_y,celltypes,phenotypes
27.6797,23.918,antiTumourMacrophage,0.4540833333333
29.0214,22.8303,antiTumourMacrophage,0.477499999999964
24.5601,22.9172,antiTumourMacrophage,0.4168333333333041
23.0104,23.496,antiTumourMacrophage,0.3878333333333073
27.0223,26.9526,antiTumourMacrophage,0.4125833333333045
27.2129,24.2956,antiTumourMacrophage,0.3368333333333129
27.4118,21.9813,antiTumourMacrophage,0.3586666666666438
26.3416,26.9692,antiTumourMacrophage,0.378249999999975
28.3187,23.4441,antiTumourMacrophage,0.3364166666666462
23.7549,23.3485,antiTumourMacrophage,0.3337499999999799
27.9724,24.4911,antiTumourMacrophage,0.3174166666666483
25.2738,27.0132,antiTumourMacrophage,0.2876666666666516
25.0201,22.8411,antiTumourMacrophage,0.3454999999999786
27.0104,25.0586,antiTumourMacrophage,0.3154166666666486
22.9855,23.9923,antiTumourMacrophage,0.3001666666666502
23.2801,25.204,antiTumourMacrophage,0.2609166666666546
27.8714,23.5395,antiTumourMacrophage,0.2769999999999861
23.7545,26.9976,antiTumourMacrophage,0.2148333333333263
25.6757,23.2443,antiTumourMacrophage,0.2254166666666584
22.9749,24.4555,antiTumourMacrophage,0.1214166666666693
23.1646,22.8403,antiTumourMacrophage,0.0864166666666673
22.944,25.4809,antiTumourMacrophage,0.0841666666666672
27.9919,22.9592,antiTumourMacrophage,0.0818333333333337
22.445,28.8167,antiTumourMacrophage,0.0180833333333333
33.2913,21.0146,antiTumourMacrophage,0.02075
15.9564,15.9025,antiTumourMacrophage,0.0
24.6581,9.60043,antiTumourMacrophage,0.0
41.1232,23.4672,antiTumourMacrophage,0.0
27.3926,11.4351,antiTumourMacrophage,0.0
39.3429,5.68469,antiTumourMacrophage,0.0
38.3102,3.88699,antiTumourMacrophage,0.0
