points_x,points_y,celltypes,phenotypes
23.6577,25.6065,antiTumourMacrophage,0.4070833333333051
27.0518,24.9436,antiTumourMacrophage,0.4143333333333043
23.4471,23.9982,antiTumourMacrophage,0.3982499999999728
25.0091,24.0246,antiTumourMacrophage,0.3684166666666427
23.6067,26.4015,antiTumourMacrophage,0.122333333333336
24.5678,22.5988,antiTumourMacrophage,0.1359166666666683
19.2549,33.7568,antiTumourMacrophage,0.0
28.4877,21.8548,antiTumourMacrophage,0.0594166666666661
26.7527,17.0082,antiTumourMacrophage,0.00025
19.7743,40.3772,antiTumourMacrophage,0.0
