points_x,points_y,celltypes,phenotypes
28.9057,22.2688,antiTumourMacrophage,0.3816666666666413
24.5288,20.2193,antiTumourMacrophage,0.3124166666666489
19.8138,24.1939,antiTumourMacrophage,0.2760833333333196
22.6508,23.297,antiTumourMacrophage,0.1371666666666681
24.9996,29.8126,antiTumourMacrophage,0.151
22.7399,28.6988,antiTumourMacrophage,0.0557499999999995
25.2313,20.6853,antiTumourMacrophage,0.080666666666667
20.9296,23.0063,antiTumourMacrophage,0.0539166666666662
23.509,20.038,antiTumourMacrophage,0.0656666666666661
26.001,20.3366,antiTumourMacrophage,0.0925833333333343
28.6363,23.0066,antiTumourMacrophage,0.0210833333333333
23.4198,29.4455,antiTumourMacrophage,0.0321666666666668
27.8997,22.6608,antiTumourMacrophage,0.0256666666666667
19.9616,24.5988,antiTumourMacrophage,0.02175
23.983,20.9634,antiTumourMacrophage,0.0143333333333333
19.9409,26.252,antiTumourMacrophage,0.0431666666666665
27.0628,28.9719,antiTumourMacrophage,0.0285000000000001
26.7151,22.0543,antiTumourMacrophage,0.0394999999999999
20.7137,23.2984,antiTumourMacrophage,0.0131666666666666
28.6173,21.0381,antiTumourMacrophage,0.0245833333333334
25.6644,21.2961,antiTumourMacrophage,0.0127499999999999
21.2938,21.9881,antiTumourMacrophage,0.0199166666666666
26.244,20.9176,antiTumourMacrophage,0.0240833333333334
22.4048,22.395,antiTumourMacrophage,0.0091666666666666
27.2981,21.118,antiTumourMacrophage,0.0136666666666666
20.3285,23.6109,antiTumourMacrophage,0.0168333333333333
20.0942,23.9345,antiTumourMacrophage,0.0133333333333333
19.9545,25.0414,antiTumourMacrophage,0.0234166666666667
23.94,29.3206,antiTumourMacrophage,0.0029166666666666
20.9541,25.4336,antiTumourMacrophage,0.0148333333333333
19.9855,25.5844,antiTumourMacrophage,0.0104999999999999
19.7459,27.0675,antiTumourMacrophage,0.0096666666666666
26.7156,29.2916,antiTumourMacrophage,0.0036666666666666
22.3545,22.8197,antiTumourMacrophage,0.0074166666666666
21.9678,27.9324,antiTumourMacrophage,0.00875
21.012,22.274,antiTumourMacrophage,0.0119999999999999
23.0219,28.9934,antiTumourMacrophage,0.00825
26.7081,20.9103,antiTumourMacrophage,0.0026666666666666
31.0223,28.9823,antiTumourMacrophage,0.0
29.4107,26.5576,antiTumourMacrophage,0.0081666666666666
