points_x,points_y,celltypes,phenotypes
15.2791,19.2078,antiTumourMacrophage,0.477749999999964
19.1297,25.9709,antiTumourMacrophage,0.4459166666666342
23.1449,19.4977,antiTumourMacrophage,0.4974166666666285
15.4672,25.8279,antiTumourMacrophage,0.0
28.2206,20.5524,antiTumourMacrophage,0.3366666666666462
20.7419,29.2537,antiTumourMacrophage,0.1768333333333304
21.6288,20.1106,antiTumourMacrophage,0.4984166666666284
28.0223,30.4792,antiTumourMacrophage,0.4071666666666385
31.2211,22.4906,antiTumourMacrophage,0.4385833333333017
16.4423,22.8034,antiTumourMacrophage,0.4172499999999707
21.3901,18.6377,antiTumourMacrophage,0.220666666666659
28.6331,28.9036,antiTumourMacrophage,0.4277499999999695
31.5069,14.2662,antiTumourMacrophage,0.0
29.9646,29.7601,antiTumourMacrophage,0.2833333333333188
25.1946,19.2442,antiTumourMacrophage,0.4115833333333046
21.1581,27.4826,antiTumourMacrophage,0.2961666666666507
15.8878,28.4454,antiTumourMacrophage,0.0
30.198,26.4905,antiTumourMacrophage,0.1124166666666688
26.4579,29.1391,antiTumourMacrophage,0.2769166666666528
19.5892,27.5998,antiTumourMacrophage,0.1863333333333294
27.5721,21.9351,antiTumourMacrophage,0.21091666666666
27.3393,19.3706,antiTumourMacrophage,0.156416666666666
14.6271,29.3689,antiTumourMacrophage,0.0
35.5474,9.05745,antiTumourMacrophage,0.0
32.0111,27.3018,antiTumourMacrophage,0.0649999999999994
18.9294,24.2492,antiTumourMacrophage,0.1253333333333361
0.922236,34.3779,antiTumourMacrophage,0.0
19.8351,15.7824,antiTumourMacrophage,0.0
26.1474,36.7518,antiTumourMacrophage,0.0
17.2312,21.0574,antiTumourMacrophage,0.2424166666666566
33.8579,28.6063,antiTumourMacrophage,0.0031666666666666
35.495,29.4825,antiTumourMacrophage,0.0
32.1328,5.3602,antiTumourMacrophage,0.0
25.6521,14.9316,antiTumourMacrophage,0.0
11.28,31.5925,antiTumourMacrophage,0.0
39.4972,31.6035,antiTumourMacrophage,0.0
19.1259,11.0242,antiTumourMacrophage,0.0
28.0604,34.9041,antiTumourMacrophage,0.0
25.5953,11.3797,antiTumourMacrophage,0.0
12.4002,30.0373,antiTumourMacrophage,0.0
37.8985,21.9933,antiTumourMacrophage,0.0
13.2471,26.9781,antiTumourMacrophage,0.0
31.8976,41.0531,antiTumourMacrophage,0.0
9.49008,13.4503,antiTumourMacrophage,0.0
29.9621,10.0899,antiTumourMacrophage,0.0
27.0024,45.3405,antiTumourMacrophage,0.0
12.6595,17.498,antiTumourMacrophage,0.0
10.1644,33.9125,antiTumourMacrophage,0.0
