points_x,points_y,celltypes,phenotypes
24.1659,26.4496,antiTumourMacrophage,0.3954166666666397
23.9685,25.9874,antiTumourMacrophage,0.1761666666666639
24.4579,26.4591,antiTumourMacrophage,0.104083333333335
24.8913,25.0979,antiTumourMacrophage,0.0666666666666662
40.9358,23.9096,antiTumourMacrophage,0.0
