points_x,points_y,celltypes,phenotypes
26.6162,27.2467,antiTumourMacrophage,0.4790833333332972
24.5236,26.598,antiTumourMacrophage,0.4694166666666316
26.1744,24.9423,antiTumourMacrophage,0.357166666666644
26.2739,25.7731,antiTumourMacrophage,0.2809166666666524
24.7283,25.5452,antiTumourMacrophage,0.2284999999999914
24.4684,24.3372,antiTumourMacrophage,0.0939166666666677
25.0955,26.7451,antiTumourMacrophage,0.1230000000000027
23.4709,24.7414,antiTumourMacrophage,0.0856666666666673
25.9866,23.9968,antiTumourMacrophage,0.1023333333333349
25.6784,21.3692,antiTumourMacrophage,0.0254166666666667
29.3533,9.40688,antiTumourMacrophage,0.0
