points_x,points_y,celltypes,phenotypes
24.2101,26.4975,antiTumourMacrophage,0.4138333333333044
26.35,23.9785,antiTumourMacrophage,0.2704166666666535
25.9068,24.258,antiTumourMacrophage,0.3852499999999742
24.5406,25.5276,antiTumourMacrophage,0.2839999999999854
24.48,25.9525,antiTumourMacrophage,0.3643333333333098
24.1211,25.3978,antiTumourMacrophage,0.314499999999982
25.034,23.2251,antiTumourMacrophage,0.0971666666666679
25.7487,25.6953,antiTumourMacrophage,0.2014999999999944
26.3953,25.0864,antiTumourMacrophage,0.1573333333333326
23.3701,26.0172,antiTumourMacrophage,0.1704999999999978
26.9768,25.0054,antiTumourMacrophage,0.1361666666666683
25.7608,23.5941,antiTumourMacrophage,0.1300833333333356
18.9949,16.2414,antiTumourMacrophage,0.0
33.4587,19.1026,antiTumourMacrophage,0.0
21.9062,15.9844,antiTumourMacrophage,0.0
27.4537,11.6087,antiTumourMacrophage,0.0
13.9734,8.75615,antiTumourMacrophage,0.0
7.20944,4.51948,antiTumourMacrophage,0.0
2.76628,38.6275,antiTumourMacrophage,0.0
