points_x,points_y,celltypes,phenotypes
25.2927,24.7916,antiTumourMacrophage,0.3780833333333083
24.6674,25.0113,antiTumourMacrophage,0.2842499999999853
26.4683,23.8538,antiTumourMacrophage,0.1188333333333358
23.8488,22.6947,antiTumourMacrophage,0.0723333333333332
22.8985,26.3505,antiTumourMacrophage,0.1047500000000017
12.1909,5.44941,antiTumourMacrophage,0.0
10.7092,8.62059,antiTumourMacrophage,0.0
32.4725,35.9291,antiTumourMacrophage,0.0
43.0172,32.1514,antiTumourMacrophage,0.0
