points_x,points_y,celltypes,phenotypes
25.8696,23.854,antiTumourMacrophage,0.2678333333333205
24.7033,24.5343,antiTumourMacrophage,0.2736666666666532
23.824,24.3182,antiTumourMacrophage,0.1639999999999985
25.0167,24.9481,antiTumourMacrophage,0.0754166666666667
25.1935,26.9366,antiTumourMacrophage,0.050833333333333
30.8118,14.7496,antiTumourMacrophage,0.0
