points_x,points_y,celltypes,phenotypes
24.1788,24.7713,antiTumourMacrophage,0.4154166666666375
24.7336,25.7392,antiTumourMacrophage,0.2924166666666511
23.1819,24.8091,antiTumourMacrophage,0.2615833333333212
24.907,24.0206,antiTumourMacrophage,0.1505
25.9986,24.7136,antiTumourMacrophage,0.0654999999999995
15.3884,6.07268,antiTumourMacrophage,0.0
