points_x,points_y,celltypes,phenotypes
27.3595,21.8069,antiTumourMacrophage,0.0
24.7478,24.6698,antiTumourMacrophage,0.4444166666666344
28.2765,21.7115,antiTumourMacrophage,0.4683333333332984
23.4564,25.3769,antiTumourMacrophage,0.413999999999971
27.5276,24.4466,antiTumourMacrophage,0.4467499999999674
25.7634,26.2333,antiTumourMacrophage,0.3887499999999738
26.0868,25.2128,antiTumourMacrophage,0.4058333333333053
24.9543,22.0301,antiTumourMacrophage,0.3385833333333127
26.0133,22.9888,antiTumourMacrophage,0.2802499999999858
26.755,25.2351,antiTumourMacrophage,0.2427499999999899
25.0208,22.4769,antiTumourMacrophage,0.2041666666666608
26.928,21.0536,antiTumourMacrophage,0.2234166666666587
27.2297,21.2014,antiTumourMacrophage,0.1709999999999978
27.7382,22.3121,antiTumourMacrophage,0.2109999999999934
26.6889,21.3437,antiTumourMacrophage,0.1739999999999974
23.0239,23.6034,antiTumourMacrophage,0.1125000000000021
24.8558,26.8405,antiTumourMacrophage,0.0722499999999999
27.9781,21.9859,antiTumourMacrophage,0.0624999999999993
30.5455,19.0286,antiTumourMacrophage,0.0881666666666674
19.197,28.4431,antiTumourMacrophage,0.0214166666666667
31.9225,38.2066,antiTumourMacrophage,0.0
33.7948,39.4164,antiTumourMacrophage,0.0
