points_x,points_y,celltypes,phenotypes
26.0541,22.7355,antiTumourMacrophage,0.4454166666666342
23.3493,22.6044,antiTumourMacrophage,0.4516666666666336
24.5415,21.7209,antiTumourMacrophage,0.3780833333333083
24.6726,23.2806,antiTumourMacrophage,0.4038333333333055
23.0064,23.6896,antiTumourMacrophage,0.4302499999999692
26.8544,25.0929,antiTumourMacrophage,0.1519999999999998
26.9928,24.1215,antiTumourMacrophage,0.284416666666652
23.1401,25.1702,antiTumourMacrophage,0.2124999999999932
25.6217,24.3774,antiTumourMacrophage,0.1772499999999971
25.2377,24.7638,antiTumourMacrophage,0.2550833333333219
26.5815,23.723,antiTumourMacrophage,0.1906666666666623
24.3502,25.1768,antiTumourMacrophage,0.1392500000000013
23.6442,24.7985,antiTumourMacrophage,0.1463333333333338
26.7094,17.8171,antiTumourMacrophage,0.1096666666666686
25.4236,22.1086,antiTumourMacrophage,0.1245000000000028
17.9546,33.9825,antiTumourMacrophage,0.0
17.2191,22.1552,antiTumourMacrophage,0.0155833333333333
29.1045,23.551,antiTumourMacrophage,0.062666666666666
22.2422,36.743,antiTumourMacrophage,0.0
