points_x,points_y,celltypes,phenotypes
26.5006,25.3032,antiTumourMacrophage,0.4468333333333008
25.125,21.9923,antiTumourMacrophage,0.4447499999999676
24.8351,26.8807,antiTumourMacrophage,0.3029166666666499
27.0828,22.131,antiTumourMacrophage,0.4236666666666366
22.7029,26.7292,antiTumourMacrophage,0.3261666666666474
25.9262,23.0007,antiTumourMacrophage,0.2825833333333188
25.5059,22.7932,antiTumourMacrophage,0.2987499999999837
24.5501,22.9433,antiTumourMacrophage,0.3066666666666495
22.001,24.6097,antiTumourMacrophage,0.2239999999999919
17.1811,33.2868,antiTumourMacrophage,0.0
21.2781,26.1359,antiTumourMacrophage,0.02425
26.3297,23.6953,antiTumourMacrophage,0.0608333333333327
