points_x,points_y,celltypes,phenotypes
25.071,25.2249,antiTumourMacrophage,0.4638333333332989
22.8667,25.1812,antiTumourMacrophage,0.3284999999999805
25.9208,25.6347,antiTumourMacrophage,0.2699166666666536
23.9758,25.6808,antiTumourMacrophage,0.1861666666666628
24.0277,25.9891,antiTumourMacrophage,0.1453333333333339
25.6228,24.8563,antiTumourMacrophage,0.0857500000000006
24.4294,25.9946,antiTumourMacrophage,0.0775833333333335
26.0261,26.002,antiTumourMacrophage,0.0672499999999996
22.5195,25.6046,antiTumourMacrophage,0.0341666666666667
26.252,27.0383,antiTumourMacrophage,0.0111666666666666
21.6714,27.7179,antiTumourMacrophage,0.0123333333333333
35.0657,24.2284,antiTumourMacrophage,0.0
28.0908,34.5426,antiTumourMacrophage,0.0
