points_x,points_y,celltypes,phenotypes
25.9262,23.9478,antiTumourMacrophage,0.4388333333333016
23.139,24.8587,antiTumourMacrophage,0.4326666666666356
24.6933,22.9944,antiTumourMacrophage,0.3877499999999739
23.4356,25.4449,antiTumourMacrophage,0.296499999999984
25.9964,24.3352,antiTumourMacrophage,0.2828333333333188
25.5407,24.5684,antiTumourMacrophage,0.226083333333325
23.5868,24.4323,antiTumourMacrophage,0.126083333333336
25.5847,23.5437,antiTumourMacrophage,0.1359166666666683
