points_x,points_y,celltypes,phenotypes
25.3419,24.1222,antiTumourMacrophage,0.4361666666666353
25.3255,24.9741,antiTumourMacrophage,0.1595833333333323
23.6845,25.6779,antiTumourMacrophage,0.0339166666666667
