points_x,points_y,celltypes,phenotypes
22.7126,22.3948,antiTumourMacrophage,0.4959166666666287
24.7943,21.0008,antiTumourMacrophage,0.4976666666666285
29.001,21.0459,antiTumourMacrophage,0.4579999999999662
28.1921,25.7761,antiTumourMacrophage,0.462833333333299
21.9999,25.2702,antiTumourMacrophage,0.4719999999999646
28.8235,25.3602,antiTumourMacrophage,0.3955833333333064
24.7583,24.7841,antiTumourMacrophage,0.3732499999999755
27.997,26.4493,antiTumourMacrophage,0.3756666666666419
28.04,23.6227,antiTumourMacrophage,0.3960833333333063
28.9912,23.7558,antiTumourMacrophage,0.4148333333333043
28.3474,25.2555,antiTumourMacrophage,0.4098333333333048
26.1336,28.0086,antiTumourMacrophage,0.4018333333333057
24.5211,28.691,antiTumourMacrophage,0.4245833333333032
22.6655,31.1594,antiTumourMacrophage,0.4119166666666379
26.0349,20.9764,antiTumourMacrophage,0.377999999999975
27.2698,21.2643,antiTumourMacrophage,0.356416666666644
26.7788,27.9955,antiTumourMacrophage,0.305249999999983
22.6745,24.5259,antiTumourMacrophage,0.275166666666653
22.8237,23.4863,antiTumourMacrophage,0.3064166666666496
26.9357,20.9813,antiTumourMacrophage,0.2939166666666509
22.2323,23.835,antiTumourMacrophage,0.229666666666658
26.804,23.141,antiTumourMacrophage,0.2570833333333217
25.0541,28.0846,antiTumourMacrophage,0.2857499999999852
27.6032,21.6054,antiTumourMacrophage,0.195749999999995
26.4156,21.6153,antiTumourMacrophage,0.1975833333333282
23.4408,32.4684,antiTumourMacrophage,0.2314999999999911
22.3739,28.6089,antiTumourMacrophage,0.2276666666666582
22.7306,32.5169,antiTumourMacrophage,0.0822500000000004
24.8717,29.19,antiTumourMacrophage,0.1376666666666681
23.8581,20.9971,antiTumourMacrophage,0.1023333333333349
30.8281,18.7768,antiTumourMacrophage,0.0267500000000001
34.9187,22.5065,antiTumourMacrophage,0.0048333333333333
20.1909,40.2702,antiTumourMacrophage,0.0313333333333335
