points_x,points_y,celltypes,phenotypes
28.7752,20.7558,antiTumourMacrophage,0.4809999999999637
22.0164,28.1189,antiTumourMacrophage,0.4435833333333011
27.4309,19.7907,antiTumourMacrophage,0.3979166666666395
26.8562,19.5225,antiTumourMacrophage,0.4678333333332984
26.8491,20.8614,antiTumourMacrophage,0.3913333333333069
21.0162,23.7994,antiTumourMacrophage,0.4627499999999657
27.2328,20.4082,antiTumourMacrophage,0.4574999999999662
23.4013,28.0323,antiTumourMacrophage,0.3379166666666461
28.849,22.7455,antiTumourMacrophage,0.4096666666666382
20.4205,27.962,antiTumourMacrophage,0.3501666666666447
22.2823,22.1012,antiTumourMacrophage,0.3843333333333076
27.0047,24.6832,antiTumourMacrophage,0.3203333333333147
28.3601,25.6674,antiTumourMacrophage,0.3244999999999809
27.3961,18.4566,antiTumourMacrophage,0.3528333333333111
28.2435,21.2628,antiTumourMacrophage,0.2845833333333186
26.0263,20.0778,antiTumourMacrophage,0.2270833333333249
28.7885,19.2742,antiTumourMacrophage,0.2149999999999929
28.1115,21.897,antiTumourMacrophage,0.2100833333333268
26.999,26.2954,antiTumourMacrophage,0.2243333333333252
21.405,27.97,antiTumourMacrophage,0.2001666666666612
26.6567,25.6908,antiTumourMacrophage,0.1116666666666687
25.7765,27.6034,antiTumourMacrophage,0.0909166666666676
20.9808,26.177,antiTumourMacrophage,0.0843333333333339
27.0355,25.253,antiTumourMacrophage,0.0641666666666661
18.5929,26.4428,antiTumourMacrophage,0.1411666666666677
27.9486,17.7993,antiTumourMacrophage,0.1151666666666689
24.0198,28.0434,antiTumourMacrophage,0.0754166666666667
27.4807,21.1424,antiTumourMacrophage,0.0494999999999997
29.0185,19.0146,antiTumourMacrophage,0.0698333333333331
28.2545,17.6843,antiTumourMacrophage,0.0919166666666676
17.673,26.3173,antiTumourMacrophage,0.0955000000000012
34.3027,7.34221,antiTumourMacrophage,0.0
20.4329,29.7432,antiTumourMacrophage,0.0300000000000001
28.1358,13.1649,antiTumourMacrophage,0.01925
35.3851,9.70364,antiTumourMacrophage,0.0
14.6565,26.611,antiTumourMacrophage,0.0589166666666661
23.7195,31.9668,antiTumourMacrophage,0.02
14.2983,24.9775,antiTumourMacrophage,0.0204166666666667
9.12634,9.30994,antiTumourMacrophage,0.0
6.65767,26.23,antiTumourMacrophage,0.00775
