points_x,points_y,celltypes,phenotypes
25.9488,23.0845,antiTumourMacrophage,0.384416666666641
23.542,22.4319,antiTumourMacrophage,0.3644166666666432
24.5344,22.0585,antiTumourMacrophage,0.3150833333333153
23.5962,23.9925,antiTumourMacrophage,0.2274999999999915
24.005,26.5107,antiTumourMacrophage,0.1096666666666686
25.3475,26.5279,antiTumourMacrophage,0.1569999999999993
23.1842,25.1964,antiTumourMacrophage,0.1357500000000016
23.9613,22.7992,antiTumourMacrophage,0.0958333333333345
22.0697,25.8193,antiTumourMacrophage,0.0280000000000001
26.7491,20.3139,antiTumourMacrophage,0.0140833333333333
33.1277,27.1935,antiTumourMacrophage,0.0
