points_x,points_y,celltypes,phenotypes
26.9871,24.918,antiTumourMacrophage,0.4994999999999616
25.7124,22.0608,antiTumourMacrophage,0.4361666666666353
23.2359,22.6922,antiTumourMacrophage,0.4683333333332984
25.0358,28.5721,antiTumourMacrophage,0.4851666666666299
23.7351,27.7361,antiTumourMacrophage,0.4140833333333044
26.152,27.8364,antiTumourMacrophage,0.4145833333333043
24.3849,28.9094,antiTumourMacrophage,0.3711666666666424
27.0226,24.2155,antiTumourMacrophage,0.3186666666666482
22.9663,24.0476,antiTumourMacrophage,0.2196666666666591
23.3826,24.5385,antiTumourMacrophage,0.1821666666666632
25.9893,25.5446,antiTumourMacrophage,0.2008333333333278
25.1352,23.0446,antiTumourMacrophage,0.1762499999999972
25.7723,28.267,antiTumourMacrophage,0.1722499999999976
26.585,25.3836,antiTumourMacrophage,0.144333333333334
23.7079,25.0155,antiTumourMacrophage,0.1508333333333333
24.6563,28.5867,antiTumourMacrophage,0.1330000000000019
22.9996,24.5403,antiTumourMacrophage,0.0909166666666676
24.4527,29.3472,antiTumourMacrophage,0.0887500000000008
24.1063,23.0037,antiTumourMacrophage,0.0773333333333335
22.367,35.4381,antiTumourMacrophage,0.0481666666666664
18.1539,32.1247,antiTumourMacrophage,0.00675
27.6819,15.8615,antiTumourMacrophage,0.0099166666666666
7.09423,15.569,antiTumourMacrophage,0.0
18.9197,39.796,antiTumourMacrophage,0.0063333333333333
