points_x,points_y,celltypes,phenotypes
23.0443,24.8641,antiTumourMacrophage,0.4532499999999667
25.9844,25.4552,antiTumourMacrophage,0.3488333333333115
24.6234,26.3983,antiTumourMacrophage,0.2837499999999854
23.9567,25.9842,antiTumourMacrophage,0.226083333333325
27.6958,26.582,antiTumourMacrophage,0.0521666666666663
25.906,23.8915,antiTumourMacrophage,0.1171666666666691
14.3443,24.4182,antiTumourMacrophage,0.0
43.6113,12.2226,antiTumourMacrophage,0.0
