points_x,points_y,celltypes,phenotypes
28.4079,25.0285,antiTumourMacrophage,0.4593333333332994
27.9971,24.9587,antiTumourMacrophage,0.3756666666666419
26.7957,26.4802,antiTumourMacrophage,0.4249166666666365
27.4602,26.3031,antiTumourMacrophage,0.2989166666666504
27.7526,23.6683,antiTumourMacrophage,0.3814166666666413
25.983,22.8808,antiTumourMacrophage,0.220166666666659
27.3064,23.3212,antiTumourMacrophage,0.2587499999999881
27.5671,24.0823,antiTumourMacrophage,0.2073333333333271
27.1352,24.9304,antiTumourMacrophage,0.1120000000000021
26.435,25.3846,antiTumourMacrophage,0.1784999999999969
26.0802,26.1323,antiTumourMacrophage,0.1520833333333332
26.6821,22.7064,antiTumourMacrophage,0.138916666666668
24.4408,26.2875,antiTumourMacrophage,0.1232500000000027
24.7628,26.7658,antiTumourMacrophage,0.1456666666666672
23.1491,25.1085,antiTumourMacrophage,0.068583333333333
23.0163,25.7842,antiTumourMacrophage,0.0819166666666671
27.5327,25.7206,antiTumourMacrophage,0.115916666666669
33.6511,16.5334,antiTumourMacrophage,0.0
37.3189,23.8837,antiTumourMacrophage,0.0
14.5998,17.7319,antiTumourMacrophage,0.0
45.9245,35.1569,antiTumourMacrophage,0.0
42.172,34.1183,antiTumourMacrophage,0.0
