points_x,points_y,celltypes,phenotypes
23.8301,24.7334,antiTumourMacrophage,0.3591666666666437
23.3315,24.5612,antiTumourMacrophage,0.3989166666666394
26.4934,23.328,antiTumourMacrophage,0.4289166666666361
24.2523,23.7149,antiTumourMacrophage,0.3273333333333139
22.9468,25.0499,antiTumourMacrophage,0.2644166666666542
24.8043,23.5064,antiTumourMacrophage,0.2304999999999912
23.416,26.8756,antiTumourMacrophage,0.247916666666656
23.207,25.461,antiTumourMacrophage,0.1360000000000016
25.5215,26.4431,antiTumourMacrophage,0.0539166666666662
25.1093,21.9373,antiTumourMacrophage,0.0282500000000001
26.9711,24.7958,antiTumourMacrophage,0.0969166666666679
33.2562,20.7286,antiTumourMacrophage,0.0
18.9813,37.9352,antiTumourMacrophage,0.0
44.5302,7.45085,antiTumourMacrophage,0.0
37.8605,15.9798,antiTumourMacrophage,0.0
