points_x,points_y,celltypes,phenotypes
24.9552,23.0685,antiTumourMacrophage,0.4524999999999668
24.1404,24.8355,antiTumourMacrophage,0.4404166666666348
23.7938,23.4703,antiTumourMacrophage,0.4309166666666358
25.4502,24.4121,antiTumourMacrophage,0.3864166666666407
26.0063,24.5444,antiTumourMacrophage,0.1572499999999993
25.4793,26.0179,antiTumourMacrophage,0.1062500000000018
19.2695,21.1191,antiTumourMacrophage,0.0032499999999999
18.3171,21.0428,antiTumourMacrophage,0.0
28.9651,39.2715,antiTumourMacrophage,0.0
46.9107,43.4294,antiTumourMacrophage,0.0
