points_x,points_y,celltypes,phenotypes
31.6018,27.5876,antiTumourMacrophage,0.4816666666666302
29.1287,27.5306,antiTumourMacrophage,0.4884166666666295
22.31,27.5805,antiTumourMacrophage,0.4766666666666308
27.0814,24.4169,antiTumourMacrophage,0.4311666666666358
24.8245,27.008,antiTumourMacrophage,0.4405833333333014
28.5237,27.5062,antiTumourMacrophage,0.4339166666666355
26.7202,25.6199,antiTumourMacrophage,0.377999999999975
26.64,27.075,antiTumourMacrophage,0.3570833333333106
22.7496,25.9926,antiTumourMacrophage,0.377749999999975
21.0226,26.9332,antiTumourMacrophage,0.3987499999999727
25.7319,23.673,antiTumourMacrophage,0.359749999999977
29.7801,26.5108,antiTumourMacrophage,0.3691666666666426
27.5522,25.5651,antiTumourMacrophage,0.3595833333333104
28.1559,27.877,antiTumourMacrophage,0.3183333333333149
23.1519,22.0109,antiTumourMacrophage,0.3379999999999794
21.835,24.2126,antiTumourMacrophage,0.3011666666666501
25.8435,25.508,antiTumourMacrophage,0.2940833333333176
24.0805,21.9956,antiTumourMacrophage,0.2121666666666599
23.7549,22.2605,antiTumourMacrophage,0.2546666666666553
28.9816,26.1236,antiTumourMacrophage,0.1670833333333315
27.0079,25.9263,antiTumourMacrophage,0.0763333333333334
29.25,27.2095,antiTumourMacrophage,0.177499999999997
24.5814,22.2239,antiTumourMacrophage,0.0995000000000014
23.1487,22.8178,antiTumourMacrophage,0.1062500000000018
22.3144,27.0131,antiTumourMacrophage,0.0876666666666674
27.1172,24.8707,antiTumourMacrophage,0.0696666666666664
26.128,26.8037,antiTumourMacrophage,0.0582499999999994
25.7198,27.6223,antiTumourMacrophage,0.037
15.8723,14.216,antiTumourMacrophage,0.0
40.5808,25.253,antiTumourMacrophage,0.0
10.0546,28.2808,antiTumourMacrophage,0.0
