points_x,points_y,celltypes,phenotypes
24.5963,19.4203,antiTumourMacrophage,0.4543333333332999
21.616,29.992,antiTumourMacrophage,0.4853333333332965
24.0819,28.9996,antiTumourMacrophage,0.4685833333332984
23.9305,28.0486,antiTumourMacrophage,0.4164999999999708
24.2445,22.2148,antiTumourMacrophage,0.477749999999964
21.5664,24.4437,antiTumourMacrophage,0.372333333333309
23.4665,28.523,antiTumourMacrophage,0.4039999999999721
25.6244,16.29,antiTumourMacrophage,0.4437499999999678
21.7151,27.435,antiTumourMacrophage,0.3259999999999807
25.3229,17.6957,antiTumourMacrophage,0.3488333333333115
26.1465,21.8455,antiTumourMacrophage,0.3473333333333117
25.3805,21.4184,antiTumourMacrophage,0.3626666666666434
22.9989,23.9796,antiTumourMacrophage,0.3165833333333151
20.5501,25.4802,antiTumourMacrophage,0.2970833333333172
26.0415,17.8708,antiTumourMacrophage,0.2585833333333215
25.6372,18.1419,antiTumourMacrophage,0.2339999999999908
25.8236,20.1512,antiTumourMacrophage,0.2776666666666527
22.0093,29.4622,antiTumourMacrophage,0.2055833333333273
26.3426,22.753,antiTumourMacrophage,0.235083333333324
25.9971,19.7385,antiTumourMacrophage,0.2513333333333223
25.75,15.7513,antiTumourMacrophage,0.2209166666666589
20.108,27.6977,antiTumourMacrophage,0.1522499999999998
26.8373,24.0509,antiTumourMacrophage,0.1933333333333286
26.6325,23.326,antiTumourMacrophage,0.2060833333333272
21.2608,25.0748,antiTumourMacrophage,0.1829166666666631
25.0528,19.2447,antiTumourMacrophage,0.1644166666666651
26.7125,27.9398,antiTumourMacrophage,0.1606666666666656
22.7529,8.77893,antiTumourMacrophage,0.2249166666666585
20.8597,27.1285,antiTumourMacrophage,0.1425000000000009
20.3082,28.4431,antiTumourMacrophage,0.1973333333333282
27.6011,25.0002,antiTumourMacrophage,0.0765833333333334
25.3687,15.3326,antiTumourMacrophage,0.1150000000000023
23.0099,9.00273,antiTumourMacrophage,0.163083333333332
25.1404,17.0186,antiTumourMacrophage,0.0892500000000008
20.0122,28.0526,antiTumourMacrophage,0.0831666666666671
27.4635,23.6039,antiTumourMacrophage,0.03625
27.4262,26.6314,antiTumourMacrophage,0.0564166666666661
28.7878,22.5925,antiTumourMacrophage,0.0126666666666666
23.7948,6.35352,antiTumourMacrophage,0.0684166666666663
4.50264,35.9092,antiTumourMacrophage,0.0
32.9738,10.0002,antiTumourMacrophage,0.0
10.8303,24.0451,antiTumourMacrophage,0.0
34.749,5.57032,antiTumourMacrophage,0.0
22.0682,8.11576,antiTumourMacrophage,0.0123333333333333
3.84546,20.2299,antiTumourMacrophage,0.0
25.9883,2.73484,antiTumourMacrophage,0.0
