points_x,points_y,celltypes,phenotypes
27.3049,26.7114,antiTumourMacrophage,0.4271666666666363
25.9533,22.9704,antiTumourMacrophage,0.4370833333333018
27.0101,24.9912,antiTumourMacrophage,0.3834166666666411
22.98,25.3149,antiTumourMacrophage,0.3734999999999755
22.4452,24.1994,antiTumourMacrophage,0.2719166666666534
26.0284,26.8615,antiTumourMacrophage,0.2309999999999911
22.9683,24.8932,antiTumourMacrophage,0.2091666666666602
24.9602,26.398,antiTumourMacrophage,0.1653333333333317
23.9448,24.0324,antiTumourMacrophage,0.0669999999999996
