points_x,points_y,celltypes,phenotypes
24.0883,25.5831,antiTumourMacrophage,0.3803333333333081
24.4224,24.4437,antiTumourMacrophage,0.3858333333333075
26.6187,22.0706,antiTumourMacrophage,0.0577499999999994
20.0755,20.228,antiTumourMacrophage,0.0144999999999999
18.6991,25.739,antiTumourMacrophage,0.0209166666666667
42.0418,29.7383,antiTumourMacrophage,0.0
40.363,36.8718,antiTumourMacrophage,0.0
6.10871,39.642,antiTumourMacrophage,0.0
42.95,39.7646,antiTumourMacrophage,0.0
10.3767,36.9454,antiTumourMacrophage,0.0
