points_x,points_y,celltypes,phenotypes
28.8334,22.6867,antiTumourMacrophage,0.4849166666666299
32.0708,25.3082,antiTumourMacrophage,0.4430833333333012
21.9739,25.7994,antiTumourMacrophage,0.4433333333333011
23.0935,23.3416,antiTumourMacrophage,0.4028333333333056
28.9777,28.0131,antiTumourMacrophage,0.4133333333333044
22.4031,24.1797,antiTumourMacrophage,0.3954999999999731
28.2898,22.2727,antiTumourMacrophage,0.3079999999999827
25.6549,22.3229,antiTumourMacrophage,0.308833333333316
30.415,25.763,antiTumourMacrophage,0.2748333333333197
24.5871,27.2061,antiTumourMacrophage,0.3047499999999831
23.7654,26.7339,antiTumourMacrophage,0.2786666666666526
23.9825,23.5151,antiTumourMacrophage,0.2839999999999854
26.062,21.9869,antiTumourMacrophage,0.2323333333333243
28.6266,27.5569,antiTumourMacrophage,0.2484166666666559
27.9797,28.0082,antiTumourMacrophage,0.262833333333321
22.9371,26.9235,antiTumourMacrophage,0.2315833333333244
29.3545,23.0205,antiTumourMacrophage,0.1997499999999946
27.1258,28.8732,antiTumourMacrophage,0.2198333333333257
26.4574,27.0064,antiTumourMacrophage,0.2060833333333272
27.5702,27.605,antiTumourMacrophage,0.1529999999999997
30.555,24.0082,antiTumourMacrophage,0.1495833333333334
26.5307,28.1702,antiTumourMacrophage,0.1345000000000018
22.3315,28.0185,antiTumourMacrophage,0.0248333333333334
29.9922,15.0752,antiTumourMacrophage,0.0015833333333333
10.2884,33.749,antiTumourMacrophage,0.0
36.8593,36.1535,antiTumourMacrophage,0.0
37.7817,12.4065,antiTumourMacrophage,0.0
33.1399,10.6212,antiTumourMacrophage,0.0
37.4239,6.15647,antiTumourMacrophage,0.0
18.5716,46.7328,antiTumourMacrophage,0.0
