points_x,points_y,celltypes,phenotypes
28.3118,22.3305,antiTumourMacrophage,0.4976666666666285
27.6157,22.1893,antiTumourMacrophage,0.4204999999999703
27.7377,25.9802,antiTumourMacrophage,0.4224166666666368
26.1455,21.9665,antiTumourMacrophage,0.4059166666666386
25.0056,21.9922,antiTumourMacrophage,0.366166666666643
27.8107,24.2242,antiTumourMacrophage,0.3932499999999733
26.3468,25.9643,antiTumourMacrophage,0.3380833333333127
27.197,21.2763,antiTumourMacrophage,0.3310833333333135
24.99,22.5306,antiTumourMacrophage,0.2705833333333202
24.8932,24.5468,antiTumourMacrophage,0.2274166666666582
25.0064,23.1011,antiTumourMacrophage,0.2249999999999918
22.4865,23.4625,antiTumourMacrophage,0.2356666666666573
26.71,21.7771,antiTumourMacrophage,0.2524999999999888
24.6898,23.8066,antiTumourMacrophage,0.1983333333333281
23.8541,22.9787,antiTumourMacrophage,0.199333333333328
23.9025,23.6391,antiTumourMacrophage,0.1592499999999991
23.2886,23.5475,antiTumourMacrophage,0.1423333333333342
23.2069,23.0011,antiTumourMacrophage,0.144833333333334
23.9969,24.3689,antiTumourMacrophage,0.1248333333333362
25.5482,25.3108,antiTumourMacrophage,0.0735833333333333
27.4568,24.5094,antiTumourMacrophage,0.068083333333333
25.6424,25.8435,antiTumourMacrophage,0.0380833333333333
27.4137,22.5904,antiTumourMacrophage,0.0788333333333336
17.3762,18.3913,antiTumourMacrophage,0.0
42.2629,25.4189,antiTumourMacrophage,0.0
18.052,12.8313,antiTumourMacrophage,0.0
46.6405,18.8734,antiTumourMacrophage,0.0
