points_x,points_y,celltypes,phenotypes
23.9099,25.8884,antiTumourMacrophage,0.4093333333333049
24.4597,19.5311,antiTumourMacrophage,0.4620833333332991
25.4655,20.5614,antiTumourMacrophage,0.42299999999997
24.7344,22.0187,antiTumourMacrophage,0.4046666666666387
22.2842,24.2548,antiTumourMacrophage,0.3446666666666453
23.733,22.154,antiTumourMacrophage,0.3534166666666444
23.5376,21.0131,antiTumourMacrophage,0.3328333333333133
25.5571,26.1194,antiTumourMacrophage,0.2794166666666525
26.0754,22.9892,antiTumourMacrophage,0.2711666666666534
26.4169,25.5564,antiTumourMacrophage,0.1968333333333282
26.5309,23.0122,antiTumourMacrophage,0.2033333333333275
27.0098,23.0071,antiTumourMacrophage,0.2169166666666594
25.0548,22.0736,antiTumourMacrophage,0.1860833333333294
25.0932,24.9483,antiTumourMacrophage,0.1637499999999986
23.1175,21.1174,antiTumourMacrophage,0.1390833333333346
20.5664,28.6024,antiTumourMacrophage,0.0331666666666668
23.5547,21.6105,antiTumourMacrophage,0.1425833333333342
26.9479,21.2233,antiTumourMacrophage,0.1080833333333352
29.8279,19.9097,antiTumourMacrophage,0.0666666666666662
25.0969,20.9308,antiTumourMacrophage,0.1170833333333357
26.6973,20.6925,antiTumourMacrophage,0.0954166666666678
26.987,22.5401,antiTumourMacrophage,0.0670833333333329
19.7317,20.4604,antiTumourMacrophage,0.0732499999999999
22.8137,31.4883,antiTumourMacrophage,0.0211666666666667
36.4293,16.5388,antiTumourMacrophage,0.00075
18.3517,30.0746,antiTumourMacrophage,0.0175833333333333
31.7453,15.4264,antiTumourMacrophage,0.0195833333333333
37.1035,12.0318,antiTumourMacrophage,0.0
4.55182,26.4502,antiTumourMacrophage,0.0
6.62493,15.5185,antiTumourMacrophage,0.0
