points_x,points_y,celltypes,phenotypes
24.1637,25.7663,antiTumourMacrophage,0.4159999999999708
22.4452,21.0115,antiTumourMacrophage,0.3971666666666396
26.5993,27.5204,antiTumourMacrophage,0.4328333333333023
26.1981,24.3181,antiTumourMacrophage,0.4570833333332996
21.7541,27.1851,antiTumourMacrophage,0.4419166666666346
25.9736,19.9132,antiTumourMacrophage,0.3684166666666427
23.5039,29.5184,antiTumourMacrophage,0.4156666666666375
26.4141,27.949,antiTumourMacrophage,0.4348333333333021
23.6519,22.2487,antiTumourMacrophage,0.2421666666666566
26.3094,28.4476,antiTumourMacrophage,0.3335833333333132
27.0612,25.5999,antiTumourMacrophage,0.329416666666647
25.6335,26.582,antiTumourMacrophage,0.2475833333333227
20.6196,20.4815,antiTumourMacrophage,0.2061666666666606
29.0079,22.5731,antiTumourMacrophage,0.3907499999999736
21.7,20.9283,antiTumourMacrophage,0.3258333333333141
25.5099,28.4818,antiTumourMacrophage,0.3051666666666497
25.1246,28.9175,antiTumourMacrophage,0.1626666666666653
25.001,19.0269,antiTumourMacrophage,0.1967499999999949
24.0385,28.966,antiTumourMacrophage,0.2452499999999896
23.1303,27.5116,antiTumourMacrophage,0.1815833333333299
19.0016,24.8479,antiTumourMacrophage,0.2062499999999939
18.1641,21.8322,antiTumourMacrophage,0.1915833333333288
27.3447,26.9601,antiTumourMacrophage,0.2079166666666604
23.1412,29.0731,antiTumourMacrophage,0.1526666666666664
28.0082,20.0206,antiTumourMacrophage,0.244083333333323
19.5805,20.9419,antiTumourMacrophage,0.1018333333333349
18.4616,22.333,antiTumourMacrophage,0.1208333333333359
25.5118,19.546,antiTumourMacrophage,0.1190000000000025
27.0066,27.0147,antiTumourMacrophage,0.0420833333333332
27.0204,19.0106,antiTumourMacrophage,0.1152500000000023
23.5148,28.5889,antiTumourMacrophage,0.1017500000000015
24.371,29.5892,antiTumourMacrophage,0.1023333333333349
21.0904,20.6669,antiTumourMacrophage,0.0649166666666661
19.0791,20.9457,antiTumourMacrophage,0.0760833333333334
28.0615,23.9409,antiTumourMacrophage,0.02175
21.1162,21.0351,antiTumourMacrophage,0.0569166666666661
34.3787,7.04072,antiTumourMacrophage,0.0
28.0656,34.1005,antiTumourMacrophage,0.0
43.5466,24.7991,antiTumourMacrophage,0.0
