points_x,points_y,celltypes,phenotypes
19.5856,26.0073,antiTumourMacrophage,0.3807499999999747
28.5448,22.0534,antiTumourMacrophage,0.4819166666666302
19.9667,27.1213,antiTumourMacrophage,0.4877499999999629
25.5743,28.9997,antiTumourMacrophage,0.4436666666666344
21.659,27.6987,antiTumourMacrophage,0.3407499999999791
27.7253,21.9881,antiTumourMacrophage,0.3305833333333136
42.7438,20.7441,antiTumourMacrophage,0.4749999999999643
41.9772,20.6178,antiTumourMacrophage,0.3892499999999738
24.4697,28.4553,antiTumourMacrophage,0.2256666666666584
26.717,24.7,antiTumourMacrophage,0.0970000000000013
40.9036,20.9413,antiTumourMacrophage,0.2975833333333172
26.0286,26.4908,antiTumourMacrophage,0.216833333333326
21.3985,23.9228,antiTumourMacrophage,0.2609166666666546
28.3891,23.375,antiTumourMacrophage,0.1888333333333291
20.3093,25.6529,antiTumourMacrophage,0.1323333333333353
41.5769,20.1417,antiTumourMacrophage,0.2890833333333181
20.1708,26.1654,antiTumourMacrophage,0.1247500000000028
22.9775,23.0136,antiTumourMacrophage,0.1300833333333356
26.8136,22.3652,antiTumourMacrophage,0.1290000000000024
41.8818,19.5363,antiTumourMacrophage,0.1572499999999993
22.1741,23.5007,antiTumourMacrophage,0.1075000000000018
27.2355,22.833,antiTumourMacrophage,0.0977500000000013
41.5875,20.5828,antiTumourMacrophage,0.2526666666666555
22.2981,22.9876,antiTumourMacrophage,0.0945000000000011
28.0028,27.7723,antiTumourMacrophage,0.1254166666666694
28.0072,24.1081,antiTumourMacrophage,0.0561666666666661
43.5725,19.9605,antiTumourMacrophage,0.0729999999999999
35.7211,22.2403,antiTumourMacrophage,0.0430833333333332
18.5491,16.7776,antiTumourMacrophage,0.0
41.1564,20.6191,antiTumourMacrophage,0.1399166666666678
19.1267,28.1519,antiTumourMacrophage,0.0452499999999998
30.8596,22.9652,antiTumourMacrophage,0.0195833333333333
41.461,21.4539,antiTumourMacrophage,0.109500000000002
28.4566,33.0023,antiTumourMacrophage,0.0
41.3522,24.0654,antiTumourMacrophage,0.0169166666666666
26.9557,35.9281,antiTumourMacrophage,0.0
45.7404,17.5201,antiTumourMacrophage,0.0
38.9595,40.5562,antiTumourMacrophage,0.0
29.3327,38.2612,antiTumourMacrophage,0.0
28.2784,40.7836,antiTumourMacrophage,0.0
19.1262,11.7869,antiTumourMacrophage,0.0
14.1561,46.516,antiTumourMacrophage,0.0
48.5369,6.83965,antiTumourMacrophage,0.0
47.4065,19.8978,antiTumourMacrophage,0.0
20.4483,5.21564,antiTumourMacrophage,0.0
43.3398,23.0443,antiTumourMacrophage,0.0001666666666666
43.3136,22.5144,antiTumourMacrophage,8.333333333333333e-05
