points_x,points_y,celltypes,phenotypes
23.6488,20.3849,antiTumourMacrophage,0.4431666666666345
23.5086,24.7221,antiTumourMacrophage,0.3789999999999749
22.9858,25.999,antiTumourMacrophage,0.3721666666666423
21.9585,24.8726,antiTumourMacrophage,0.4286666666666361
24.1792,22.1742,antiTumourMacrophage,0.3647499999999765
24.2913,26.2993,antiTumourMacrophage,0.2182499999999926
26.2848,28.4254,antiTumourMacrophage,0.1018333333333349
21.6934,26.3287,antiTumourMacrophage,0.3375833333333128
24.7992,24.8051,antiTumourMacrophage,0.2884166666666515
25.683,26.7633,antiTumourMacrophage,0.147666666666667
22.4035,21.4804,antiTumourMacrophage,0.1067500000000018
32.3678,10.6625,antiTumourMacrophage,0.0
30.8041,31.1832,antiTumourMacrophage,0.0095833333333333
25.0192,23.7002,antiTumourMacrophage,0.2373333333333238
26.5665,17.4296,antiTumourMacrophage,0.0120833333333333
26.1963,23.2328,antiTumourMacrophage,0.1568333333333327
9.65756,15.0936,antiTumourMacrophage,0.0
28.3843,30.4998,antiTumourMacrophage,0.0374166666666666
23.7367,34.9874,antiTumourMacrophage,0.0
11.1474,18.0368,antiTumourMacrophage,0.0
18.912,25.0965,antiTumourMacrophage,0.0393333333333333
35.4053,34.4317,antiTumourMacrophage,0.0
34.5892,47.0194,antiTumourMacrophage,0.0
16.1313,28.2198,antiTumourMacrophage,0.0
13.0318,45.9018,antiTumourMacrophage,0.0
41.8008,33.9601,antiTumourMacrophage,0.0
11.2147,11.4733,antiTumourMacrophage,0.0
11.3235,30.4932,antiTumourMacrophage,0.0
21.0013,8.76469,antiTumourMacrophage,0.0
7.10299,29.7945,antiTumourMacrophage,0.0
