points_x,points_y,celltypes,phenotypes
26.2295,25.9027,antiTumourMacrophage,0.4404166666666348
27.0161,24.3803,antiTumourMacrophage,0.3936666666666399
26.333,22.9777,antiTumourMacrophage,0.320916666666648
24.6492,24.6529,antiTumourMacrophage,0.2757499999999863
24.7632,23.211,antiTumourMacrophage,0.1776666666666637
26.0034,25.072,antiTumourMacrophage,0.1368333333333349
17.9858,14.5266,antiTumourMacrophage,0.0
