points_x,points_y,celltypes,phenotypes
25.5105,20.8259,antiTumourMacrophage,0.4336666666666355
24.9846,15.7914,antiTumourMacrophage,0.4840833333332967
27.5235,23.8844,antiTumourMacrophage,0.4051666666666387
26.0478,25.4839,antiTumourMacrophage,0.3835833333333077
25.4717,24.9901,antiTumourMacrophage,0.3889166666666405
26.6563,22.3223,antiTumourMacrophage,0.3444166666666454
23.6161,23.516,antiTumourMacrophage,0.3644999999999765
22.0221,23.9951,antiTumourMacrophage,0.3041666666666498
24.5296,21.4884,antiTumourMacrophage,0.3668333333333096
27.5934,25.1824,antiTumourMacrophage,0.3045833333333164
24.0206,25.1651,antiTumourMacrophage,0.2587499999999881
24.6979,24.6982,antiTumourMacrophage,0.2401666666666568
26.7121,24.7885,antiTumourMacrophage,0.2331666666666576
26.3162,22.3776,antiTumourMacrophage,0.2252499999999918
23.9967,26.1798,antiTumourMacrophage,0.2178333333333259
23.0939,23.3328,antiTumourMacrophage,0.2284166666666581
22.5125,24.0076,antiTumourMacrophage,0.1769166666666638
24.9942,16.6986,antiTumourMacrophage,0.1647499999999984
23.6095,22.8672,antiTumourMacrophage,0.1593333333333324
24.9856,17.2726,antiTumourMacrophage,0.1255833333333361
22.9811,25.9104,antiTumourMacrophage,0.0296666666666668
24.0352,26.7465,antiTumourMacrophage,0.0409166666666666
23.9545,25.7434,antiTumourMacrophage,0.0458333333333331
26.5125,12.8128,antiTumourMacrophage,0.0163333333333333
17.8819,15.9362,antiTumourMacrophage,0.0
