points_x,points_y,celltypes,phenotypes
26.4971,24.7166,antiTumourMacrophage,0.4299999999999693
26.1656,26.8314,antiTumourMacrophage,0.4527499999999668
24.3067,24.0079,antiTumourMacrophage,0.2130833333333265
24.0136,26.0583,antiTumourMacrophage,0.1423333333333342
24.887,25.9986,antiTumourMacrophage,0.1729166666666642
24.6116,24.5498,antiTumourMacrophage,0.1765833333333305
25.2872,23.9952,antiTumourMacrophage,0.1683333333333314
23.898,24.0781,antiTumourMacrophage,0.1112500000000021
24.0818,20.3303,antiTumourMacrophage,0.0449166666666664
20.327,29.9833,antiTumourMacrophage,0.0331666666666668
30.2754,14.9516,antiTumourMacrophage,0.0
