points_x,points_y,celltypes,phenotypes
28.7454,22.7168,antiTumourMacrophage,0.4658333333332987
33.9206,10.3187,antiTumourMacrophage,0.4371666666666352
26.8204,25.2321,antiTumourMacrophage,0.4194166666666371
24.0343,24.149,antiTumourMacrophage,0.3851666666666409
25.8708,22.0153,antiTumourMacrophage,0.4063333333333052
22.2702,23.7212,antiTumourMacrophage,0.4209999999999703
33.5626,7.5908,antiTumourMacrophage,0.4063333333333052
22.6168,26.7202,antiTumourMacrophage,0.3567499999999773
33.3749,11.0111,antiTumourMacrophage,0.3971666666666396
33.8376,9.47791,antiTumourMacrophage,0.359749999999977
34.1308,8.31091,antiTumourMacrophage,0.3162499999999818
33.5543,8.3929,antiTumourMacrophage,0.3134999999999821
26.7833,25.9053,antiTumourMacrophage,0.2730833333333199
24.0342,24.955,antiTumourMacrophage,0.2414166666666567
26.5207,24.4223,antiTumourMacrophage,0.1959166666666617
27.7023,20.3236,antiTumourMacrophage,0.1705833333333311
22.88,25.3277,antiTumourMacrophage,0.2034999999999942
21.4645,26.0294,antiTumourMacrophage,0.1932499999999953
33.8023,7.78197,antiTumourMacrophage,0.2483333333333226
25.8037,26.1973,antiTumourMacrophage,0.1797499999999968
22.0264,26.0187,antiTumourMacrophage,0.1014166666666682
22.4763,26.0045,antiTumourMacrophage,0.1084166666666686
24.8091,28.1233,antiTumourMacrophage,0.1052500000000017
33.8381,8.19286,antiTumourMacrophage,0.1352500000000017
27.6558,21.9879,antiTumourMacrophage,0.0778333333333335
34.1712,7.7997,antiTumourMacrophage,0.0966666666666679
22.7203,20.6757,antiTumourMacrophage,0.0244166666666667
37.4515,8.85149,antiTumourMacrophage,0.0145833333333333
45.2801,6.69278,antiTumourMacrophage,0.0
36.2075,38.0824,antiTumourMacrophage,0.0
0.842755,8.25343,antiTumourMacrophage,0.0
17.696,8.53878,antiTumourMacrophage,0.0
