points_x,points_y,celltypes,phenotypes
24.6887,20.3912,antiTumourMacrophage,0.372333333333309
25.6005,27.6041,antiTumourMacrophage,0.4825833333332968
19.0554,24.0018,antiTumourMacrophage,0.481333333333297
24.3466,28.4495,antiTumourMacrophage,0.4469999999999674
29.022,22.6038,antiTumourMacrophage,0.4460833333333008
21.6137,9.16486,antiTumourMacrophage,0.4115833333333046
25.2367,28.8688,antiTumourMacrophage,0.4303333333333026
18.6194,24.4764,antiTumourMacrophage,0.4609166666666325
22.4055,10.4205,antiTumourMacrophage,0.4396666666666349
21.8169,6.11617,antiTumourMacrophage,0.3818333333333079
25.003,18.1583,antiTumourMacrophage,0.4215833333333035
19.9492,20.9347,antiTumourMacrophage,0.4010833333333058
21.4325,6.01157,antiTumourMacrophage,0.4870833333332963
27.6359,21.0006,antiTumourMacrophage,0.2886666666666515
20.3087,21.3369,antiTumourMacrophage,0.2539166666666553
27.0652,21.112,antiTumourMacrophage,0.244833333333323
28.1584,22.0877,antiTumourMacrophage,0.378249999999975
27.6112,24.3839,antiTumourMacrophage,0.3255833333333141
28.4875,24.2282,antiTumourMacrophage,0.2682499999999871
21.9788,7.60409,antiTumourMacrophage,0.33224999999998
24.8512,22.2264,antiTumourMacrophage,0.1363333333333349
19.9779,22.7608,antiTumourMacrophage,0.1286666666666691
19.6164,7.55884,antiTumourMacrophage,0.2480833333333226
22.0129,5.9297,antiTumourMacrophage,0.2926666666666511
28.0511,23.5931,antiTumourMacrophage,0.2012499999999944
24.9482,25.9795,antiTumourMacrophage,0.0442499999999998
27.9876,24.0458,antiTumourMacrophage,0.1785833333333303
23.8432,28.0122,antiTumourMacrophage,0.0893333333333342
28.278,23.2367,antiTumourMacrophage,0.1285833333333358
24.7015,27.3435,antiTumourMacrophage,0.0539166666666662
24.3358,27.6564,antiTumourMacrophage,0.0612499999999993
24.8096,26.9003,antiTumourMacrophage,0.1149166666666689
21.2736,7.9936,antiTumourMacrophage,0.1300833333333356
26.3702,21.1448,antiTumourMacrophage,0.0422499999999999
23.8899,27.164,antiTumourMacrophage,0.1030000000000016
23.0505,27.0634,antiTumourMacrophage,0.0869166666666673
29.663,27.4605,antiTumourMacrophage,0.0061666666666666
25.196,26.6015,antiTumourMacrophage,0.0280833333333334
21.9874,4.96233,antiTumourMacrophage,0.1093333333333353
35.7592,16.4048,antiTumourMacrophage,0.0
35.0387,1.65288,antiTumourMacrophage,0.0
4.49412,37.1657,antiTumourMacrophage,0.0
11.6665,41.5066,antiTumourMacrophage,0.0
39.548,40.9594,antiTumourMacrophage,0.0
