points_x,points_y,celltypes,phenotypes
24.419,23.5339,antiTumourMacrophage,0.499333333333295
26.181,24.2432,antiTumourMacrophage,0.4039166666666388
26.0001,26.0266,antiTumourMacrophage,0.3585833333333105
26.2525,25.7461,antiTumourMacrophage,0.357166666666644
22.9995,25.0413,antiTumourMacrophage,0.2523333333333222
23.7424,24.2295,antiTumourMacrophage,0.168749999999998
23.5179,25.4997,antiTumourMacrophage,0.1557499999999994
23.3516,24.6268,antiTumourMacrophage,0.0667499999999995
