points_x,points_y,celltypes,phenotypes
23.5257,22.6777,antiTumourMacrophage,0.4262499999999697
22.3096,24.0614,antiTumourMacrophage,0.3932499999999733
24.3656,26.3331,antiTumourMacrophage,0.3410833333333124
26.177,24.7202,antiTumourMacrophage,0.4450833333333009
23.9287,24.7368,antiTumourMacrophage,0.3678333333333095
22.2731,22.3411,antiTumourMacrophage,0.2693333333333203
22.5728,25.9901,antiTumourMacrophage,0.2699166666666536
22.4952,18.3699,antiTumourMacrophage,0.4349999999999687
26.1631,19.1363,antiTumourMacrophage,0.3374166666666461
28.212,25.6946,antiTumourMacrophage,0.2189166666666591
19.3342,23.8694,antiTumourMacrophage,0.1589999999999991
27.3303,20.4673,antiTumourMacrophage,0.2368333333333238
23.9067,28.2282,antiTumourMacrophage,0.2269999999999916
21.423,17.4264,antiTumourMacrophage,0.1967499999999949
37.4475,32.5835,antiTumourMacrophage,0.0
15.349,22.5825,antiTumourMacrophage,0.0186666666666666
25.0091,30.3761,antiTumourMacrophage,0.1185000000000025
26.0376,28.9781,antiTumourMacrophage,0.1480833333333336
25.2394,32.5323,antiTumourMacrophage,0.0712499999999998
26.9805,15.508,antiTumourMacrophage,0.0853333333333339
7.30244,15.5233,antiTumourMacrophage,0.0
41.4605,34.6239,antiTumourMacrophage,0.0
7.61597,21.5387,antiTumourMacrophage,0.0
26.164,36.5662,antiTumourMacrophage,0.0
47.7664,35.4138,antiTumourMacrophage,0.0
28.2306,42.4879,antiTumourMacrophage,0.0
28.3182,44.1642,antiTumourMacrophage,0.0
22.163,12.7177,antiTumourMacrophage,0.0470833333333331
3.53172,13.4845,antiTumourMacrophage,0.0
34.4316,7.5026,antiTumourMacrophage,0.0
30.3796,40.7347,antiTumourMacrophage,0.0
38.825,18.9943,antiTumourMacrophage,0.0
28.339,48.2071,antiTumourMacrophage,0.0
4.75301,20.8291,antiTumourMacrophage,0.0
