points_x,points_y,celltypes,phenotypes
24.3789,26.8443,antiTumourMacrophage,0.4313333333333025
25.6055,26.4177,antiTumourMacrophage,0.3541666666666443
22.5459,24.9912,antiTumourMacrophage,0.3099166666666492
23.0516,24.9355,antiTumourMacrophage,0.1864166666666627
23.3044,25.2584,antiTumourMacrophage,0.2515833333333223
25.9921,25.3067,antiTumourMacrophage,0.1537499999999997
26.0103,24.5412,antiTumourMacrophage,0.1790833333333302
24.2497,24.0194,antiTumourMacrophage,0.0774166666666668
21.1946,29.6371,antiTumourMacrophage,0.0279166666666668
7.30932,19.5533,antiTumourMacrophage,0.0
