points_x,points_y,celltypes,phenotypes
27.9785,23.2137,antiTumourMacrophage,0.4588333333332994
26.547,22.3084,antiTumourMacrophage,0.4701666666666315
25.6435,22.3784,antiTumourMacrophage,0.4424999999999679
26.9081,22.6856,antiTumourMacrophage,0.4069166666666385
24.2267,27.2321,antiTumourMacrophage,0.3408333333333124
23.2115,24.3954,antiTumourMacrophage,0.3543333333333109
26.8265,25.9924,antiTumourMacrophage,0.2967499999999839
25.7009,23.3062,antiTumourMacrophage,0.2757499999999863
23.1263,26.9979,antiTumourMacrophage,0.2609166666666546
25.8778,24.9674,antiTumourMacrophage,0.2688333333333204
22.8485,25.1626,antiTumourMacrophage,0.1958333333333284
26.5291,23.5039,antiTumourMacrophage,0.2202499999999923
28.1638,25.8688,antiTumourMacrophage,0.1974166666666615
23.3983,25.4556,antiTumourMacrophage,0.1359166666666683
25.3106,26.6594,antiTumourMacrophage,0.1875833333333293
22.1444,25.9469,antiTumourMacrophage,0.1750833333333306
24.2365,21.8129,antiTumourMacrophage,0.0672499999999996
28.5567,24.5285,antiTumourMacrophage,0.1035000000000016
25.3956,18.3146,antiTumourMacrophage,0.0297500000000001
18.2414,30.5519,antiTumourMacrophage,0.0195
26.2243,16.7396,antiTumourMacrophage,0.02225
31.5641,31.4504,antiTumourMacrophage,0.0035833333333333
19.3542,38.1121,antiTumourMacrophage,0.0
22.254,10.1672,antiTumourMacrophage,0.0230833333333334
33.2742,34.381,antiTumourMacrophage,0.0
12.0533,2.95773,antiTumourMacrophage,0.0
9.67927,42.7532,antiTumourMacrophage,0.0
37.7808,41.4957,antiTumourMacrophage,0.0
16.7395,38.0296,antiTumourMacrophage,0.0
40.5942,44.9893,antiTumourMacrophage,0.0
