points_x,points_y,celltypes,phenotypes
25.3975,27.6902,antiTumourMacrophage,0.4492499999999672
26.6386,26.2315,antiTumourMacrophage,0.4031666666666389
24.8395,28.6089,antiTumourMacrophage,0.4093333333333049
26.7179,27.3098,antiTumourMacrophage,0.4189999999999705
26.1842,25.8494,antiTumourMacrophage,0.3586666666666438
24.0159,26.1583,antiTumourMacrophage,0.3307499999999802
26.1672,24.193,antiTumourMacrophage,0.3128333333333155
25.2645,27.2995,antiTumourMacrophage,0.2742499999999864
25.5888,24.4823,antiTumourMacrophage,0.2089999999999936
24.0083,25.2832,antiTumourMacrophage,0.1598333333333323
24.7955,24.0172,antiTumourMacrophage,0.1445000000000007
24.0471,24.0114,antiTumourMacrophage,0.0775833333333335
28.1688,27.5403,antiTumourMacrophage,0.0154999999999999
16.4957,33.2253,antiTumourMacrophage,0.0
11.841,31.4272,antiTumourMacrophage,0.0
40.5912,19.4516,antiTumourMacrophage,0.0
9.96311,27.8436,antiTumourMacrophage,0.0
37.5113,9.841,antiTumourMacrophage,0.0
7.74802,33.5482,antiTumourMacrophage,0.0
46.7048,7.12979,antiTumourMacrophage,0.0
40.3048,12.6274,antiTumourMacrophage,0.0
