points_x,points_y,celltypes,phenotypes
28.6466,23.5753,antiTumourMacrophage,0.3901666666666403
19.5283,26.933,antiTumourMacrophage,0.4908333333332959
25.6594,22.4331,antiTumourMacrophage,0.4102499999999714
22.8534,27.9931,antiTumourMacrophage,0.429666666666636
28.7024,22.0059,antiTumourMacrophage,0.3973333333333062
24.11,27.8936,antiTumourMacrophage,0.3834166666666411
28.5407,22.4452,antiTumourMacrophage,0.3752499999999753
23.6972,28.1697,antiTumourMacrophage,0.4472499999999674
27.0359,21.013,antiTumourMacrophage,0.3713333333333091
19.4102,24.993,antiTumourMacrophage,0.4027499999999723
27.4894,24.8404,antiTumourMacrophage,0.3098333333333158
27.0368,26.9297,antiTumourMacrophage,0.3700833333333092
23.8441,27.3665,antiTumourMacrophage,0.3330833333333133
28.5837,21.4053,antiTumourMacrophage,0.305249999999983
28.1942,22.5663,antiTumourMacrophage,0.2603333333333213
19.0585,26.8429,antiTumourMacrophage,0.2224999999999921
24.6388,27.3903,antiTumourMacrophage,0.2292499999999913
22.4384,27.3169,antiTumourMacrophage,0.2323333333333243
20.1408,25.2988,antiTumourMacrophage,0.2287499999999914
25.3407,27.5506,antiTumourMacrophage,0.1749999999999973
22.3401,27.9831,antiTumourMacrophage,0.2037499999999941
33.5046,20.1332,antiTumourMacrophage,0.1800833333333301
26.2868,27.7101,antiTumourMacrophage,0.1227500000000027
9.36791,28.7096,antiTumourMacrophage,0.0960833333333345
37.1589,18.8787,antiTumourMacrophage,0.1500000000000001
17.2534,26.6655,antiTumourMacrophage,0.105083333333335
19.6786,26.322,antiTumourMacrophage,0.0861666666666673
18.4926,25.7505,antiTumourMacrophage,0.0659999999999995
38.7686,17.9558,antiTumourMacrophage,0.0460833333333331
6.95318,29.3295,antiTumourMacrophage,0.0679999999999996
31.3024,31.9989,antiTumourMacrophage,0.0085
2.67768,21.7822,antiTumourMacrophage,0.0
41.6289,16.9241,antiTumourMacrophage,0.0540833333333329
7.49275,31.6548,antiTumourMacrophage,0.0330833333333334
17.8759,5.1361,antiTumourMacrophage,0.0
47.4699,44.5757,antiTumourMacrophage,0.0
40.6777,18.7834,antiTumourMacrophage,0.0024999999999999
