points_x,points_y,celltypes,phenotypes
22.2855,20.8498,antiTumourMacrophage,0.4955833333332954
21.9478,22.1444,antiTumourMacrophage,0.496249999999962
23.2508,25.9336,antiTumourMacrophage,0.4392499999999683
24.2224,25.86,antiTumourMacrophage,0.3264166666666473
25.6987,22.645,antiTumourMacrophage,0.4305833333333025
23.6998,20.9414,antiTumourMacrophage,0.3944166666666399
25.0645,22.6641,antiTumourMacrophage,0.3475833333333117
24.8168,21.9075,antiTumourMacrophage,0.3254166666666475
25.7467,26.0022,antiTumourMacrophage,0.3031666666666499
26.3064,25.5742,antiTumourMacrophage,0.2415833333333233
22.6328,21.3478,antiTumourMacrophage,0.2818333333333189
25.1731,26.1962,antiTumourMacrophage,0.2115833333333266
25.6803,24.0545,antiTumourMacrophage,0.1920833333333288
26.0846,22.2148,antiTumourMacrophage,0.2219166666666588
22.2356,21.7738,antiTumourMacrophage,0.1739166666666641
27.5765,26.8135,antiTumourMacrophage,0.1042500000000017
19.1415,22.7856,antiTumourMacrophage,0.1101666666666687
23.5374,24.4299,antiTumourMacrophage,0.144583333333334
21.6559,22.6931,antiTumourMacrophage,0.1920833333333288
26.3754,24.1678,antiTumourMacrophage,0.1330833333333353
22.1852,29.0846,antiTumourMacrophage,0.0520833333333329
25.379,29.2197,antiTumourMacrophage,0.0609999999999993
23.5075,26.9572,antiTumourMacrophage,0.0653333333333328
26.8922,28.5908,antiTumourMacrophage,0.062166666666666
20.0323,24.0271,antiTumourMacrophage,0.1388333333333346
22.0523,31.2176,antiTumourMacrophage,0.0220833333333333
15.4301,19.2443,antiTumourMacrophage,0.0361666666666667
29.6814,29.8038,antiTumourMacrophage,0.0469166666666664
13.4378,17.5849,antiTumourMacrophage,0.0109166666666666
20.0382,36.004,antiTumourMacrophage,0.0
37.8258,17.3979,antiTumourMacrophage,0.0
34.6395,22.1659,antiTumourMacrophage,0.0001666666666666
14.5976,44.8935,antiTumourMacrophage,0.0
14.4024,32.0503,antiTumourMacrophage,0.0
13.4237,33.8856,antiTumourMacrophage,0.0
35.2651,9.58879,antiTumourMacrophage,0.0
