points_x,points_y,celltypes,phenotypes
25.6571,25.5586,antiTumourMacrophage,0.4974999999999618
24.7631,23.0247,antiTumourMacrophage,0.4849166666666299
24.6798,26.674,antiTumourMacrophage,0.486749999999963
24.1976,26.206,antiTumourMacrophage,0.3918333333333068
25.7539,26.2366,antiTumourMacrophage,0.4404999999999681
23.0633,23.8923,antiTumourMacrophage,0.3622499999999767
26.3051,24.2937,antiTumourMacrophage,0.1093333333333353
22.9868,24.5223,antiTumourMacrophage,0.1704166666666645
26.0225,23.7776,antiTumourMacrophage,0.0920833333333343
28.6896,22.4397,antiTumourMacrophage,0.0195833333333333
27.6008,26.1789,antiTumourMacrophage,0.0304166666666668
26.8001,25.6847,antiTumourMacrophage,0.0398333333333333
37.6731,18.868,antiTumourMacrophage,0.0
19.3435,19.845,antiTumourMacrophage,0.0
37.6523,26.705,antiTumourMacrophage,0.0
39.1963,25.5265,antiTumourMacrophage,0.0
44.1353,14.101,antiTumourMacrophage,0.0
14.814,14.951,antiTumourMacrophage,0.0
30.319,34.3318,antiTumourMacrophage,0.0
28.325,6.14821,antiTumourMacrophage,0.0
45.5353,24.1215,antiTumourMacrophage,0.0
