points_x,points_y,celltypes,phenotypes
26.7637,24.2063,antiTumourMacrophage,0.4933333333332956
26.9339,22.6433,antiTumourMacrophage,0.4971666666666285
26.3849,27.0335,antiTumourMacrophage,0.4264166666666363
20.9968,22.3664,antiTumourMacrophage,0.4280833333333028
24.216,23.0617,antiTumourMacrophage,0.4424999999999679
24.4771,28.1046,antiTumourMacrophage,0.4374166666666351
21.0833,24.8338,antiTumourMacrophage,0.408083333333305
22.5855,26.6172,antiTumourMacrophage,0.3513333333333113
25.1617,26.4374,antiTumourMacrophage,0.3438333333333121
23.8658,21.8712,antiTumourMacrophage,0.3250833333333142
23.9479,26.5437,antiTumourMacrophage,0.2806666666666524
24.3255,23.5339,antiTumourMacrophage,0.2961666666666507
22.1903,26.2322,antiTumourMacrophage,0.2671666666666539
22.0518,25.5283,antiTumourMacrophage,0.2269166666666583
23.7169,26.2436,antiTumourMacrophage,0.1937499999999953
22.7577,24.7571,antiTumourMacrophage,0.2399999999999902
25.3829,22.9381,antiTumourMacrophage,0.1501666666666667
24.8649,22.6667,antiTumourMacrophage,0.1271666666666693
25.6947,23.6815,antiTumourMacrophage,0.1351666666666684
25.3539,24.9485,antiTumourMacrophage,0.1140000000000022
24.5698,26.6026,antiTumourMacrophage,0.1033333333333349
26.2101,23.8073,antiTumourMacrophage,0.1077500000000019
21.9835,23.9482,antiTumourMacrophage,0.1193333333333358
26.7678,24.7902,antiTumourMacrophage,0.0674999999999996
25.5836,24.1572,antiTumourMacrophage,0.0853333333333339
23.0794,26.9352,antiTumourMacrophage,0.0935000000000011
26.0442,23.1504,antiTumourMacrophage,0.0530833333333329
21.5873,20.435,antiTumourMacrophage,0.0504166666666663
25.4995,21.6786,antiTumourMacrophage,0.0407499999999999
28.2895,18.3806,antiTumourMacrophage,0.0045833333333333
34.9287,38.1132,antiTumourMacrophage,0.0
10.4717,17.5077,antiTumourMacrophage,0.0
11.1304,21.7099,antiTumourMacrophage,0.0
41.6621,25.8931,antiTumourMacrophage,0.0
25.9589,38.9574,antiTumourMacrophage,0.0
36.1983,39.9094,antiTumourMacrophage,0.0
