points_x,points_y,celltypes,phenotypes
23.2037,22.7512,antiTumourMacrophage,0.4819999999999635
22.071,28.1741,antiTumourMacrophage,0.4235833333333033
24.317,29.7393,antiTumourMacrophage,0.4573333333332996
23.2021,29.331,antiTumourMacrophage,0.4455833333333009
25.1588,28.0664,antiTumourMacrophage,0.3335833333333132
26.7778,25.2402,antiTumourMacrophage,0.3366666666666462
23.0112,27.4221,antiTumourMacrophage,0.3461666666666452
22.0344,26.2009,antiTumourMacrophage,0.3405833333333125
22.4011,25.6331,antiTumourMacrophage,0.3067499999999828
24.1953,28.0537,antiTumourMacrophage,0.2654166666666541
24.2009,23.8068,antiTumourMacrophage,0.2112499999999933
22.2193,26.8711,antiTumourMacrophage,0.2574999999999883
23.6232,24.044,antiTumourMacrophage,0.2247499999999918
23.6307,27.9854,antiTumourMacrophage,0.0915000000000009
24.7106,23.3463,antiTumourMacrophage,0.189583333333329
25.7686,27.3376,antiTumourMacrophage,0.1229166666666694
25.9156,26.0577,antiTumourMacrophage,0.1191666666666692
25.6641,22.9194,antiTumourMacrophage,0.098666666666668
22.9861,24.3993,antiTumourMacrophage,0.141750000000001
27.1596,26.4512,antiTumourMacrophage,0.069083333333333
22.3828,33.3324,antiTumourMacrophage,0.0489999999999997
26.6791,22.6772,antiTumourMacrophage,0.0881666666666674
24.3698,34.1285,antiTumourMacrophage,0.0313333333333335
21.6749,32.0122,antiTumourMacrophage,0.0336666666666667
41.0857,26.6456,antiTumourMacrophage,0.0
27.975,14.8399,antiTumourMacrophage,0.0
13.5757,17.4152,antiTumourMacrophage,0.0
34.6015,19.7877,antiTumourMacrophage,0.0
14.8903,14.8102,antiTumourMacrophage,0.0
24.2801,37.6143,antiTumourMacrophage,0.00975
13.6477,11.9465,antiTumourMacrophage,0.0
10.4564,10.3441,antiTumourMacrophage,0.0
