points_x,points_y,celltypes,phenotypes
26.3321,25.8876,antiTumourMacrophage,0.4729999999999645
21.473,26.3695,antiTumourMacrophage,0.4686666666666317
21.3956,25.3675,antiTumourMacrophage,0.4379166666666351
21.6999,25.8214,antiTumourMacrophage,0.4300833333333026
21.9938,27.5272,antiTumourMacrophage,0.4379166666666351
25.1033,28.8877,antiTumourMacrophage,0.4218333333333035
22.0124,28.0461,antiTumourMacrophage,0.4251666666666365
26.1058,23.2085,antiTumourMacrophage,0.4059166666666386
21.1936,24.4966,antiTumourMacrophage,0.3952499999999731
22.219,23.786,antiTumourMacrophage,0.3638333333333099
22.6525,23.3433,antiTumourMacrophage,0.3680833333333094
26.0065,27.3802,antiTumourMacrophage,0.3834166666666411
22.0263,26.4184,antiTumourMacrophage,0.3229999999999811
24.7976,23.0114,antiTumourMacrophage,0.2506666666666557
22.0479,26.9829,antiTumourMacrophage,0.1784999999999969
25.7679,23.7294,antiTumourMacrophage,0.1633333333333319
22.983,27.9963,antiTumourMacrophage,0.1255833333333361
26.8338,24.7215,antiTumourMacrophage,0.0899166666666675
21.0528,25.0348,antiTumourMacrophage,0.0598333333333327
23.442,24.6234,antiTumourMacrophage,0.0934166666666677
21.9975,25.5622,antiTumourMacrophage,0.0669166666666662
25.7499,28.2174,antiTumourMacrophage,0.0507499999999996
30.212,38.2773,antiTumourMacrophage,0.0
