points_x,points_y,celltypes,phenotypes
28.2863,24.0139,antiTumourMacrophage,0.4691666666666316
20.4041,25.5598,antiTumourMacrophage,0.4780833333332973
20.9404,26.6734,antiTumourMacrophage,0.4744999999999644
20.0766,23.8729,antiTumourMacrophage,0.4010833333333058
22.0246,25.1299,antiTumourMacrophage,0.3906666666666403
22.9272,27.0619,antiTumourMacrophage,0.3953333333333064
19.9924,24.9542,antiTumourMacrophage,0.4221666666666368
27.3047,26.7258,antiTumourMacrophage,0.2963333333333173
25.3466,26.6748,antiTumourMacrophage,0.2967499999999839
26.7451,27.0475,antiTumourMacrophage,0.2783333333333193
26.913,24.5351,antiTumourMacrophage,0.2019999999999943
26.8938,23.7818,antiTumourMacrophage,0.3289999999999804
22.7378,22.9097,antiTumourMacrophage,0.2833333333333188
22.5719,26.5896,antiTumourMacrophage,0.2639166666666542
22.007,21.7813,antiTumourMacrophage,0.2454166666666562
25.9829,22.1141,antiTumourMacrophage,0.2189166666666591
25.6814,23.0018,antiTumourMacrophage,0.2075833333333271
23.0328,23.397,antiTumourMacrophage,0.1999999999999946
27.2607,25.2861,antiTumourMacrophage,0.1966666666666616
25.0625,22.9744,antiTumourMacrophage,0.1500833333333334
24.9765,27.0347,antiTumourMacrophage,0.1364166666666682
25.024,22.4625,antiTumourMacrophage,0.1133333333333355
22.9854,21.7883,antiTumourMacrophage,0.0734999999999999
27.2514,30.5867,antiTumourMacrophage,0.0166666666666666
31.3262,31.6234,antiTumourMacrophage,0.0024166666666666
31.7919,13.3771,antiTumourMacrophage,0.0
10.8633,30.529,antiTumourMacrophage,0.0
21.4177,14.3511,antiTumourMacrophage,0.0037499999999999
16.3019,8.82384,antiTumourMacrophage,0.0
9.38242,20.1248,antiTumourMacrophage,0.0
40.8201,30.9982,antiTumourMacrophage,0.0
9.52586,12.7762,antiTumourMacrophage,0.0
7.58445,20.468,antiTumourMacrophage,0.0
3.18313,36.1001,antiTumourMacrophage,0.0
29.1298,47.0074,antiTumourMacrophage,0.0
