points_x,points_y,celltypes,phenotypes
22.8375,22.299,antiTumourMacrophage,0.4894999999999627
27.2658,23.7825,antiTumourMacrophage,0.3555833333333108
24.6898,22.9906,antiTumourMacrophage,0.2399166666666568
26.3201,25.7263,antiTumourMacrophage,0.2801666666666524
25.4927,23.9066,antiTumourMacrophage,0.1574999999999992
26.4008,24.4793,antiTumourMacrophage,0.2179999999999926
24.6114,25.3609,antiTumourMacrophage,0.2523333333333222
24.9858,26.786,antiTumourMacrophage,0.1360000000000016
25.8939,22.8943,antiTumourMacrophage,0.1518333333333332
23.0296,25.2181,antiTumourMacrophage,0.1452500000000006
25.8594,25.7319,antiTumourMacrophage,0.1554166666666661
27.1448,29.1384,antiTumourMacrophage,0.0385
18.1228,23.3812,antiTumourMacrophage,0.0438333333333331
22.5704,19.0386,antiTumourMacrophage,0.0385833333333333
13.4129,36.2301,antiTumourMacrophage,0.0
36.7822,33.709,antiTumourMacrophage,0.0
