points_x,points_y,celltypes,phenotypes
23.8233,24.7092,antiTumourMacrophage,0.4844999999999633
25.3311,25.7653,antiTumourMacrophage,0.4769999999999641
26.0404,23.9999,antiTumourMacrophage,0.4567499999999663
27.0752,25.0479,antiTumourMacrophage,0.2410833333333234
17.2409,36.4463,antiTumourMacrophage,0.0
26.8688,39.4446,antiTumourMacrophage,0.0
19.8636,45.636,antiTumourMacrophage,0.0
