points_x,points_y,celltypes,phenotypes
22.0858,16.3764,antiTumourMacrophage,0.4919999999999624
18.5014,29.9286,antiTumourMacrophage,0.3248333333333142
34.8449,25.0716,antiTumourMacrophage,0.3857499999999741
22.8627,34.267,antiTumourMacrophage,0.4126666666666378
32.2818,21.1607,antiTumourMacrophage,0.2107499999999934
28.3574,36.2799,antiTumourMacrophage,0.1163333333333357
32.7192,26.5866,antiTumourMacrophage,0.2761666666666529
14.9077,20.8667,antiTumourMacrophage,0.0313333333333335
16.8544,22.7935,antiTumourMacrophage,0.1370833333333348
11.4704,19.9034,antiTumourMacrophage,0.0
14.0248,29.356,antiTumourMacrophage,0.0
26.2485,9.22468,antiTumourMacrophage,0.0
49.1099,12.8167,antiTumourMacrophage,0.0
8.64273,39.2899,antiTumourMacrophage,0.0
9.3859,19.0541,antiTumourMacrophage,0.0
42.2569,32.8325,antiTumourMacrophage,0.0
40.1407,15.9532,antiTumourMacrophage,0.0
4.80682,44.1652,antiTumourMacrophage,0.0
25.0579,12.9564,antiTumourMacrophage,0.0
45.1873,33.9694,antiTumourMacrophage,0.0
45.6446,13.3454,antiTumourMacrophage,0.0
31.4753,41.6886,antiTumourMacrophage,0.0
30.389,11.3295,antiTumourMacrophage,0.0
6.52194,31.7186,antiTumourMacrophage,0.0
42.1149,29.4311,antiTumourMacrophage,0.0
26.8366,2.70405,antiTumourMacrophage,0.0
8.43588,23.9747,antiTumourMacrophage,0.0
