points_x,points_y,celltypes,phenotypes
24.956,24.3704,antiTumourMacrophage,0.3432499999999788
24.1574,25.6914,antiTumourMacrophage,0.417583333333304
22.9034,24.7989,antiTumourMacrophage,0.3132499999999821
21.3426,25.613,antiTumourMacrophage,0.1521666666666665
13.4865,26.2132,antiTumourMacrophage,0.0
