points_x,points_y,celltypes,phenotypes
24.3933,26.4172,antiTumourMacrophage,0.4519999999999669
25.8543,24.3538,antiTumourMacrophage,0.2963333333333173
25.7732,25.6482,antiTumourMacrophage,0.3881666666666405
24.2621,24.3612,antiTumourMacrophage,0.2255833333333251
24.5106,27.3814,antiTumourMacrophage,0.3598333333333103
24.7079,26.7461,antiTumourMacrophage,0.1765833333333305
23.9891,25.9838,antiTumourMacrophage,0.2334166666666575
26.4089,23.2507,antiTumourMacrophage,0.0829166666666671
25.188,23.7694,antiTumourMacrophage,0.2009166666666611
24.9522,23.1522,antiTumourMacrophage,0.1313333333333355
23.0131,23.7988,antiTumourMacrophage,0.0875833333333341
25.9988,27.0323,antiTumourMacrophage,0.1070000000000018
14.2002,12.8745,antiTumourMacrophage,0.0
19.6049,30.0405,antiTumourMacrophage,0.0
13.2977,10.0762,antiTumourMacrophage,0.0
27.9902,37.9327,antiTumourMacrophage,0.0
