points_x,points_y,celltypes,phenotypes
21.6178,24.7498,antiTumourMacrophage,0.4851666666666299
21.7768,26.4839,antiTumourMacrophage,0.4605833333332992
26.1288,30.0144,antiTumourMacrophage,0.4794999999999638
26.1895,25.329,antiTumourMacrophage,0.3947499999999732
26.2865,27.6199,antiTumourMacrophage,0.3975833333333062
25.6599,28.6001,antiTumourMacrophage,0.4654999999999654
22.1183,26.8991,antiTumourMacrophage,0.3660833333333096
21.9701,26.0089,antiTumourMacrophage,0.3765833333333085
28.0259,24.3454,antiTumourMacrophage,0.3409166666666458
24.3562,25.6558,antiTumourMacrophage,0.33274999999998
26.1151,22.0743,antiTumourMacrophage,0.2719166666666534
22.3227,25.6222,antiTumourMacrophage,0.2518333333333222
23.5827,27.2916,antiTumourMacrophage,0.3064999999999829
25.5438,22.0651,antiTumourMacrophage,0.2919999999999845
26.261,24.0133,antiTumourMacrophage,0.2145833333333263
23.8268,26.0743,antiTumourMacrophage,0.2181666666666592
23.6223,25.2934,antiTumourMacrophage,0.2394999999999902
22.554,23.6518,antiTumourMacrophage,0.2104999999999934
21.1865,25.223,antiTumourMacrophage,0.1759166666666639
22.0156,27.2513,antiTumourMacrophage,0.1437500000000008
24.9182,31.6885,antiTumourMacrophage,0.2244999999999919
26.6497,22.6394,antiTumourMacrophage,0.1506666666666667
24.8775,25.1661,antiTumourMacrophage,0.0900000000000009
22.3204,29.1778,antiTumourMacrophage,0.0592499999999994
25.6513,29.8364,antiTumourMacrophage,0.1193333333333358
25.9054,29.335,antiTumourMacrophage,0.1135000000000022
22.3387,28.6288,antiTumourMacrophage,0.110500000000002
27.9993,23.0082,antiTumourMacrophage,0.075
23.0114,30.9871,antiTumourMacrophage,0.093000000000001
23.3233,31.3074,antiTumourMacrophage,0.0422499999999999
24.0171,32.124,antiTumourMacrophage,0.0643333333333327
37.2159,45.8067,antiTumourMacrophage,0.0
7.64353,4.54975,antiTumourMacrophage,0.0
19.5053,6.83784,antiTumourMacrophage,0.0
