points_x,points_y,celltypes,phenotypes
26.0148,24.3868,antiTumourMacrophage,0.2547499999999886
23.2778,24.6931,antiTumourMacrophage,0.2833333333333188
26.0184,25.9688,antiTumourMacrophage,0.2314166666666578
24.8084,26.0108,antiTumourMacrophage,0.1789999999999969
25.5149,23.9999,antiTumourMacrophage,0.1242500000000028
35.6343,39.3422,antiTumourMacrophage,0.0
