points_x,points_y,celltypes,phenotypes
30.3906,25.0176,antiTumourMacrophage,0.4574999999999662
24.3349,23.6091,antiTumourMacrophage,0.4655833333332987
29.217,25.0865,antiTumourMacrophage,0.4925833333332957
27.8251,23.4221,antiTumourMacrophage,0.3766666666666418
24.2455,24.1727,antiTumourMacrophage,0.3633333333333099
25.3723,26.5838,antiTumourMacrophage,0.3649166666666431
23.617,25.6389,antiTumourMacrophage,0.3454999999999786
26.9858,26.8404,antiTumourMacrophage,0.3259999999999807
25.2658,22.7178,antiTumourMacrophage,0.317583333333315
26.5309,22.3813,antiTumourMacrophage,0.3014166666666501
26.9952,23.5635,antiTumourMacrophage,0.3054166666666497
27.6929,25.6423,antiTumourMacrophage,0.2933333333333177
27.035,24.7397,antiTumourMacrophage,0.1886666666666625
27.0843,23.0554,antiTumourMacrophage,0.2684166666666537
27.605,24.2032,antiTumourMacrophage,0.2251666666666585
22.9561,24.0118,antiTumourMacrophage,0.2360833333333239
27.4825,26.9462,antiTumourMacrophage,0.2266666666666583
25.4745,25.4655,antiTumourMacrophage,0.1785833333333303
24.0256,25.99,antiTumourMacrophage,0.099166666666668
25.5855,22.4139,antiTumourMacrophage,0.1517499999999999
25.9671,21.9921,antiTumourMacrophage,0.0607499999999994
21.9773,24.3099,antiTumourMacrophage,0.038
22.8537,25.6916,antiTumourMacrophage,0.0640833333333327
23.8573,23.3103,antiTumourMacrophage,0.0638333333333327
29.1271,24.3054,antiTumourMacrophage,0.0433333333333332
24.2793,21.9801,antiTumourMacrophage,0.0404999999999999
24.5964,35.2058,antiTumourMacrophage,0.0
18.5399,9.0747,antiTumourMacrophage,0.0
40.6915,19.9633,antiTumourMacrophage,0.0
7.61474,1.64181,antiTumourMacrophage,0.0
