points_x,points_y,celltypes,phenotypes
19.0908,26.8734,antiTumourMacrophage,0.4860833333332964
25.2812,26.6206,antiTumourMacrophage,0.4729999999999645
23.3499,24.0912,antiTumourMacrophage,0.4627499999999657
25.183,27.6541,antiTumourMacrophage,0.4875833333332963
18.1104,26.8113,antiTumourMacrophage,0.468749999999965
21.1828,25.5337,antiTumourMacrophage,0.4614999999999658
17.3898,26.9733,antiTumourMacrophage,0.4333333333333022
23.116,28.8921,antiTumourMacrophage,0.4459999999999675
25.7591,21.7573,antiTumourMacrophage,0.3359999999999796
20.5791,25.1546,antiTumourMacrophage,0.3158333333333152
23.9742,22.4233,antiTumourMacrophage,0.3669166666666429
26.7001,26.5419,antiTumourMacrophage,0.3136666666666488
26.0303,26.733,antiTumourMacrophage,0.2932499999999843
24.586,24.9695,antiTumourMacrophage,0.3043333333333164
25.7438,26.3715,antiTumourMacrophage,0.2864999999999851
20.391,25.6214,antiTumourMacrophage,0.2599166666666547
28.0086,24.0526,antiTumourMacrophage,0.1888333333333291
21.7848,27.4656,antiTumourMacrophage,0.213749999999993
26.4811,25.7371,antiTumourMacrophage,0.1504166666666667
24.3527,21.6298,antiTumourMacrophage,0.0679999999999996
25.047,24.989,antiTumourMacrophage,0.0860000000000006
20.0629,25.9525,antiTumourMacrophage,0.1088333333333353
29.97,27.9643,antiTumourMacrophage,0.0151666666666666
20.2525,18.3035,antiTumourMacrophage,0.0060833333333333
22.1697,23.2477,antiTumourMacrophage,0.0249166666666667
23.3387,18.5965,antiTumourMacrophage,0.0109166666666666
30.1023,13.7057,antiTumourMacrophage,0.0
18.2096,31.8264,antiTumourMacrophage,0.0
6.71602,29.2884,antiTumourMacrophage,0.0
10.4037,25.8356,antiTumourMacrophage,0.0193333333333333
5.82957,20.7344,antiTumourMacrophage,0.0
19.0051,3.37685,antiTumourMacrophage,0.0
