points_x,points_y,celltypes,phenotypes
26.7357,27.3273,antiTumourMacrophage,0.4526666666666334
21.614,22.5863,antiTumourMacrophage,0.4367499999999685
22.704,25.3555,antiTumourMacrophage,0.4134166666666378
19.8186,23.9754,antiTumourMacrophage,0.4819166666666302
16.6017,25.0048,antiTumourMacrophage,0.4489166666666339
29.2534,26.1742,antiTumourMacrophage,0.4994166666666283
26.2174,23.0061,antiTumourMacrophage,0.4568333333332997
25.0717,27.0132,antiTumourMacrophage,0.3478333333333117
20.494,23.514,antiTumourMacrophage,0.4038333333333055
23.7651,23.0381,antiTumourMacrophage,0.3121666666666489
28.2518,23.0506,antiTumourMacrophage,0.3776666666666417
19.9688,24.8132,antiTumourMacrophage,0.3747499999999754
23.0167,23.0038,antiTumourMacrophage,0.2868333333333184
28.6984,25.8391,antiTumourMacrophage,0.341499999999979
18.4121,25.6431,antiTumourMacrophage,0.3318333333333134
28.8534,24.5012,antiTumourMacrophage,0.3783333333333083
21.8921,24.1017,antiTumourMacrophage,0.3424166666666456
27.292,25.7882,antiTumourMacrophage,0.2584999999999882
28.1183,26.6157,antiTumourMacrophage,0.2689166666666537
28.2473,25.7322,antiTumourMacrophage,0.1781666666666636
22.6937,27.0257,antiTumourMacrophage,0.1783333333333303
17.9302,25.5894,antiTumourMacrophage,0.3000833333333169
26.7707,25.405,antiTumourMacrophage,0.1444166666666674
30.0987,25.9922,antiTumourMacrophage,0.1226666666666694
27.233,17.549,antiTumourMacrophage,0.0
32.3777,26.1029,antiTumourMacrophage,0.0365833333333333
29.6304,24.0114,antiTumourMacrophage,0.1189166666666692
36.8722,15.3537,antiTumourMacrophage,0.0
10.1608,29.517,antiTumourMacrophage,0.0535833333333329
33.4164,39.7165,antiTumourMacrophage,0.0
28.759,12.7915,antiTumourMacrophage,0.0
22.214,10.8716,antiTumourMacrophage,0.0
9.4725,24.6124,antiTumourMacrophage,0.0454999999999998
34.4213,47.4523,antiTumourMacrophage,0.0
23.135,43.6684,antiTumourMacrophage,0.0
38.5897,32.8511,antiTumourMacrophage,0.0
