points_x,points_y,celltypes,phenotypes
23.3155,25.3588,antiTumourMacrophage,0.4459166666666342
25.5682,25.7662,antiTumourMacrophage,0.2647499999999875
23.9856,24.0168,antiTumourMacrophage,0.2547499999999886
25.1532,23.18,antiTumourMacrophage,0.1328333333333353
16.2486,35.053,antiTumourMacrophage,0.0
