points_x,points_y,celltypes,phenotypes
24.9108,23.1025,antiTumourMacrophage,0.4444999999999677
26.0226,25.4364,antiTumourMacrophage,0.3757499999999752
23.9826,25.4738,antiTumourMacrophage,0.2277499999999915
25.334,25.9809,antiTumourMacrophage,0.2076666666666604
25.9685,26.0159,antiTumourMacrophage,0.1549166666666662
25.5214,23.9585,antiTumourMacrophage,0.0970000000000013
23.9873,23.9956,antiTumourMacrophage,0.1091666666666686
