points_x,points_y,celltypes,phenotypes
24.3997,24.477,antiTumourMacrophage,0.3049166666666497
24.928,24.9904,antiTumourMacrophage,0.2359166666666573
24.9222,24.4898,antiTumourMacrophage,0.2285833333333247
23.8036,22.0713,antiTumourMacrophage,0.0340833333333334
18.6824,29.3742,antiTumourMacrophage,0.0
35.8877,25.9418,antiTumourMacrophage,0.0
16.8263,27.8179,antiTumourMacrophage,0.0
21.7314,42.7163,antiTumourMacrophage,0.0
