points_x,points_y,celltypes,phenotypes
23.6225,23.6106,antiTumourMacrophage,0.4604999999999659
26.5274,26.9996,antiTumourMacrophage,0.4433333333333011
25.4545,27.1477,antiTumourMacrophage,0.3964166666666396
24.9327,27.1274,antiTumourMacrophage,0.3762499999999752
24.8944,26.101,antiTumourMacrophage,0.3873333333333073
23.0022,22.2662,antiTumourMacrophage,0.4126666666666378
24.4561,23.9726,antiTumourMacrophage,0.2867499999999851
24.8072,20.8155,antiTumourMacrophage,0.2797499999999858
26.9986,24.9433,antiTumourMacrophage,0.2505833333333224
24.945,26.7531,antiTumourMacrophage,0.238166666666657
24.6547,22.5152,antiTumourMacrophage,0.2928333333333177
24.6155,18.2617,antiTumourMacrophage,0.2712499999999868
26.9961,25.8085,antiTumourMacrophage,0.2028333333333276
27.3515,27.3485,antiTumourMacrophage,0.172083333333331
26.1916,9.75274,antiTumourMacrophage,0.1288333333333357
24.5314,26.5697,antiTumourMacrophage,0.1406666666666678
25.8847,27.0276,antiTumourMacrophage,0.1001666666666681
23.9722,23.9962,antiTumourMacrophage,0.1460833333333338
26.5991,9.40818,antiTumourMacrophage,0.144333333333334
27.0168,25.3648,antiTumourMacrophage,0.07425
27.9051,27.886,antiTumourMacrophage,0.0529999999999996
26.7298,24.007,antiTumourMacrophage,0.0260833333333334
25.8527,7.93265,antiTumourMacrophage,0.0307500000000001
30.8771,22.773,antiTumourMacrophage,0.005
29.6488,20.7164,antiTumourMacrophage,0.0093333333333333
20.3259,31.4041,antiTumourMacrophage,0.0
40.3138,20.2407,antiTumourMacrophage,0.0
13.1193,27.5809,antiTumourMacrophage,0.0
