points_x,points_y,celltypes,phenotypes
24.6202,21.9286,antiTumourMacrophage,0.4975833333332952
27.1283,24.8553,antiTumourMacrophage,0.4418333333333013
22.6249,23.0166,antiTumourMacrophage,0.3475833333333117
26.6503,22.6417,antiTumourMacrophage,0.3619166666666434
23.9133,25.9958,antiTumourMacrophage,0.2619999999999878
20.0022,25.0059,antiTumourMacrophage,0.2706666666666535
24.7889,23.0252,antiTumourMacrophage,0.165666666666665
29.8385,23.8306,antiTumourMacrophage,0.2210833333333256
25.0117,25.1612,antiTumourMacrophage,0.1838333333333297
26.6047,25.4185,antiTumourMacrophage,0.1681666666666647
18.3342,25.7207,antiTumourMacrophage,0.1319166666666687
27.0093,23.3795,antiTumourMacrophage,0.1124166666666688
27.1449,23.0197,antiTumourMacrophage,0.1096666666666686
28.9137,25.3389,antiTumourMacrophage,0.0109999999999999
18.4958,26.3037,antiTumourMacrophage,0.0577499999999994
15.1667,26.9601,antiTumourMacrophage,0.0340000000000001
25.3646,23.164,antiTumourMacrophage,0.0738333333333333
34.4675,23.7124,antiTumourMacrophage,0.0210833333333333
23.3208,20.7644,antiTumourMacrophage,0.0138333333333333
32.3715,23.0289,antiTumourMacrophage,0.059916666666666
33.365,16.8233,antiTumourMacrophage,0.0
35.7611,21.2843,antiTumourMacrophage,0.0123333333333333
20.882,7.07322,antiTumourMacrophage,0.0
26.6328,8.30262,antiTumourMacrophage,0.0
36.3554,19.4986,antiTumourMacrophage,0.0
44.4842,40.4779,antiTumourMacrophage,0.0
27.6457,49.2075,antiTumourMacrophage,0.0
