points_x,points_y,celltypes,phenotypes
27.5275,23.4713,antiTumourMacrophage,0.4007499999999725
25.4445,26.9793,antiTumourMacrophage,0.2924999999999844
24.5436,21.9915,antiTumourMacrophage,0.3686666666666427
23.0382,25.211,antiTumourMacrophage,0.3055833333333163
22.1194,25.4069,antiTumourMacrophage,0.3082499999999827
26.529,22.5708,antiTumourMacrophage,0.3084166666666493
27.0037,23.0346,antiTumourMacrophage,0.2655833333333207
24.3783,26.5273,antiTumourMacrophage,0.2733333333333199
26.3741,24.0343,antiTumourMacrophage,0.1593333333333324
26.4224,21.9686,antiTumourMacrophage,0.1768333333333304
25.3626,26.3507,antiTumourMacrophage,0.2093333333333269
24.9273,22.0421,antiTumourMacrophage,0.1919166666666621
22.9686,24.1737,antiTumourMacrophage,0.1180000000000024
26.9675,25.9832,antiTumourMacrophage,0.0726666666666665
22.9678,25.9254,antiTumourMacrophage,0.1023333333333349
22.3767,23.994,antiTumourMacrophage,0.0707499999999998
26.0179,21.4027,antiTumourMacrophage,0.0710833333333331
23.0718,27.9102,antiTumourMacrophage,0.0305833333333335
35.8717,15.6282,antiTumourMacrophage,0.0
20.2315,12.0533,antiTumourMacrophage,0.0
