points_x,points_y,celltypes,phenotypes
21.9932,25.9561,antiTumourMacrophage,0.4567499999999663
24.5548,21.6201,antiTumourMacrophage,0.4936666666666289
23.02,27.4856,antiTumourMacrophage,0.481333333333297
27.0246,29.9801,antiTumourMacrophage,0.4790833333332972
23.1095,29.0262,antiTumourMacrophage,0.4769166666666308
24.1333,28.1544,antiTumourMacrophage,0.3010833333333168
26.6171,24.7699,antiTumourMacrophage,0.4025833333333056
20.8799,29.4522,antiTumourMacrophage,0.4474999999999673
27.3282,17.4417,antiTumourMacrophage,0.368749999999976
25.621,28.5916,antiTumourMacrophage,0.3215833333333145
26.757,13.2269,antiTumourMacrophage,0.4446666666666343
25.2469,29.9802,antiTumourMacrophage,0.3180833333333149
24.7726,28.7776,antiTumourMacrophage,0.3103333333333158
28.5748,17.6014,antiTumourMacrophage,0.3863333333333074
26.1311,27.8944,antiTumourMacrophage,0.2798333333333191
27.7324,17.3831,antiTumourMacrophage,0.2854999999999852
33.4786,9.59311,antiTumourMacrophage,0.3207499999999813
27.8919,16.2068,antiTumourMacrophage,0.2734166666666532
26.8744,17.1298,antiTumourMacrophage,0.2399999999999902
26.1229,21.6214,antiTumourMacrophage,0.1289166666666691
26.0868,23.0302,antiTumourMacrophage,0.2769999999999861
28.2358,13.4865,antiTumourMacrophage,0.1861666666666628
25.9383,18.187,antiTumourMacrophage,0.3023333333333167
27.4201,28.5268,antiTumourMacrophage,0.1693333333333313
26.0856,22.371,antiTumourMacrophage,0.2496666666666558
23.9903,30.0137,antiTumourMacrophage,0.2234166666666587
27.5793,15.2461,antiTumourMacrophage,0.1691666666666646
18.7325,31.1085,antiTumourMacrophage,0.0519166666666663
33.0022,7.4598,antiTumourMacrophage,0.1691666666666646
29.2688,25.3416,antiTumourMacrophage,0.1024166666666682
20.6313,17.5266,antiTumourMacrophage,0.0173333333333333
20.1756,26.7348,antiTumourMacrophage,0.1475833333333337
16.8285,27.9294,antiTumourMacrophage,0.061416666666666
33.458,7.86407,antiTumourMacrophage,0.0658333333333328
13.5169,13.0306,antiTumourMacrophage,0.0
25.8944,15.3079,antiTumourMacrophage,0.1194166666666692
13.816,20.5867,antiTumourMacrophage,0.0
17.1976,37.725,antiTumourMacrophage,0.0168333333333333
34.9596,10.2591,antiTumourMacrophage,0.00475
17.6513,6.9349,antiTumourMacrophage,0.0
24.9083,13.0441,antiTumourMacrophage,0.0345833333333334
8.5013,42.6906,antiTumourMacrophage,0.0
45.377,27.6986,antiTumourMacrophage,0.0
10.2081,31.2464,antiTumourMacrophage,0.0
11.1079,30.7374,antiTumourMacrophage,0.0
24.6213,6.72376,antiTumourMacrophage,0.0025833333333333
