points_x,points_y,celltypes,phenotypes
23.1102,24.9256,antiTumourMacrophage,0.4449166666666343
25.8528,24.9914,antiTumourMacrophage,0.4820833333332969
23.8025,23.5821,antiTumourMacrophage,0.2203333333333257
24.9842,24.0312,antiTumourMacrophage,0.1952499999999951
29.0958,27.3071,antiTumourMacrophage,0.062666666666666
25.9588,25.9936,antiTumourMacrophage,0.190083333333329
24.2599,25.8228,antiTumourMacrophage,0.1759166666666639
12.5767,18.1617,antiTumourMacrophage,0.0
30.4364,12.1576,antiTumourMacrophage,0.0
