points_x,points_y,celltypes,phenotypes
22.0728,27.4972,antiTumourMacrophage,0.4288333333333027
25.8401,23.9028,antiTumourMacrophage,0.3991666666666393
24.4068,23.7356,antiTumourMacrophage,0.4023333333333057
25.2267,26.8235,antiTumourMacrophage,0.3930833333333067
22.071,26.1404,antiTumourMacrophage,0.3537499999999777
22.6301,27.9992,antiTumourMacrophage,0.3393333333333126
23.0954,23.7636,antiTumourMacrophage,0.2486666666666559
22.1964,26.8123,antiTumourMacrophage,0.2250833333333251
25.3459,23.2709,antiTumourMacrophage,0.184166666666663
23.0104,27.801,antiTumourMacrophage,0.2330833333333243
24.1261,25.2194,antiTumourMacrophage,0.2090833333333269
23.6066,27.039,antiTumourMacrophage,0.1843333333333296
20.9415,30.9453,antiTumourMacrophage,0.1111666666666687
22.5354,25.5803,antiTumourMacrophage,0.047833333333333
25.9956,25.6853,antiTumourMacrophage,0.1087500000000019
23.5209,22.2793,antiTumourMacrophage,0.049083333333333
20.8579,18.9901,antiTumourMacrophage,0.0133333333333333
22.5786,31.139,antiTumourMacrophage,0.0300833333333335
30.8181,11.4967,antiTumourMacrophage,0.0
29.8843,16.2357,antiTumourMacrophage,0.0030833333333333
36.005,21.1031,antiTumourMacrophage,0.0
5.37053,3.2064,antiTumourMacrophage,0.0
30.9529,41.2803,antiTumourMacrophage,0.0
