points_x,points_y,celltypes,phenotypes
26.8769,25.2964,antiTumourMacrophage,0.4701666666666315
26.5889,22.793,antiTumourMacrophage,0.3510833333333113
25.9878,22.0396,antiTumourMacrophage,0.2394999999999902
23.3224,24.7175,antiTumourMacrophage,0.3152499999999819
25.6433,26.2826,antiTumourMacrophage,0.2846666666666519
23.6908,24.3908,antiTumourMacrophage,0.2514999999999889
26.4787,22.1775,antiTumourMacrophage,0.1724166666666643
25.1179,25.1922,antiTumourMacrophage,0.2022499999999943
23.9832,25.9393,antiTumourMacrophage,0.1035000000000016
26.1246,25.8588,antiTumourMacrophage,0.1258333333333361
23.5327,23.9715,antiTumourMacrophage,0.165666666666665
24.9599,24.0034,antiTumourMacrophage,0.1541666666666663
24.1824,27.595,antiTumourMacrophage,0.0945000000000011
16.0943,15.4856,antiTumourMacrophage,0.0
42.3489,32.3976,antiTumourMacrophage,0.0
11.7465,12.4337,antiTumourMacrophage,0.0
20.5918,4.29879,antiTumourMacrophage,0.0
