points_x,points_y,celltypes,phenotypes
23.0141,26.6098,antiTumourMacrophage,0.4359166666666353
24.7255,23.2762,antiTumourMacrophage,0.4272499999999696
23.663,23.9842,antiTumourMacrophage,0.3939166666666399
26.972,23.6692,antiTumourMacrophage,0.3622499999999767
25.1701,22.9271,antiTumourMacrophage,0.3824166666666412
25.4364,26.9947,antiTumourMacrophage,0.3225833333333144
24.0045,26.7128,antiTumourMacrophage,0.2759166666666529
24.0682,26.1307,antiTumourMacrophage,0.2134166666666598
26.2751,25.7751,antiTumourMacrophage,0.1638333333333319
26.96,22.9688,antiTumourMacrophage,0.0694166666666664
28.9365,25.0605,antiTumourMacrophage,0.0290000000000001
31.6288,19.2678,antiTumourMacrophage,0.0094166666666666
29.0598,18.9647,antiTumourMacrophage,0.0244166666666667
40.6784,28.6669,antiTumourMacrophage,0.0
26.7161,36.5231,antiTumourMacrophage,0.0
15.3204,15.2771,antiTumourMacrophage,0.0
