points_x,points_y,celltypes,phenotypes
21.3611,22.5176,antiTumourMacrophage,0.4477499999999673
23.0684,23.968,antiTumourMacrophage,0.4735833333332978
24.9806,22.0145,antiTumourMacrophage,0.3852499999999742
23.496,23.1134,antiTumourMacrophage,0.3655833333333097
24.9619,22.7327,antiTumourMacrophage,0.3774166666666417
23.8789,24.3735,antiTumourMacrophage,0.3619999999999768
25.5478,22.0004,antiTumourMacrophage,0.3614166666666435
24.0115,27.0051,antiTumourMacrophage,0.3344166666666465
26.2972,24.171,antiTumourMacrophage,0.2214166666666589
23.8809,23.0303,antiTumourMacrophage,0.2333333333333242
26.8959,26.0141,antiTumourMacrophage,0.2218333333333255
22.4757,22.6816,antiTumourMacrophage,0.2274999999999915
26.05,22.4698,antiTumourMacrophage,0.2228333333333254
27.2615,23.0946,antiTumourMacrophage,0.2716666666666534
26.4257,22.9932,antiTumourMacrophage,0.2479999999999893
27.9688,25.1693,antiTumourMacrophage,0.138416666666668
24.3766,28.3625,antiTumourMacrophage,0.1978333333333281
24.5531,23.1756,antiTumourMacrophage,0.1209166666666693
23.4201,22.6659,antiTumourMacrophage,0.2313333333333244
24.1959,25.6201,antiTumourMacrophage,0.2273333333333249
26.5107,29.038,antiTumourMacrophage,0.0644999999999994
21.2158,23.004,antiTumourMacrophage,0.1150833333333356
27.8838,22.5065,antiTumourMacrophage,0.0411666666666665
26.7371,27.873,antiTumourMacrophage,0.0396666666666666
24.8744,28.868,antiTumourMacrophage,0.1576666666666659
25.9157,35.2432,antiTumourMacrophage,0.0211666666666667
31.9112,42.8994,antiTumourMacrophage,0.0
34.8654,17.2762,antiTumourMacrophage,0.0
16.2152,33.3669,antiTumourMacrophage,0.0
40.9392,13.2546,antiTumourMacrophage,0.0
35.2988,35.8226,antiTumourMacrophage,0.0
5.74017,42.8538,antiTumourMacrophage,0.0
40.6371,3.64598,antiTumourMacrophage,0.0
16.4353,48.7291,antiTumourMacrophage,0.0
