points_x,points_y,celltypes,phenotypes
31.1329,18.6383,antiTumourMacrophage,0.4905833333332959
28.4502,22.3147,antiTumourMacrophage,0.4373333333333018
27.3784,21.1107,antiTumourMacrophage,0.4319999999999691
26.2532,21.175,antiTumourMacrophage,0.4118333333333046
25.5596,21.7397,antiTumourMacrophage,0.4307499999999692
30.6212,18.4814,antiTumourMacrophage,0.3733333333333088
29.239,20.2798,antiTumourMacrophage,0.3279166666666472
28.4848,20.7125,antiTumourMacrophage,0.3120833333333156
27.0439,21.7697,antiTumourMacrophage,0.3190833333333148
30.0081,19.7273,antiTumourMacrophage,0.3132499999999821
31.0164,16.7791,antiTumourMacrophage,0.3040833333333165
31.8229,14.9721,antiTumourMacrophage,0.3104166666666491
28.076,21.0782,antiTumourMacrophage,0.2547499999999886
28.1605,21.8131,antiTumourMacrophage,0.2651666666666541
26.3673,21.9899,antiTumourMacrophage,0.2300833333333246
25.1148,22.9527,antiTumourMacrophage,0.2134166666666598
30.4011,19.0963,antiTumourMacrophage,0.1629166666666653
27.144,22.4189,antiTumourMacrophage,0.2024999999999943
31.4636,15.429,antiTumourMacrophage,0.2136666666666597
31.1553,16.2174,antiTumourMacrophage,0.1849166666666629
29.6275,20.2562,antiTumourMacrophage,0.1215000000000026
26.4822,22.5586,antiTumourMacrophage,0.1455000000000006
27.6793,21.9498,antiTumourMacrophage,0.104583333333335
28.6283,21.4054,antiTumourMacrophage,0.1315000000000021
30.6819,15.1764,antiTumourMacrophage,0.1854999999999962
24.9551,24.193,antiTumourMacrophage,0.0
27.9562,22.8388,antiTumourMacrophage,0.0
29.1026,20.9178,antiTumourMacrophage,0.0252500000000001
30.9984,15.7389,antiTumourMacrophage,0.075
31.0936,14.9941,antiTumourMacrophage,0.079916666666667
31.085,17.6978,antiTumourMacrophage,0.048333333333333
30.7463,14.5637,antiTumourMacrophage,0.0734999999999999
34.7761,20.6247,antiTumourMacrophage,0.02275
9.9321,35.1267,antiTumourMacrophage,0.0
22.8745,37.1791,antiTumourMacrophage,0.0
8.72467,30.9735,antiTumourMacrophage,0.0
39.0148,23.8683,antiTumourMacrophage,0.0
13.3918,12.9492,antiTumourMacrophage,0.0
6.48228,37.3443,antiTumourMacrophage,0.0
44.2354,18.5819,antiTumourMacrophage,0.0
18.0949,42.0196,antiTumourMacrophage,0.0
