points_x,points_y,celltypes,phenotypes
24.2942,27.0279,antiTumourMacrophage,0.4575833333332996
26.9557,24.9596,antiTumourMacrophage,0.3878333333333073
23.2659,26.1577,antiTumourMacrophage,0.3387499999999793
23.3397,24.6914,antiTumourMacrophage,0.2804999999999857
23.3204,25.5158,antiTumourMacrophage,0.2839999999999854
24.4576,23.0169,antiTumourMacrophage,0.2043333333333274
23.7231,27.687,antiTumourMacrophage,0.1736666666666641
25.0096,28.0049,antiTumourMacrophage,0.1301666666666689
37.391,19.7999,antiTumourMacrophage,0.0
34.4165,10.621,antiTumourMacrophage,0.0
13.614,12.0134,antiTumourMacrophage,0.0
36.3,9.58323,antiTumourMacrophage,0.0
5.49271,19.016,antiTumourMacrophage,0.0
