points_x,points_y,celltypes,phenotypes
28.4895,18.0827,antiTumourMacrophage,0.193416666666662
28.3452,19.7238,antiTumourMacrophage,0.4490833333333005
23.5692,16.5485,antiTumourMacrophage,0.4899999999999627
26.7919,18.2556,antiTumourMacrophage,0.375416666666642
17.9831,23.6062,antiTumourMacrophage,0.3880833333333072
16.516,23.8106,antiTumourMacrophage,0.2329166666666576
17.2711,27.4966,antiTumourMacrophage,0.2833333333333188
18.2389,20.0793,antiTumourMacrophage,0.0883333333333341
30.9051,17.1318,antiTumourMacrophage,0.0074166666666666
40.6396,12.7291,antiTumourMacrophage,0.0
29.1196,15.135,antiTumourMacrophage,0.0
13.2168,16.1004,antiTumourMacrophage,0.0
14.9625,22.9532,antiTumourMacrophage,0.0073333333333333
12.9975,8.21938,antiTumourMacrophage,0.0
9.68351,14.3052,antiTumourMacrophage,0.0
14.6995,49.1666,antiTumourMacrophage,0.0
35.6011,31.4095,antiTumourMacrophage,0.0
6.89849,12.1466,antiTumourMacrophage,0.0
14.821,28.9283,antiTumourMacrophage,0.0
8.35563,20.8199,antiTumourMacrophage,0.0
42.7575,26.9052,antiTumourMacrophage,0.0
5.09429,10.4245,antiTumourMacrophage,0.0
33.6555,7.21672,antiTumourMacrophage,0.0
6.7613,20.0555,antiTumourMacrophage,0.0
6.65134,24.1405,antiTumourMacrophage,0.0
45.6447,27.6237,antiTumourMacrophage,0.0
8.39751,9.48244,antiTumourMacrophage,0.0
42.4389,34.5741,antiTumourMacrophage,0.0
4.39065,1.47855,antiTumourMacrophage,0.0
