points_x,points_y,celltypes,phenotypes
26.8539,24.8568,antiTumourMacrophage,0.4292499999999694
24.7551,25.9957,antiTumourMacrophage,0.4104166666666381
25.4492,23.1682,antiTumourMacrophage,0.356416666666644
25.216,25.9686,antiTumourMacrophage,0.2914166666666512
25.5952,24.0406,antiTumourMacrophage,0.2834999999999854
24.2391,24.0065,antiTumourMacrophage,0.2236666666666586
23.3969,25.3026,antiTumourMacrophage,0.1515833333333332
22.9965,24.5829,antiTumourMacrophage,0.1752499999999973
26.4284,26.0165,antiTumourMacrophage,0.0710833333333331
25.8161,25.997,antiTumourMacrophage,0.087083333333334
23.3906,21.4833,antiTumourMacrophage,0.0333333333333334
23.0023,23.1288,antiTumourMacrophage,0.0394999999999999
20.7594,20.5886,antiTumourMacrophage,0.00675
29.616,15.9567,antiTumourMacrophage,0.0
23.6424,22.6887,antiTumourMacrophage,0.0474166666666664
39.4305,8.69417,antiTumourMacrophage,0.0
9.2048,16.2083,antiTumourMacrophage,0.0
9.74441,28.8799,antiTumourMacrophage,0.0
