points_x,points_y,celltypes,phenotypes
29.7763,26.6063,antiTumourMacrophage,0.4906666666666293
27.9674,26.7093,antiTumourMacrophage,0.4055833333333053
27.2694,29.0581,antiTumourMacrophage,0.4449999999999676
26.2974,26.8815,antiTumourMacrophage,0.3791666666666415
29.0574,28.9516,antiTumourMacrophage,0.4703333333332982
25.4381,24.5249,antiTumourMacrophage,0.3211666666666479
25.7281,23.3797,antiTumourMacrophage,0.3712499999999757
27.9901,27.9157,antiTumourMacrophage,0.320916666666648
29.0292,24.8843,antiTumourMacrophage,0.2928333333333177
25.4881,25.092,antiTumourMacrophage,0.1074166666666685
27.432,23.9551,antiTumourMacrophage,0.2364166666666572
25.0626,23.5109,antiTumourMacrophage,0.2068333333333271
27.9905,27.3147,antiTumourMacrophage,0.2977499999999838
24.3082,23.7996,antiTumourMacrophage,0.1812499999999966
27.5971,25.4055,antiTumourMacrophage,0.1767499999999971
28.0811,25.5362,antiTumourMacrophage,0.2157499999999928
26.6659,23.0809,antiTumourMacrophage,0.1495000000000001
27.3799,23.3371,antiTumourMacrophage,0.0995000000000014
30.4799,26.4104,antiTumourMacrophage,0.098916666666668
24.0533,24.1968,antiTumourMacrophage,0.103583333333335
27.9447,23.9716,antiTumourMacrophage,0.104333333333335
27.8805,26.1121,antiTumourMacrophage,0.1405833333333344
27.1784,27.7099,antiTumourMacrophage,0.0829166666666671
24.9084,27.5911,antiTumourMacrophage,0.036
24.6871,22.1536,antiTumourMacrophage,0.048083333333333
27.833,20.1547,antiTumourMacrophage,0.0010833333333333
23.2916,22.6145,antiTumourMacrophage,0.01875
30.6854,25.3585,antiTumourMacrophage,0.0916666666666676
35.5033,27.5031,antiTumourMacrophage,0.0
40.0652,36.4448,antiTumourMacrophage,0.0
21.4361,32.3058,antiTumourMacrophage,0.0
31.3153,26.7404,antiTumourMacrophage,0.0716666666666665
30.1982,14.6013,antiTumourMacrophage,0.0
18.1384,19.7195,antiTumourMacrophage,0.0
12.6322,36.4577,antiTumourMacrophage,0.0
31.8587,11.5046,antiTumourMacrophage,0.0
12.4718,8.57661,antiTumourMacrophage,0.0
23.47,8.55595,antiTumourMacrophage,0.0
24.0742,43.9803,antiTumourMacrophage,0.0
5.35739,17.0225,antiTumourMacrophage,0.0
9.14541,45.5007,antiTumourMacrophage,0.0
3.7289,15.8925,antiTumourMacrophage,0.0
36.2322,2.81178,antiTumourMacrophage,0.0
