points_x,points_y,celltypes,phenotypes
23.3903,24.5977,antiTumourMacrophage,0.4717499999999647
24.2993,25.7753,antiTumourMacrophage,0.4992499999999616
25.9444,23.8031,antiTumourMacrophage,0.299583333333317
24.377,23.5893,antiTumourMacrophage,0.1497500000000001
24.9983,25.002,antiTumourMacrophage,0.0855000000000006
25.5611,23.6146,antiTumourMacrophage,0.0394999999999999
21.3667,26.8658,antiTumourMacrophage,0.0162499999999999
17.648,34.6883,antiTumourMacrophage,0.0
