points_x,points_y,celltypes,phenotypes
20.6739,28.0574,antiTumourMacrophage,0.0
24.3838,21.5958,antiTumourMacrophage,0.4764999999999642
26.7828,21.9926,antiTumourMacrophage,0.4241666666666366
21.5376,25.2687,antiTumourMacrophage,0.4216666666666369
22.8661,28.0276,antiTumourMacrophage,0.4331666666666356
24.8997,21.1195,antiTumourMacrophage,0.3678333333333095
27.9569,26.0089,antiTumourMacrophage,0.3858333333333075
22.6951,24.3123,antiTumourMacrophage,0.3740833333333088
20.1849,28.3558,antiTumourMacrophage,0.3771666666666418
21.9768,22.5591,antiTumourMacrophage,0.33299999999998
19.9661,27.758,antiTumourMacrophage,0.3769166666666418
21.4198,27.4385,antiTumourMacrophage,0.3255833333333141
28.0277,24.3974,antiTumourMacrophage,0.2875833333333183
20.1784,26.0373,antiTumourMacrophage,0.295999999999984
23.4661,27.0235,antiTumourMacrophage,0.2644999999999875
22.752,29.1881,antiTumourMacrophage,0.2695833333333203
22.8169,23.6657,antiTumourMacrophage,0.2762499999999862
21.6132,24.4883,antiTumourMacrophage,0.229666666666658
23.0098,28.9684,antiTumourMacrophage,0.2116666666666599
27.4022,26.574,antiTumourMacrophage,0.2254999999999918
22.1963,23.9984,antiTumourMacrophage,0.1634999999999986
23.8205,22.1522,antiTumourMacrophage,0.1254166666666694
22.9786,27.2448,antiTumourMacrophage,0.1822499999999965
22.2452,21.9191,antiTumourMacrophage,0.1300833333333356
23.8157,27.0629,antiTumourMacrophage,0.1034166666666683
22.8942,27.6316,antiTumourMacrophage,0.0834166666666672
17.3374,30.7575,antiTumourMacrophage,0.0615833333333327
25.0569,27.0439,antiTumourMacrophage,0.0706666666666664
25.4023,21.3482,antiTumourMacrophage,0.059916666666666
21.3303,29.0111,antiTumourMacrophage,0.1057500000000017
29.2278,34.2806,antiTumourMacrophage,0.0
13.2406,30.1492,antiTumourMacrophage,0.0
16.267,21.8593,antiTumourMacrophage,0.0
38.0174,20.7057,antiTumourMacrophage,0.0
