points_x,points_y,celltypes,phenotypes
24.4427,23.9997,antiTumourMacrophage,0.4639166666666322
24.7999,20.974,antiTumourMacrophage,0.435333333333302
25.5996,24.3918,antiTumourMacrophage,0.4402499999999681
23.7403,22.5939,antiTumourMacrophage,0.4158333333333042
24.0572,21.0,antiTumourMacrophage,0.4047499999999721
25.8101,21.7896,antiTumourMacrophage,0.3907499999999736
27.3621,23.3395,antiTumourMacrophage,0.3300833333333136
23.6264,24.3259,antiTumourMacrophage,0.3270833333333139
24.9533,23.3078,antiTumourMacrophage,0.2994166666666503
23.6029,25.2831,antiTumourMacrophage,0.1638333333333319
22.0186,23.3452,antiTumourMacrophage,0.1794999999999968
25.0811,22.7668,antiTumourMacrophage,0.2677499999999871
22.4525,20.5181,antiTumourMacrophage,0.116166666666669
25.1406,25.2215,antiTumourMacrophage,0.1709999999999978
22.1613,24.9841,antiTumourMacrophage,0.1460000000000005
25.6263,25.6691,antiTumourMacrophage,0.1026666666666682
21.9854,22.7867,antiTumourMacrophage,0.1473333333333337
18.3318,16.2807,antiTumourMacrophage,0.0383333333333333
14.2892,10.4467,antiTumourMacrophage,0.0
18.6889,11.9149,antiTumourMacrophage,0.0
27.7018,39.3468,antiTumourMacrophage,0.0
44.483,27.1287,antiTumourMacrophage,0.0
20.9609,8.61766,antiTumourMacrophage,0.0
7.72023,3.63397,antiTumourMacrophage,0.0
5.04513,22.9405,antiTumourMacrophage,0.0
