points_x,points_y,celltypes,phenotypes
23.5356,25.5438,antiTumourMacrophage,0.4066666666666385
25.9054,24.039,antiTumourMacrophage,0.3794999999999748
25.3386,25.7533,antiTumourMacrophage,0.3802499999999748
24.2492,24.2864,antiTumourMacrophage,0.3020833333333167
25.4938,23.4799,antiTumourMacrophage,0.2456666666666562
27.1417,25.8331,antiTumourMacrophage,0.33299999999998
22.7705,24.3781,antiTumourMacrophage,0.3422499999999789
23.2063,21.763,antiTumourMacrophage,0.0419166666666665
26.3245,25.5571,antiTumourMacrophage,0.380833333333308
22.2349,26.4555,antiTumourMacrophage,0.1290833333333357
23.8835,25.8645,antiTumourMacrophage,0.2359999999999906
27.0378,26.8202,antiTumourMacrophage,0.162833333333332
28.3448,21.8179,antiTumourMacrophage,0.0289166666666668
21.0141,24.578,antiTumourMacrophage,0.0391666666666666
23.0186,30.0905,antiTumourMacrophage,0.0199166666666666
25.2466,26.7409,antiTumourMacrophage,0.0916666666666676
21.9492,32.0186,antiTumourMacrophage,0.0
27.7251,33.0014,antiTumourMacrophage,0.0
20.2396,30.4449,antiTumourMacrophage,0.0
14.8568,17.2648,antiTumourMacrophage,0.0
18.1358,19.4442,antiTumourMacrophage,0.0
33.4654,28.6713,antiTumourMacrophage,0.0
17.0772,21.0214,antiTumourMacrophage,0.0
11.7468,10.0741,antiTumourMacrophage,0.0
10.3143,8.10212,antiTumourMacrophage,0.0
32.6381,37.0163,antiTumourMacrophage,0.0
40.74,49.0583,antiTumourMacrophage,0.0
19.4689,43.6183,antiTumourMacrophage,0.0
14.1336,16.4564,antiTumourMacrophage,0.0
28.1867,43.2781,antiTumourMacrophage,0.0
41.8947,9.76974,antiTumourMacrophage,0.0
6.73264,7.54022,antiTumourMacrophage,0.0
17.1338,45.1627,antiTumourMacrophage,0.0
37.6065,16.7361,antiTumourMacrophage,0.0
35.2241,44.3619,antiTumourMacrophage,0.0
10.3383,10.4848,antiTumourMacrophage,0.0
36.9849,44.9358,antiTumourMacrophage,0.0
