points_x,points_y,celltypes,phenotypes
26.189,21.9902,antiTumourMacrophage,0.4400833333333015
26.167,24.2555,antiTumourMacrophage,0.4233333333333033
24.0123,26.0107,antiTumourMacrophage,0.4121666666666379
23.3816,25.5086,antiTumourMacrophage,0.3812499999999746
25.242,25.6089,antiTumourMacrophage,0.4059999999999719
22.9023,22.9956,antiTumourMacrophage,0.4195833333333038
24.8,23.186,antiTumourMacrophage,0.3119999999999823
23.1821,25.1944,antiTumourMacrophage,0.2301666666666579
25.6919,26.433,antiTumourMacrophage,0.1674166666666648
22.3146,23.759,antiTumourMacrophage,0.3907499999999736
22.9089,24.8165,antiTumourMacrophage,0.2098333333333268
24.4655,23.5157,antiTumourMacrophage,0.24174999999999
22.0684,26.7358,antiTumourMacrophage,0.1031666666666683
22.1267,22.1301,antiTumourMacrophage,0.1153333333333356
21.4896,24.2701,antiTumourMacrophage,0.1365000000000016
24.0532,21.9607,antiTumourMacrophage,0.1444166666666674
19.2468,26.5866,antiTumourMacrophage,0.0820000000000004
20.3633,25.272,antiTumourMacrophage,0.2139166666666597
26.388,24.7961,antiTumourMacrophage,0.1440000000000007
19.1476,24.4297,antiTumourMacrophage,0.0745833333333333
22.7117,20.1216,antiTumourMacrophage,0.0706666666666664
22.4036,17.4939,antiTumourMacrophage,0.0337500000000001
26.579,32.4615,antiTumourMacrophage,0.018
14.467,16.6201,antiTumourMacrophage,0.0
17.5339,23.3767,antiTumourMacrophage,0.0441666666666665
34.5103,39.2858,antiTumourMacrophage,0.0
33.5797,31.6569,antiTumourMacrophage,0.0
18.8797,10.841,antiTumourMacrophage,0.0
34.8007,44.384,antiTumourMacrophage,0.0
37.155,3.44234,antiTumourMacrophage,0.0
12.2878,24.4259,antiTumourMacrophage,0.0235833333333334
34.781,35.7676,antiTumourMacrophage,0.0
