points_x,points_y,celltypes,phenotypes
26.1338,26.3217,antiTumourMacrophage,0.447416666666634
24.8193,24.4332,antiTumourMacrophage,0.3166666666666484
24.7898,25.5807,antiTumourMacrophage,0.3764166666666418
24.1989,29.3998,antiTumourMacrophage,0.4405833333333014
23.5352,23.3483,antiTumourMacrophage,0.2038333333333275
24.9547,21.7262,antiTumourMacrophage,0.1202500000000026
28.891,22.4823,antiTumourMacrophage,0.0928333333333343
14.6404,33.4234,antiTumourMacrophage,0.0
17.4547,26.9103,antiTumourMacrophage,0.0812500000000004
22.6877,18.4793,antiTumourMacrophage,0.02075
37.117,24.1403,antiTumourMacrophage,0.0
23.9751,39.7418,antiTumourMacrophage,0.0
40.429,15.0892,antiTumourMacrophage,0.0
10.8404,8.23629,antiTumourMacrophage,0.0
21.9717,40.2964,antiTumourMacrophage,0.0
12.4459,47.5595,antiTumourMacrophage,0.0
12.1114,4.34461,antiTumourMacrophage,0.0
