points_x,points_y,celltypes,phenotypes
24.0113,24.3463,antiTumourMacrophage,0.3162499999999818
25.7599,24.3976,antiTumourMacrophage,0.3112499999999824
24.8724,25.7232,antiTumourMacrophage,0.2418333333333233
23.0525,24.9446,antiTumourMacrophage,0.0696666666666664
