points_x,points_y,celltypes,phenotypes
27.2286,24.998,antiTumourMacrophage,0.4624166666666324
26.3337,21.9281,antiTumourMacrophage,0.4360833333333019
25.545,25.3819,antiTumourMacrophage,0.3436666666666454
26.8356,24.5852,antiTumourMacrophage,0.3124166666666489
27.3623,21.3378,antiTumourMacrophage,0.4644999999999655
23.0195,24.8413,antiTumourMacrophage,0.2629166666666543
24.1864,22.9908,antiTumourMacrophage,0.3533333333333111
23.2576,24.3693,antiTumourMacrophage,0.30266666666665
23.4556,25.4519,antiTumourMacrophage,0.1942499999999952
22.9941,23.2275,antiTumourMacrophage,0.2557499999999885
26.1273,22.5036,antiTumourMacrophage,0.1691666666666646
27.6978,22.7374,antiTumourMacrophage,0.2038333333333275
24.1239,26.3249,antiTumourMacrophage,0.0657499999999995
29.828,20.6845,antiTumourMacrophage,0.1769999999999971
23.839,25.8217,antiTumourMacrophage,0.0839166666666672
28.2323,21.98,antiTumourMacrophage,0.1634166666666653
34.9994,14.9721,antiTumourMacrophage,0.1570833333333326
31.1732,36.2722,antiTumourMacrophage,0.0
31.9777,19.7737,antiTumourMacrophage,0.0394166666666666
26.5342,17.0498,antiTumourMacrophage,0.0
21.7394,25.4178,antiTumourMacrophage,0.0608333333333327
12.9115,32.3258,antiTumourMacrophage,0.0
20.8941,11.3862,antiTumourMacrophage,0.0
33.4613,28.9328,antiTumourMacrophage,0.0
41.7755,31.9626,antiTumourMacrophage,0.0
9.4437,34.5926,antiTumourMacrophage,0.0
19.0767,16.1599,antiTumourMacrophage,0.0
38.2265,12.6656,antiTumourMacrophage,0.0148333333333333
23.3123,7.8116,antiTumourMacrophage,0.0
36.4196,46.5027,antiTumourMacrophage,0.0
33.9297,10.0898,antiTumourMacrophage,0.0294166666666668
8.54335,31.6609,antiTumourMacrophage,0.0
43.3581,28.6643,antiTumourMacrophage,0.0
