points_x,points_y,celltypes,phenotypes
25.9986,26.0701,antiTumourMacrophage,0.4264166666666363
25.7415,23.7395,antiTumourMacrophage,0.4055833333333053
23.9934,26.0,antiTumourMacrophage,0.2484999999999892
25.1421,23.1652,antiTumourMacrophage,0.2224999999999921
24.0005,24.1427,antiTumourMacrophage,0.1475000000000003
26.729,25.3306,antiTumourMacrophage,0.0901666666666675
24.5643,25.9782,antiTumourMacrophage,0.0722499999999999
23.9949,25.5868,antiTumourMacrophage,0.0648333333333328
32.4642,32.1797,antiTumourMacrophage,0.0
14.7996,40.7507,antiTumourMacrophage,0.0
40.2106,24.057,antiTumourMacrophage,0.0
