points_x,points_y,celltypes,phenotypes
26.03,25.9892,antiTumourMacrophage,0.3494166666666448
25.221,24.0392,antiTumourMacrophage,0.3311666666666468
23.081,24.8669,antiTumourMacrophage,0.2835833333333187
25.5749,23.6621,antiTumourMacrophage,0.2679999999999871
23.6179,24.3573,antiTumourMacrophage,0.186749999999996
26.0246,24.0166,antiTumourMacrophage,0.141750000000001
25.985,24.5223,antiTumourMacrophage,0.1210000000000026
24.3747,23.9933,antiTumourMacrophage,0.0551666666666662
24.5662,26.5721,antiTumourMacrophage,0.049083333333333
24.9792,34.0718,antiTumourMacrophage,0.0
