points_x,points_y,celltypes,phenotypes
24.272,24.0784,antiTumourMacrophage,0.2519166666666556
29.3027,19.0295,antiTumourMacrophage,0.0312500000000001
26.0755,24.5804,antiTumourMacrophage,0.2219166666666588
30.444,28.9228,antiTumourMacrophage,0.0075
33.839,21.2863,antiTumourMacrophage,0.0
14.4723,26.7659,antiTumourMacrophage,0.0
31.0387,36.3159,antiTumourMacrophage,0.0
19.5016,27.4796,antiTumourMacrophage,0.0421666666666665
32.2057,12.08,antiTumourMacrophage,0.0
