points_x,points_y,celltypes,phenotypes
25.5113,26.2298,antiTumourMacrophage,0.3844999999999743
25.2315,27.0413,antiTumourMacrophage,0.4817499999999636
24.738,23.3017,antiTumourMacrophage,0.3118333333333156
25.9879,28.0201,antiTumourMacrophage,0.335833333333313
27.0037,25.6503,antiTumourMacrophage,0.3214166666666479
23.5392,25.214,antiTumourMacrophage,0.3001666666666502
25.0708,29.1378,antiTumourMacrophage,0.3739166666666421
25.1778,24.9454,antiTumourMacrophage,0.3244166666666476
25.3563,26.5999,antiTumourMacrophage,0.2833333333333188
24.4337,28.4408,antiTumourMacrophage,0.3332499999999799
22.0395,27.2462,antiTumourMacrophage,0.2537499999999887
23.4358,26.547,antiTumourMacrophage,0.2401666666666568
23.0008,27.9952,antiTumourMacrophage,0.3662499999999763
26.0697,22.9975,antiTumourMacrophage,0.1335833333333352
22.9827,24.7996,antiTumourMacrophage,0.1678333333333314
27.475,26.8889,antiTumourMacrophage,0.266166666666654
25.5577,24.6509,antiTumourMacrophage,0.1796666666666635
25.5627,28.5848,antiTumourMacrophage,0.2669999999999872
22.0078,26.0759,antiTumourMacrophage,0.1780833333333303
27.005,24.2061,antiTumourMacrophage,0.0855833333333339
20.1192,18.2638,antiTumourMacrophage,0.0167499999999999
28.1112,28.4884,antiTumourMacrophage,0.0610833333333327
15.3128,16.0548,antiTumourMacrophage,0.0
29.685,29.5681,antiTumourMacrophage,0.0365833333333333
16.585,17.7672,antiTumourMacrophage,0.0
27.0027,32.8256,antiTumourMacrophage,0.0525833333333329
25.3751,34.5261,antiTumourMacrophage,0.1868333333333293
25.8845,35.7442,antiTumourMacrophage,0.1282500000000025
19.9678,22.195,antiTumourMacrophage,0.0461666666666664
36.073,32.7095,antiTumourMacrophage,0.0
27.8635,31.4338,antiTumourMacrophage,0.0349166666666667
29.895,32.9443,antiTumourMacrophage,0.006
27.2242,42.6364,antiTumourMacrophage,0.01925
24.0934,34.3298,antiTumourMacrophage,0.0414166666666665
37.5982,33.8486,antiTumourMacrophage,0.0
38.416,23.5192,antiTumourMacrophage,0.0
14.065,19.1281,antiTumourMacrophage,0.0
18.2642,12.317,antiTumourMacrophage,0.0
27.3323,43.5861,antiTumourMacrophage,0.0
35.7617,27.8923,antiTumourMacrophage,0.0
36.3025,47.4162,antiTumourMacrophage,0.0
43.147,36.8691,antiTumourMacrophage,0.0
38.1185,41.3276,antiTumourMacrophage,0.0
42.5849,46.8041,antiTumourMacrophage,0.0
