points_x,points_y,celltypes,phenotypes
23.8761,27.838,antiTumourMacrophage,0.4798333333332971
28.1911,27.3872,antiTumourMacrophage,0.4266666666666363
25.4656,26.4515,antiTumourMacrophage,0.4556666666666331
27.0635,22.0327,antiTumourMacrophage,0.4606666666666326
22.84,26.8075,antiTumourMacrophage,0.441999999999968
19.5456,25.5703,antiTumourMacrophage,0.4970833333332952
25.7528,23.429,antiTumourMacrophage,0.4169166666666374
25.0676,22.1997,antiTumourMacrophage,0.4022499999999723
18.0168,24.0096,antiTumourMacrophage,0.444583333333301
20.9944,24.4814,antiTumourMacrophage,0.4356666666666353
24.6389,21.3273,antiTumourMacrophage,0.3619166666666434
26.0589,25.1679,antiTumourMacrophage,0.3246666666666475
27.8638,26.1792,antiTumourMacrophage,0.2664999999999873
24.0113,27.3165,antiTumourMacrophage,0.2279999999999915
19.4069,24.5056,antiTumourMacrophage,0.2187499999999925
22.8912,21.9649,antiTumourMacrophage,0.1724999999999976
24.2206,25.7801,antiTumourMacrophage,0.262833333333321
27.3861,23.4288,antiTumourMacrophage,0.1935833333333286
27.9955,25.2539,antiTumourMacrophage,0.2133333333333264
22.9676,22.5376,antiTumourMacrophage,0.2855833333333185
26.4705,22.2715,antiTumourMacrophage,0.1519166666666665
27.9757,24.5291,antiTumourMacrophage,0.1396666666666679
26.0214,28.0014,antiTumourMacrophage,0.097666666666668
27.1091,26.8739,antiTumourMacrophage,0.1101666666666687
25.0735,21.0002,antiTumourMacrophage,0.1030000000000016
31.8704,21.459,antiTumourMacrophage,0.01
25.1989,32.6735,antiTumourMacrophage,0.0250833333333334
14.6325,24.0226,antiTumourMacrophage,0.1160000000000023
23.4809,18.9141,antiTumourMacrophage,0.0407499999999999
35.7396,25.6666,antiTumourMacrophage,0.0022499999999999
36.73,25.424,antiTumourMacrophage,0.0
22.9578,16.0034,antiTumourMacrophage,0.0154999999999999
