points_x,points_y,celltypes,phenotypes
23.1463,25.8364,antiTumourMacrophage,0.4549166666666332
22.5006,24.3198,antiTumourMacrophage,0.3473333333333117
25.1643,23.3585,antiTumourMacrophage,0.4134166666666378
24.3855,21.6063,antiTumourMacrophage,0.3309166666666469
25.8725,22.0332,antiTumourMacrophage,0.3886666666666405
28.2929,19.6278,antiTumourMacrophage,0.2278333333333248
34.2297,28.5573,antiTumourMacrophage,0.0211666666666667
24.7059,19.3134,antiTumourMacrophage,0.2533333333333221
31.0115,27.261,antiTumourMacrophage,0.1079166666666685
11.1701,20.2528,antiTumourMacrophage,0.0
26.0749,12.9853,antiTumourMacrophage,0.0111666666666666
19.7957,16.256,antiTumourMacrophage,0.0318333333333335
9.93313,29.3507,antiTumourMacrophage,0.0
24.1001,15.6335,antiTumourMacrophage,0.0507499999999996
31.8301,22.2496,antiTumourMacrophage,0.0429166666666665
28.0304,43.2842,antiTumourMacrophage,0.0
25.998,34.5957,antiTumourMacrophage,0.0138333333333333
32.9525,35.6158,antiTumourMacrophage,0.0
8.59796,32.9603,antiTumourMacrophage,0.0
6.32134,14.282,antiTumourMacrophage,0.0
5.99841,30.4344,antiTumourMacrophage,0.0
21.3009,10.1907,antiTumourMacrophage,0.0
34.7078,7.11856,antiTumourMacrophage,0.0
48.3675,37.0769,antiTumourMacrophage,0.0
