points_x,points_y,celltypes,phenotypes
37.7384,26.4781,antiTumourMacrophage,0.3797499999999748
26.5219,21.8499,antiTumourMacrophage,0.320916666666648
37.854,25.6207,antiTumourMacrophage,0.3501666666666447
26.3456,21.1145,antiTumourMacrophage,0.4272499999999696
38.3002,26.991,antiTumourMacrophage,0.4034166666666389
24.9889,22.7406,antiTumourMacrophage,0.1562499999999994
18.7942,25.1791,antiTumourMacrophage,0.2681666666666538
39.2081,26.0038,antiTumourMacrophage,0.2419999999999899
24.8573,25.1526,antiTumourMacrophage,0.115916666666669
17.1942,25.2259,antiTumourMacrophage,0.4036666666666388
26.2387,22.0678,antiTumourMacrophage,0.1185833333333358
16.4626,25.0249,antiTumourMacrophage,0.3218333333333145
17.5487,25.815,antiTumourMacrophage,0.3679166666666428
27.6017,24.3891,antiTumourMacrophage,0.238416666666657
22.3806,25.6308,antiTumourMacrophage,0.1197500000000025
37.2719,26.107,antiTumourMacrophage,0.2433333333333231
34.8195,27.0147,antiTumourMacrophage,0.1345833333333351
42.3693,30.3828,antiTumourMacrophage,0.4406666666666348
23.5868,25.4341,antiTumourMacrophage,0.1529999999999997
19.1918,24.7866,antiTumourMacrophage,0.1986666666666614
38.1753,26.0138,antiTumourMacrophage,0.1148333333333356
25.4678,24.9958,antiTumourMacrophage,0.0627499999999993
39.4203,25.1156,antiTumourMacrophage,0.1672499999999982
23.4736,25.9881,antiTumourMacrophage,0.0869166666666673
44.7431,30.9753,antiTumourMacrophage,0.2972499999999839
18.4254,25.6224,antiTumourMacrophage,0.1390000000000013
24.4146,25.6274,antiTumourMacrophage,0.0398333333333333
21.1262,24.137,antiTumourMacrophage,0.0764166666666668
16.0009,24.999,antiTumourMacrophage,0.122583333333336
38.7951,25.9797,antiTumourMacrophage,0.0
39.9793,25.1928,antiTumourMacrophage,0.0158333333333333
36.308,23.5149,antiTumourMacrophage,0.0
36.5064,27.3403,antiTumourMacrophage,0.0
14.1484,25.1666,antiTumourMacrophage,0.0001666666666666
36.4283,19.0285,antiTumourMacrophage,0.0
19.7159,13.2854,antiTumourMacrophage,0.0
38.5063,25.5073,antiTumourMacrophage,0.0
37.9425,15.5727,antiTumourMacrophage,0.0
43.9841,29.8335,antiTumourMacrophage,0.0139166666666666
19.9083,17.5229,antiTumourMacrophage,0.0
38.2228,11.3477,antiTumourMacrophage,0.0
39.0854,22.9378,antiTumourMacrophage,0.0
42.835,14.3958,antiTumourMacrophage,0.0
37.8808,7.99608,antiTumourMacrophage,0.0
