points_x,points_y,celltypes,phenotypes
23.5727,25.8745,antiTumourMacrophage,0.4766666666666308
21.9573,24.1213,antiTumourMacrophage,0.4348333333333021
25.5236,26.5347,antiTumourMacrophage,0.4092499999999716
21.1955,26.0897,antiTumourMacrophage,0.4223333333333035
22.2592,25.404,antiTumourMacrophage,0.4074999999999718
22.9389,24.0913,antiTumourMacrophage,0.3969166666666396
21.6261,28.2465,antiTumourMacrophage,0.4133333333333044
24.9107,27.8234,antiTumourMacrophage,0.3952499999999731
26.5143,21.983,antiTumourMacrophage,0.3379166666666461
25.9881,26.5403,antiTumourMacrophage,0.3497499999999781
23.5102,26.7598,antiTumourMacrophage,0.2959166666666507
25.8488,22.0063,antiTumourMacrophage,0.2912499999999846
25.6396,28.3845,antiTumourMacrophage,0.290333333333318
24.9332,27.1738,antiTumourMacrophage,0.1652499999999984
21.9933,28.8129,antiTumourMacrophage,0.2091666666666602
25.0153,28.6704,antiTumourMacrophage,0.2533333333333221
21.925,25.8677,antiTumourMacrophage,0.2070833333333271
23.5922,23.5797,antiTumourMacrophage,0.1098333333333353
23.8874,25.0276,antiTumourMacrophage,0.1435833333333341
26.2644,22.6551,antiTumourMacrophage,0.1569999999999993
21.9965,27.8895,antiTumourMacrophage,0.1033333333333349
26.8271,24.2539,antiTumourMacrophage,0.0940833333333344
24.9896,23.6233,antiTumourMacrophage,0.0883333333333341
25.4589,22.5833,antiTumourMacrophage,0.0908333333333342
27.8235,23.4903,antiTumourMacrophage,0.0258333333333334
27.0393,25.7574,antiTumourMacrophage,0.0219166666666667
26.601,35.6362,antiTumourMacrophage,0.0
10.8712,29.1811,antiTumourMacrophage,0.0
40.8487,30.546,antiTumourMacrophage,0.0
36.5977,32.923,antiTumourMacrophage,0.0
38.9751,35.0455,antiTumourMacrophage,0.0
6.88098,4.75481,antiTumourMacrophage,0.0
