points_x,points_y,celltypes,phenotypes
23.3296,26.9307,antiTumourMacrophage,0.4783333333332973
26.3602,22.9765,antiTumourMacrophage,0.4714166666666314
20.9693,24.0098,antiTumourMacrophage,0.4622499999999657
26.4163,27.0852,antiTumourMacrophage,0.4069999999999718
22.4102,23.5824,antiTumourMacrophage,0.4090833333333049
20.0694,25.888,antiTumourMacrophage,0.3742499999999754
24.1026,27.7055,antiTumourMacrophage,0.3865833333333074
20.9398,25.0083,antiTumourMacrophage,0.3735833333333088
23.9977,23.0474,antiTumourMacrophage,0.336083333333313
25.2803,26.8889,antiTumourMacrophage,0.2502499999999891
27.2407,24.8004,antiTumourMacrophage,0.2536666666666554
25.3851,23.513,antiTumourMacrophage,0.2466666666666561
24.7275,27.3074,antiTumourMacrophage,0.2575833333333216
25.136,23.1061,antiTumourMacrophage,0.1565833333333327
21.1607,27.0409,antiTumourMacrophage,0.2054166666666606
26.8412,23.9777,antiTumourMacrophage,0.1477500000000003
26.7395,24.7385,antiTumourMacrophage,0.1332500000000019
26.0279,25.4184,antiTumourMacrophage,0.1041666666666683
27.1898,23.1536,antiTumourMacrophage,0.0462499999999997
16.958,11.7048,antiTumourMacrophage,0.0
18.5029,36.9299,antiTumourMacrophage,0.0
31.3939,18.8681,antiTumourMacrophage,0.0143333333333333
