points_x,points_y,celltypes,phenotypes
26.4231,25.4421,antiTumourMacrophage,0.4548333333332999
33.4689,25.7143,antiTumourMacrophage,0.4478333333333006
27.394,22.7889,antiTumourMacrophage,0.33299999999998
27.3528,26.4754,antiTumourMacrophage,0.3368333333333129
24.3261,22.9645,antiTumourMacrophage,0.3220833333333145
29.4242,23.4485,antiTumourMacrophage,0.2444166666666563
21.2043,18.0534,antiTumourMacrophage,0.1024166666666682
20.2147,27.9375,antiTumourMacrophage,0.1310000000000022
23.766,26.8737,antiTumourMacrophage,0.177749999999997
28.2514,27.4907,antiTumourMacrophage,0.214249999999993
29.4879,21.1975,antiTumourMacrophage,0.0973333333333346
31.993,27.9572,antiTumourMacrophage,0.1881666666666625
26.8187,32.6768,antiTumourMacrophage,0.0259166666666667
17.9806,9.91458,antiTumourMacrophage,0.0
37.0021,28.5572,antiTumourMacrophage,0.0264166666666667
13.084,34.9256,antiTumourMacrophage,0.0
10.5108,41.9302,antiTumourMacrophage,0.0
35.0014,3.27918,antiTumourMacrophage,0.0
33.5323,5.64744,antiTumourMacrophage,0.0
