points_x,points_y,celltypes,phenotypes
26.8098,24.8409,antiTumourMacrophage,0.4444166666666344
25.3644,23.7373,antiTumourMacrophage,0.3927499999999734
25.8511,23.8898,antiTumourMacrophage,0.3815833333333079
23.8886,23.8372,antiTumourMacrophage,0.4053333333333053
24.3586,25.6405,antiTumourMacrophage,0.3429166666666455
25.0993,23.0844,antiTumourMacrophage,0.1915833333333288
23.8266,24.2525,antiTumourMacrophage,0.0827500000000004
21.5882,27.9796,antiTumourMacrophage,0.0672499999999996
12.6132,31.0415,antiTumourMacrophage,0.0
