points_x,points_y,celltypes,phenotypes
24.4278,19.9757,antiTumourMacrophage,0.4939166666666289
22.5067,27.722,antiTumourMacrophage,0.3555833333333108
26.2325,27.0143,antiTumourMacrophage,0.3099999999999825
27.3811,21.6141,antiTumourMacrophage,0.3806666666666414
25.6856,20.0428,antiTumourMacrophage,0.3152499999999819
26.8165,20.9796,antiTumourMacrophage,0.3489166666666449
28.8249,23.9811,antiTumourMacrophage,0.3012499999999835
27.2509,26.7109,antiTumourMacrophage,0.2829999999999855
23.9918,20.0451,antiTumourMacrophage,0.2595833333333214
26.4075,20.3967,antiTumourMacrophage,0.2486666666666559
24.5033,27.417,antiTumourMacrophage,0.1917499999999955
23.2676,22.7205,antiTumourMacrophage,0.1951666666666618
21.7393,25.774,antiTumourMacrophage,0.2486666666666559
21.7009,26.2888,antiTumourMacrophage,0.1806666666666634
27.9676,22.879,antiTumourMacrophage,0.2054166666666606
28.55,25.4483,antiTumourMacrophage,0.1754166666666639
23.065,27.499,antiTumourMacrophage,0.193166666666662
22.9851,23.7818,antiTumourMacrophage,0.1551666666666662
25.1482,26.6977,antiTumourMacrophage,0.1211666666666693
22.6401,25.9946,antiTumourMacrophage,0.1591666666666657
21.9148,24.9832,antiTumourMacrophage,0.1434166666666675
23.7321,27.5877,antiTumourMacrophage,0.1067500000000018
23.0429,25.989,antiTumourMacrophage,0.1324166666666687
18.6814,22.9653,antiTumourMacrophage,0.0040833333333333
24.8699,20.1345,antiTumourMacrophage,0.1193333333333358
26.1185,21.0195,antiTumourMacrophage,0.0598333333333327
21.5162,26.6471,antiTumourMacrophage,0.0639999999999994
14.2545,29.4288,antiTumourMacrophage,0.0146666666666666
17.3872,27.9861,antiTumourMacrophage,0.048833333333333
7.52948,30.0177,antiTumourMacrophage,0.0
