points_x,points_y,celltypes,phenotypes
25.5438,25.0169,antiTumourMacrophage,0.3155833333333152
24.2362,26.0687,antiTumourMacrophage,0.2568333333333217
24.1565,24.2994,antiTumourMacrophage,0.2273333333333249
22.737,25.959,antiTumourMacrophage,0.0893333333333342
25.3407,23.825,antiTumourMacrophage,0.0930833333333344
22.9873,23.4727,antiTumourMacrophage,0.0909166666666676
26.2528,27.1558,antiTumourMacrophage,0.0564999999999995
19.9646,17.2574,antiTumourMacrophage,0.0
18.9811,36.1358,antiTumourMacrophage,0.0
41.3823,8.24159,antiTumourMacrophage,0.0
14.1324,32.5895,antiTumourMacrophage,0.0
13.2147,32.8265,antiTumourMacrophage,0.0
