points_x,points_y,celltypes,phenotypes
20.9955,23.5795,antiTumourMacrophage,0.4633333333332989
26.5713,24.1571,antiTumourMacrophage,0.4436666666666344
21.5029,23.0058,antiTumourMacrophage,0.4878333333332962
28.0187,24.5427,antiTumourMacrophage,0.4404166666666348
22.7664,21.2389,antiTumourMacrophage,0.447166666666634
23.3997,19.4103,antiTumourMacrophage,0.4524999999999668
21.0786,25.9314,antiTumourMacrophage,0.4113333333333047
27.6682,21.9878,antiTumourMacrophage,0.4203333333333037
23.6118,18.4858,antiTumourMacrophage,0.3788333333333082
25.9996,21.6121,antiTumourMacrophage,0.3121666666666489
21.836,22.1688,antiTumourMacrophage,0.3220833333333145
22.8834,26.9909,antiTumourMacrophage,0.2664999999999873
23.9831,25.1194,antiTumourMacrophage,0.2910833333333179
24.1559,28.0231,antiTumourMacrophage,0.2745833333333197
23.6096,27.636,antiTumourMacrophage,0.2076666666666604
27.8989,26.152,antiTumourMacrophage,0.2592499999999881
22.4287,26.9871,antiTumourMacrophage,0.2152499999999929
20.9907,24.9688,antiTumourMacrophage,0.2178333333333259
25.612,28.0106,antiTumourMacrophage,0.1880833333333292
27.9586,23.9956,antiTumourMacrophage,0.1905833333333289
23.7406,26.5315,antiTumourMacrophage,0.1085833333333352
23.3072,27.2168,antiTumourMacrophage,0.0915833333333343
26.7378,27.2799,antiTumourMacrophage,0.1267500000000026
25.9915,20.9878,antiTumourMacrophage,0.1485000000000002
25.0927,19.1146,antiTumourMacrophage,0.1601666666666656
23.9181,17.9253,antiTumourMacrophage,0.1530833333333331
24.2309,18.2688,antiTumourMacrophage,0.1025000000000016
28.9552,31.7102,antiTumourMacrophage,0.0064166666666666
31.1336,20.731,antiTumourMacrophage,0.0008333333333333
29.5154,29.4471,antiTumourMacrophage,0.0112499999999999
24.6125,12.0304,antiTumourMacrophage,0.0160833333333333
