points_x,points_y,celltypes,phenotypes
25.5982,30.0061,antiTumourMacrophage,0.4652499999999654
24.8397,17.521,antiTumourMacrophage,0.4467499999999674
22.9262,26.9343,antiTumourMacrophage,0.4671666666666318
27.0652,29.1103,antiTumourMacrophage,0.492916666666629
23.1005,24.7227,antiTumourMacrophage,0.4584999999999661
25.963,24.6835,antiTumourMacrophage,0.4556666666666331
24.0924,18.7132,antiTumourMacrophage,0.459749999999966
28.0324,25.6484,antiTumourMacrophage,0.3797499999999748
20.4087,23.8299,antiTumourMacrophage,0.4107499999999714
26.5479,26.0237,antiTumourMacrophage,0.3690833333333093
25.086,24.9905,antiTumourMacrophage,0.3576666666666439
23.3548,20.9823,antiTumourMacrophage,0.4000833333333059
22.8375,22.9682,antiTumourMacrophage,0.3181666666666483
18.2925,8.13466,antiTumourMacrophage,0.3759999999999752
19.4583,8.19073,antiTumourMacrophage,0.3618333333333101
24.1167,28.038,antiTumourMacrophage,0.2457499999999895
24.4428,17.7052,antiTumourMacrophage,0.3168333333333151
22.1208,22.9329,antiTumourMacrophage,0.2645833333333208
24.8562,28.5384,antiTumourMacrophage,0.2554999999999885
21.8171,24.7043,antiTumourMacrophage,0.2491666666666558
26.008,28.3016,antiTumourMacrophage,0.1948333333333285
19.0044,8.493,antiTumourMacrophage,0.2546666666666553
19.0986,8.06261,antiTumourMacrophage,0.2726666666666533
27.0666,26.9536,antiTumourMacrophage,0.2048333333333274
24.6358,27.4147,antiTumourMacrophage,0.1880833333333292
24.9869,16.0739,antiTumourMacrophage,0.2236666666666586
23.743,27.184,antiTumourMacrophage,0.0642499999999994
24.6821,26.9817,antiTumourMacrophage,0.0877500000000007
24.1384,27.6736,antiTumourMacrophage,0.1319166666666687
22.2479,26.7233,antiTumourMacrophage,0.0906666666666676
20.6167,24.4429,antiTumourMacrophage,0.0763333333333334
22.6732,27.928,antiTumourMacrophage,0.038
22.2309,29.235,antiTumourMacrophage,0.0295000000000001
22.9555,12.9746,antiTumourMacrophage,0.0947500000000011
14.7274,10.5276,antiTumourMacrophage,0.0403333333333332
15.9194,11.3593,antiTumourMacrophage,0.0532499999999996
40.1062,39.0805,antiTumourMacrophage,0.0
33.956,22.5094,antiTumourMacrophage,0.0011666666666666
11.4784,40.0843,antiTumourMacrophage,0.0
18.3979,8.73256,antiTumourMacrophage,0.0243333333333334
