points_x,points_y,celltypes,phenotypes
23.7863,23.9236,antiTumourMacrophage,0.2121666666666599
24.3577,23.8917,antiTumourMacrophage,0.2534999999999887
26.1201,25.0472,antiTumourMacrophage,0.0504166666666663
24.5755,24.7994,antiTumourMacrophage,0.0613333333333327
16.682,35.3369,antiTumourMacrophage,0.0
