points_x,points_y,celltypes,phenotypes
29.6782,23.6605,antiTumourMacrophage,0.4600833333332993
28.1711,27.0162,antiTumourMacrophage,0.4849999999999632
30.7805,26.6288,antiTumourMacrophage,0.381333333333308
27.488,22.9999,antiTumourMacrophage,0.3739166666666421
31.4821,25.1121,antiTumourMacrophage,0.4134166666666378
31.3021,27.3223,antiTumourMacrophage,0.3714999999999757
27.0037,22.9764,antiTumourMacrophage,0.3449166666666453
24.787,22.2716,antiTumourMacrophage,0.3447499999999787
29.9777,26.9978,antiTumourMacrophage,0.2827499999999855
26.4277,22.9937,antiTumourMacrophage,0.2950833333333175
25.1478,27.1155,antiTumourMacrophage,0.2739999999999865
31.0366,27.0134,antiTumourMacrophage,0.3157499999999819
28.5715,26.5178,antiTumourMacrophage,0.2472499999999894
30.7948,27.8241,antiTumourMacrophage,0.305249999999983
27.4349,25.8606,antiTumourMacrophage,0.2685833333333204
26.6917,24.6828,antiTumourMacrophage,0.2214166666666589
22.0283,23.9797,antiTumourMacrophage,0.2645833333333208
24.4322,23.5832,antiTumourMacrophage,0.204749999999994
30.3543,25.4308,antiTumourMacrophage,0.2531666666666554
25.3478,26.613,antiTumourMacrophage,0.1820833333333299
20.5532,25.502,antiTumourMacrophage,0.1281666666666691
30.3157,27.6967,antiTumourMacrophage,0.1013333333333348
24.3793,24.0806,antiTumourMacrophage,0.1059166666666684
25.8427,22.992,antiTumourMacrophage,0.0939166666666677
20.0662,27.0124,antiTumourMacrophage,0.0933333333333344
23.8055,24.0157,antiTumourMacrophage,0.0397499999999999
23.0789,21.85,antiTumourMacrophage,0.0158333333333333
29.1069,22.3818,antiTumourMacrophage,0.0149999999999999
26.3519,43.0915,antiTumourMacrophage,0.0
19.3105,8.57689,antiTumourMacrophage,0.0
