points_x,points_y,celltypes,phenotypes
27.7608,23.7747,antiTumourMacrophage,0.492916666666629
27.9823,26.5387,antiTumourMacrophage,0.4647499999999654
25.5988,26.9926,antiTumourMacrophage,0.4578333333332995
28.3773,24.6694,antiTumourMacrophage,0.405499999999972
27.021,26.9993,antiTumourMacrophage,0.4184999999999705
23.1014,23.1567,antiTumourMacrophage,0.2577499999999882
25.6036,22.5209,antiTumourMacrophage,0.2233333333333253
28.5706,25.256,antiTumourMacrophage,0.2482499999999892
27.8486,26.1369,antiTumourMacrophage,0.2554999999999885
22.9959,25.009,antiTumourMacrophage,0.2421666666666566
26.2586,23.0206,antiTumourMacrophage,0.1690833333333313
27.5701,25.6325,antiTumourMacrophage,0.1195833333333359
22.9876,25.6652,antiTumourMacrophage,0.1195833333333359
28.3512,25.6379,antiTumourMacrophage,0.0983333333333347
27.1677,23.204,antiTumourMacrophage,0.0766666666666668
24.6385,27.108,antiTumourMacrophage,0.0847500000000006
35.7283,22.7307,antiTumourMacrophage,0.0141666666666666
11.9259,14.0294,antiTumourMacrophage,0.0
