points_x,points_y,celltypes,phenotypes
24.7578,23.2372,antiTumourMacrophage,0.4107499999999714
26.0146,23.8341,antiTumourMacrophage,0.2642499999999875
25.9596,24.1737,antiTumourMacrophage,0.0765000000000001
24.0162,24.0321,antiTumourMacrophage,0.0559166666666662
25.9994,24.7698,antiTumourMacrophage,0.0439999999999998
24.021,24.9355,antiTumourMacrophage,0.0418333333333332
23.9135,22.144,antiTumourMacrophage,0.0146666666666666
21.3247,29.2129,antiTumourMacrophage,0.0024166666666666
17.6116,36.8299,antiTumourMacrophage,0.0
34.5217,47.4962,antiTumourMacrophage,0.0
