points_x,points_y,celltypes,phenotypes
29.5989,31.1592,antiTumourMacrophage,0.3972499999999729
19.9871,23.7383,antiTumourMacrophage,0.4728333333332979
32.0681,23.7343,antiTumourMacrophage,0.4878333333332962
25.7624,18.1079,antiTumourMacrophage,0.4457499999999675
26.8209,23.3141,antiTumourMacrophage,0.2449999999999896
19.447,26.5018,antiTumourMacrophage,0.3876666666666406
19.9453,28.276,antiTumourMacrophage,0.2983333333333171
17.5518,27.0359,antiTumourMacrophage,0.2116666666666599
28.8535,26.2896,antiTumourMacrophage,0.2184999999999925
27.1175,19.6662,antiTumourMacrophage,0.2449999999999896
33.3418,33.325,antiTumourMacrophage,0.0
28.9027,19.6762,antiTumourMacrophage,0.1547499999999995
31.1168,27.9623,antiTumourMacrophage,0.1211666666666693
22.2656,32.8659,antiTumourMacrophage,0.0829166666666671
12.7321,33.5157,antiTumourMacrophage,0.0
28.2055,16.737,antiTumourMacrophage,0.00725
36.1114,25.7049,antiTumourMacrophage,0.0
31.2221,26.1052,antiTumourMacrophage,0.2108333333333267
32.1687,15.144,antiTumourMacrophage,0.0
29.8789,18.1917,antiTumourMacrophage,0.0311666666666668
27.3932,18.1494,antiTumourMacrophage,0.104083333333335
33.0205,26.5611,antiTumourMacrophage,0.0714166666666665
21.267,20.4994,antiTumourMacrophage,0.1904166666666623
29.8346,43.3541,antiTumourMacrophage,0.0
32.4428,40.0996,antiTumourMacrophage,0.0
35.5054,11.7826,antiTumourMacrophage,0.0
20.1035,18.5587,antiTumourMacrophage,0.1149166666666689
30.3446,16.5416,antiTumourMacrophage,0.0
30.6236,41.3178,antiTumourMacrophage,0.0
14.2648,36.9276,antiTumourMacrophage,0.0
36.8076,35.254,antiTumourMacrophage,0.0
18.5056,14.598,antiTumourMacrophage,0.0
33.619,13.1598,antiTumourMacrophage,0.0
19.2528,39.0407,antiTumourMacrophage,0.0
10.2699,36.1226,antiTumourMacrophage,0.0
36.5799,40.5132,antiTumourMacrophage,0.0
5.69466,37.2059,antiTumourMacrophage,0.0
9.23491,28.4608,antiTumourMacrophage,0.0
38.7305,9.73575,antiTumourMacrophage,0.0
24.2214,9.85719,antiTumourMacrophage,0.0
39.7079,38.5656,antiTumourMacrophage,0.0
10.0619,13.6599,antiTumourMacrophage,0.0
31.2019,7.95094,antiTumourMacrophage,0.0
39.091,27.8684,antiTumourMacrophage,0.0
16.368,11.8235,antiTumourMacrophage,0.0
41.0649,27.7838,antiTumourMacrophage,0.0
33.7188,9.3899,antiTumourMacrophage,0.0
31.306,10.9004,antiTumourMacrophage,0.0
41.7762,4.62477,antiTumourMacrophage,0.0
43.8405,22.2255,antiTumourMacrophage,0.0
8.66658,13.1364,antiTumourMacrophage,0.0
