points_x,points_y,celltypes,phenotypes
24.6184,25.4624,antiTumourMacrophage,0.3136666666666488
24.9766,24.2801,antiTumourMacrophage,0.2349999999999907
23.5919,23.1983,antiTumourMacrophage,0.0519999999999996
20.2285,20.307,antiTumourMacrophage,0.0179166666666666
22.5103,27.5292,antiTumourMacrophage,0.0566666666666661
23.4897,24.696,antiTumourMacrophage,0.059916666666666
11.6565,38.0461,antiTumourMacrophage,0.0
