points_x,points_y,celltypes,phenotypes
25.5404,24.8961,antiTumourMacrophage,0.4361666666666353
26.7559,23.2859,antiTumourMacrophage,0.4530833333333001
20.1642,21.7312,antiTumourMacrophage,0.0605833333333327
28.5961,26.4819,antiTumourMacrophage,0.3529166666666444
24.2004,25.6942,antiTumourMacrophage,0.135083333333335
24.9349,23.1447,antiTumourMacrophage,0.2026666666666609
24.9563,23.852,antiTumourMacrophage,0.2635833333333209
23.4778,30.5923,antiTumourMacrophage,0.0369166666666667
15.9932,34.0018,antiTumourMacrophage,0.0
17.0929,10.514,antiTumourMacrophage,0.0
28.444,31.9548,antiTumourMacrophage,0.0
23.0675,37.0379,antiTumourMacrophage,0.0
18.3299,20.305,antiTumourMacrophage,0.0059166666666666
35.2275,20.2049,antiTumourMacrophage,0.0
30.3855,37.2619,antiTumourMacrophage,0.0
36.7727,33.0383,antiTumourMacrophage,0.0
29.885,9.91,antiTumourMacrophage,0.0
40.7191,12.7909,antiTumourMacrophage,0.0
46.399,43.0695,antiTumourMacrophage,0.0
