points_x,points_y,celltypes,phenotypes
23.7919,22.1886,antiTumourMacrophage,0.4987499999999617
24.4136,24.0938,antiTumourMacrophage,0.3688333333333093
25.9798,23.8589,antiTumourMacrophage,0.3289999999999804
25.6418,24.3108,antiTumourMacrophage,0.1310833333333355
24.4399,23.2661,antiTumourMacrophage,0.1948333333333285
19.7947,21.0362,antiTumourMacrophage,0.0119999999999999
17.3641,41.9188,antiTumourMacrophage,0.0
29.1642,3.63349,antiTumourMacrophage,0.0
29.7293,2.83921,antiTumourMacrophage,0.0
