points_x,points_y,celltypes,phenotypes
24.2988,24.7315,antiTumourMacrophage,0.4858333333332965
24.6039,27.4343,antiTumourMacrophage,0.3828333333333078
20.5553,41.7736,antiTumourMacrophage,0.4168333333333041
25.9145,21.9365,antiTumourMacrophage,0.3100833333333158
27.084,23.9849,antiTumourMacrophage,0.2907499999999846
23.9911,22.1757,antiTumourMacrophage,0.2549166666666552
26.7311,22.717,antiTumourMacrophage,0.2228333333333254
24.0349,23.2043,antiTumourMacrophage,0.2108333333333267
23.562,21.9867,antiTumourMacrophage,0.2155833333333262
23.9783,22.7954,antiTumourMacrophage,0.2199999999999924
22.355,23.0024,antiTumourMacrophage,0.1709166666666644
20.9798,40.9784,antiTumourMacrophage,0.2250833333333251
24.3037,21.7126,antiTumourMacrophage,0.1754166666666639
22.0497,24.3621,antiTumourMacrophage,0.1804166666666634
24.591,24.0196,antiTumourMacrophage,0.1760833333333305
20.1576,41.3943,antiTumourMacrophage,0.2050833333333273
22.5262,22.4943,antiTumourMacrophage,0.1506666666666667
22.5437,27.425,antiTumourMacrophage,0.1453333333333339
20.0847,40.9681,antiTumourMacrophage,0.1292500000000024
27.2904,23.0072,antiTumourMacrophage,0.0469999999999997
22.496,21.9712,antiTumourMacrophage,0.0682499999999996
20.9817,41.4422,antiTumourMacrophage,0.0933333333333344
20.1726,41.9776,antiTumourMacrophage,0.0830833333333338
19.3908,42.6569,antiTumourMacrophage,0.0800000000000003
32.154,44.445,antiTumourMacrophage,0.0
18.0271,41.1007,antiTumourMacrophage,0.0260833333333334
25.777,39.3313,antiTumourMacrophage,0.0027499999999999
