points_x,points_y,celltypes,phenotypes
22.7553,23.021,antiTumourMacrophage,0.4164999999999708
21.5947,23.7808,antiTumourMacrophage,0.4043333333333054
25.3254,20.949,antiTumourMacrophage,0.4844999999999633
26.8251,21.1997,antiTumourMacrophage,0.3422499999999789
25.1344,26.9986,antiTumourMacrophage,0.3920833333333068
25.5313,22.86,antiTumourMacrophage,0.2284166666666581
23.726,22.3283,antiTumourMacrophage,0.3889166666666405
27.2313,24.5082,antiTumourMacrophage,0.3547499999999776
24.1909,26.1957,antiTumourMacrophage,0.3639999999999765
26.339,24.6526,antiTumourMacrophage,0.3103333333333158
28.0844,22.0803,antiTumourMacrophage,0.2789166666666526
27.2219,20.9939,antiTumourMacrophage,0.284166666666652
26.6283,25.8956,antiTumourMacrophage,0.2555833333333218
25.7185,25.7174,antiTumourMacrophage,0.1506666666666667
23.5369,24.8771,antiTumourMacrophage,0.1766666666666638
22.9781,24.8388,antiTumourMacrophage,0.0726666666666665
24.2579,24.0917,antiTumourMacrophage,0.1753333333333306
23.5001,24.3128,antiTumourMacrophage,0.0950833333333345
27.1774,23.4164,antiTumourMacrophage,0.1335000000000019
34.2581,27.0576,antiTumourMacrophage,0.0
32.5291,21.2646,antiTumourMacrophage,0.0271666666666668
31.0166,21.5905,antiTumourMacrophage,0.0414999999999999
33.6636,35.2454,antiTumourMacrophage,0.0
35.9609,38.7691,antiTumourMacrophage,0.0
20.9962,13.4195,antiTumourMacrophage,0.0
4.60871,42.5011,antiTumourMacrophage,0.0
36.9692,26.6216,antiTumourMacrophage,0.0
37.7965,41.6446,antiTumourMacrophage,0.0
19.0956,40.6335,antiTumourMacrophage,0.0
23.2768,11.4355,antiTumourMacrophage,0.0
20.8117,11.9272,antiTumourMacrophage,0.0
42.2621,16.6675,antiTumourMacrophage,0.0
