points_x,points_y,celltypes,phenotypes
23.9912,24.0377,antiTumourMacrophage,0.2798333333333191
24.9857,24.9941,antiTumourMacrophage,0.162833333333332
25.1636,23.991,antiTumourMacrophage,0.1672499999999982
25.7073,24.009,antiTumourMacrophage,0.1522499999999998
33.2423,11.7902,antiTumourMacrophage,0.0
20.2303,24.4744,antiTumourMacrophage,0.0169999999999999
43.794,7.84903,antiTumourMacrophage,0.0
9.89468,23.316,antiTumourMacrophage,0.0
