points_x,points_y,celltypes,phenotypes
24.5724,26.6451,antiTumourMacrophage,0.4930833333332957
24.1692,26.1609,antiTumourMacrophage,0.4264166666666363
25.9707,26.0386,antiTumourMacrophage,0.3710833333333091
26.3019,25.6905,antiTumourMacrophage,0.2811666666666523
26.9943,25.0078,antiTumourMacrophage,0.2128333333333265
24.2024,24.4024,antiTumourMacrophage,0.2286666666666581
26.5172,24.5349,antiTumourMacrophage,0.1595833333333323
23.363,24.5862,antiTumourMacrophage,0.1071666666666685
26.0163,24.0521,antiTumourMacrophage,0.0870000000000007
23.8298,24.1544,antiTumourMacrophage,0.0550833333333328
19.1168,17.7716,antiTumourMacrophage,0.00025
39.2808,11.7809,antiTumourMacrophage,0.0
15.918,21.01,antiTumourMacrophage,0.0
