points_x,points_y,celltypes,phenotypes
22.2414,25.8748,antiTumourMacrophage,0.3231666666666477
22.8326,24.5679,antiTumourMacrophage,0.481083333333297
25.2558,23.7438,antiTumourMacrophage,0.4093333333333049
27.4249,25.3309,antiTumourMacrophage,0.4714999999999647
22.8761,22.9549,antiTumourMacrophage,0.3059999999999829
25.8746,23.8687,antiTumourMacrophage,0.2889166666666515
22.5952,23.949,antiTumourMacrophage,0.2408333333333234
23.6641,24.7711,antiTumourMacrophage,0.1369166666666682
23.361,23.1937,antiTumourMacrophage,0.2586666666666548
19.4135,25.7671,antiTumourMacrophage,0.0
31.6357,16.8164,antiTumourMacrophage,0.0
28.5786,22.4336,antiTumourMacrophage,0.0337500000000001
23.2556,24.498,antiTumourMacrophage,0.2129166666666598
25.3821,26.1751,antiTumourMacrophage,0.1175833333333357
25.1346,24.8313,antiTumourMacrophage,0.1665833333333316
24.3231,22.3814,antiTumourMacrophage,0.159999999999999
25.7552,22.6227,antiTumourMacrophage,0.0875000000000007
16.8032,16.7748,antiTumourMacrophage,0.0
32.1152,26.7207,antiTumourMacrophage,0.0
26.3322,34.7939,antiTumourMacrophage,0.0
17.7514,34.3326,antiTumourMacrophage,0.0
16.5675,35.7161,antiTumourMacrophage,0.0
21.0131,33.4313,antiTumourMacrophage,0.0
14.9156,38.0075,antiTumourMacrophage,0.0
16.8986,26.2621,antiTumourMacrophage,0.0
42.5949,38.1839,antiTumourMacrophage,0.0
27.9433,32.4593,antiTumourMacrophage,0.0
23.0117,35.5577,antiTumourMacrophage,0.0
22.8111,38.3355,antiTumourMacrophage,0.0
14.0879,25.9267,antiTumourMacrophage,0.0
7.36682,16.344,antiTumourMacrophage,0.0
22.0409,40.7772,antiTumourMacrophage,0.0
20.6694,42.8092,antiTumourMacrophage,0.0
4.89938,45.0936,antiTumourMacrophage,0.0
29.0403,36.8236,antiTumourMacrophage,0.0
37.9766,31.2085,antiTumourMacrophage,0.0
3.61621,6.63047,antiTumourMacrophage,0.0
10.0123,28.9697,antiTumourMacrophage,0.0
33.0019,41.4903,antiTumourMacrophage,0.0
34.5292,45.5422,antiTumourMacrophage,0.0
47.1133,24.0162,antiTumourMacrophage,0.0
