points_x,points_y,celltypes,phenotypes
23.4644,26.1964,antiTumourMacrophage,0.4723333333332979
22.7858,24.3368,antiTumourMacrophage,0.4336666666666355
21.6955,25.1758,antiTumourMacrophage,0.4434999999999678
22.7885,22.9791,antiTumourMacrophage,0.3919999999999735
24.5276,25.8198,antiTumourMacrophage,0.3271666666666473
24.9068,23.6277,antiTumourMacrophage,0.274916666666653
22.2189,25.7081,antiTumourMacrophage,0.3309999999999802
23.9208,23.5455,antiTumourMacrophage,0.2228333333333254
26.6333,23.9856,antiTumourMacrophage,0.3314166666666468
25.9565,25.9235,antiTumourMacrophage,0.2207499999999923
23.0615,26.5961,antiTumourMacrophage,0.1065833333333351
24.4016,27.4618,antiTumourMacrophage,0.1338333333333352
25.5611,24.4301,antiTumourMacrophage,0.1671666666666648
25.3035,22.3943,antiTumourMacrophage,0.1075833333333352
31.0591,36.4513,antiTumourMacrophage,0.0
26.7825,22.9154,antiTumourMacrophage,0.0865000000000007
25.0008,32.3039,antiTumourMacrophage,0.0337500000000001
16.8983,30.5319,antiTumourMacrophage,0.0
37.1535,26.2771,antiTumourMacrophage,0.0
24.4457,34.2975,antiTumourMacrophage,0.0
40.3137,44.3161,antiTumourMacrophage,0.0
15.2549,21.5294,antiTumourMacrophage,0.0
38.7602,33.4613,antiTumourMacrophage,0.0
8.82925,36.0502,antiTumourMacrophage,0.0
6.87749,37.3755,antiTumourMacrophage,0.0
32.2886,41.8461,antiTumourMacrophage,0.0
