points_x,points_y,celltypes,phenotypes
25.7008,27.1446,antiTumourMacrophage,0.478249999999964
27.0167,23.4864,antiTumourMacrophage,0.2823333333333189
25.7452,23.8847,antiTumourMacrophage,0.3944999999999732
24.6276,24.3006,antiTumourMacrophage,0.3185833333333149
23.0139,24.3251,antiTumourMacrophage,0.3702499999999759
25.293,22.751,antiTumourMacrophage,0.162583333333332
22.9933,23.0578,antiTumourMacrophage,0.1859999999999961
24.959,23.4074,antiTumourMacrophage,0.1292500000000024
26.557,25.1708,antiTumourMacrophage,0.1305833333333355
25.027,26.0586,antiTumourMacrophage,0.1642499999999985
26.021,21.9948,antiTumourMacrophage,0.1466666666666671
23.8963,22.0882,antiTumourMacrophage,0.0470833333333331
29.8001,33.7968,antiTumourMacrophage,0.0
23.0912,39.0045,antiTumourMacrophage,0.0
42.5516,13.0842,antiTumourMacrophage,0.0
25.307,33.2912,antiTumourMacrophage,0.005
24.6722,37.2,antiTumourMacrophage,0.0
12.8662,21.0638,antiTumourMacrophage,0.0
16.8844,5.2797,antiTumourMacrophage,0.0
12.8728,9.60405,antiTumourMacrophage,0.0
