points_x,points_y,celltypes,phenotypes
22.9667,22.9735,antiTumourMacrophage,0.4477499999999673
26.7225,25.3004,antiTumourMacrophage,0.4992499999999616
24.5139,23.4781,antiTumourMacrophage,0.4338333333333022
24.0114,21.5969,antiTumourMacrophage,0.4642499999999655
22.7956,26.4368,antiTumourMacrophage,0.4439999999999677
23.8571,21.0207,antiTumourMacrophage,0.4435833333333011
24.1861,23.8376,antiTumourMacrophage,0.3529999999999778
24.6052,21.4182,antiTumourMacrophage,0.3669166666666429
26.0092,21.3661,antiTumourMacrophage,0.1803333333333301
22.6314,24.6246,antiTumourMacrophage,0.2744999999999864
25.0856,24.9396,antiTumourMacrophage,0.2765833333333195
22.9721,25.0137,antiTumourMacrophage,0.2096666666666602
24.2098,26.5173,antiTumourMacrophage,0.21116666666666
25.9662,23.0125,antiTumourMacrophage,0.175166666666664
23.8095,22.1753,antiTumourMacrophage,0.129416666666669
25.4644,21.6638,antiTumourMacrophage,0.1361666666666683
20.7769,28.1595,antiTumourMacrophage,0.0427499999999998
23.4345,25.441,antiTumourMacrophage,0.1274166666666692
26.1757,24.0306,antiTumourMacrophage,0.0946666666666678
31.9179,8.18968,antiTumourMacrophage,0.0183333333333333
26.9109,21.008,antiTumourMacrophage,0.1418333333333343
22.2924,26.8828,antiTumourMacrophage,0.0555833333333328
27.2881,20.3076,antiTumourMacrophage,0.069583333333333
29.4385,24.1123,antiTumourMacrophage,0.0394166666666666
32.1476,16.4922,antiTumourMacrophage,0.0300833333333335
25.9588,18.8073,antiTumourMacrophage,0.0423333333333332
31.9732,31.1311,antiTumourMacrophage,0.0029999999999999
21.1449,29.7548,antiTumourMacrophage,0.0276666666666668
29.2134,30.7597,antiTumourMacrophage,0.0214166666666667
26.4497,39.4799,antiTumourMacrophage,0.0
40.5781,18.5676,antiTumourMacrophage,0.0
7.86089,21.5867,antiTumourMacrophage,0.0
31.0548,10.9465,antiTumourMacrophage,0.0408333333333332
9.95223,15.675,antiTumourMacrophage,0.0
35.829,15.7982,antiTumourMacrophage,0.0
46.3844,11.6282,antiTumourMacrophage,0.0
