points_x,points_y,celltypes,phenotypes
23.7945,24.2155,antiTumourMacrophage,0.4090833333333049
25.4665,25.0275,antiTumourMacrophage,0.2904166666666513
24.5069,24.5354,antiTumourMacrophage,0.2346666666666574
24.9856,23.0126,antiTumourMacrophage,0.2094999999999935
25.4253,23.6544,antiTumourMacrophage,0.1042500000000017
25.2219,24.2148,antiTumourMacrophage,0.0924166666666677
24.0533,23.9277,antiTumourMacrophage,0.0327500000000001
23.9977,25.9677,antiTumourMacrophage,0.0694999999999997
27.466,31.651,antiTumourMacrophage,0.0
28.9014,19.8184,antiTumourMacrophage,0.0100833333333333
33.4768,35.7181,antiTumourMacrophage,0.0
