points_x,points_y,celltypes,phenotypes
25.4162,26.0279,antiTumourMacrophage,0.4797499999999638
22.6423,24.6314,antiTumourMacrophage,0.4392499999999683
25.1825,24.2101,antiTumourMacrophage,0.3857499999999741
23.9114,25.9618,antiTumourMacrophage,0.4642499999999655
25.2667,21.7718,antiTumourMacrophage,0.2244166666666585
23.3945,22.6101,antiTumourMacrophage,0.2834999999999854
25.4325,24.577,antiTumourMacrophage,0.144333333333334
31.5508,36.8357,antiTumourMacrophage,0.0
20.3779,25.0102,antiTumourMacrophage,0.0392499999999999
36.0505,30.2698,antiTumourMacrophage,0.0
29.8153,14.3978,antiTumourMacrophage,0.0
24.9394,13.6142,antiTumourMacrophage,0.0215
42.2867,5.88908,antiTumourMacrophage,0.0
3.25565,13.9306,antiTumourMacrophage,0.0
