points_x,points_y,celltypes,phenotypes
25.5228,24.5302,antiTumourMacrophage,0.4337499999999689
25.9731,24.1687,antiTumourMacrophage,0.3912499999999735
24.6308,25.6887,antiTumourMacrophage,0.1403333333333345
24.0168,25.317,antiTumourMacrophage,0.109500000000002
24.7439,23.0881,antiTumourMacrophage,0.0396666666666666
29.2899,22.5394,antiTumourMacrophage,0.0354166666666667
38.8666,46.5294,antiTumourMacrophage,0.0
