points_x,points_y,celltypes,phenotypes
23.3844,22.9277,antiTumourMacrophage,0.4513333333333003
25.0518,25.4176,antiTumourMacrophage,0.3276666666666472
24.969,24.1491,antiTumourMacrophage,0.1981666666666614
25.2442,26.0328,antiTumourMacrophage,0.193416666666662
24.9829,24.7132,antiTumourMacrophage,0.1791666666666635
22.2413,25.6222,antiTumourMacrophage,0.1100833333333353
18.9897,23.2409,antiTumourMacrophage,0.060416666666666
23.9542,25.9282,antiTumourMacrophage,0.1366666666666682
26.0225,24.1543,antiTumourMacrophage,0.1100833333333353
27.3306,24.0346,antiTumourMacrophage,0.0663333333333329
28.121,35.3056,antiTumourMacrophage,0.0
27.4581,17.9126,antiTumourMacrophage,0.0037499999999999
28.3782,29.4104,antiTumourMacrophage,0.02425
15.477,28.0226,antiTumourMacrophage,0.0
8.95794,21.6676,antiTumourMacrophage,0.0
18.0339,24.5389,antiTumourMacrophage,0.0419166666666665
10.6381,20.4282,antiTumourMacrophage,0.0
28.9805,15.7137,antiTumourMacrophage,0.0
18.1226,9.19902,antiTumourMacrophage,0.0
40.5865,25.0357,antiTumourMacrophage,0.0
40.2363,21.1323,antiTumourMacrophage,0.0
14.1231,37.0995,antiTumourMacrophage,0.0
