points_x,points_y,celltypes,phenotypes
26.3855,25.6586,antiTumourMacrophage,0.3486666666666449
26.9374,25.2563,antiTumourMacrophage,0.2459166666666562
23.7849,24.6442,antiTumourMacrophage,0.2799999999999858
26.263,24.2562,antiTumourMacrophage,0.0776666666666668
25.0351,31.3731,antiTumourMacrophage,0.0
