points_x,points_y,celltypes,phenotypes
26.8839,23.1318,antiTumourMacrophage,0.3840833333333077
24.8739,22.912,antiTumourMacrophage,0.4436666666666344
25.6427,24.1975,antiTumourMacrophage,0.4257499999999697
24.2677,24.7109,antiTumourMacrophage,0.2650833333333208
25.0009,27.0,antiTumourMacrophage,0.235083333333324
23.9802,25.7471,antiTumourMacrophage,0.347916666666645
24.0433,24.2756,antiTumourMacrophage,0.296249999999984
23.2779,26.9711,antiTumourMacrophage,0.3194166666666481
23.0561,25.4379,antiTumourMacrophage,0.2930833333333177
26.7686,24.6389,antiTumourMacrophage,0.2709999999999868
23.1467,22.9278,antiTumourMacrophage,0.2210833333333256
28.3267,29.0447,antiTumourMacrophage,0.0489166666666663
22.012,21.0382,antiTumourMacrophage,0.080416666666667
26.4808,21.5756,antiTumourMacrophage,0.0847500000000006
20.9285,18.0441,antiTumourMacrophage,0.0466666666666664
27.6707,19.6544,antiTumourMacrophage,0.0545833333333329
14.1144,26.0064,antiTumourMacrophage,0.0
36.5798,23.8601,antiTumourMacrophage,0.0
33.105,7.34659,antiTumourMacrophage,0.0
