points_x,points_y,celltypes,phenotypes
22.19,24.4343,antiTumourMacrophage,0.4913333333332959
23.0161,23.5792,antiTumourMacrophage,0.3930833333333067
26.7622,25.2463,antiTumourMacrophage,0.2780833333333193
24.1244,25.897,antiTumourMacrophage,0.2334999999999909
26.3785,25.6447,antiTumourMacrophage,0.2249999999999918
24.7425,25.2541,antiTumourMacrophage,0.1875833333333293
25.8972,26.1611,antiTumourMacrophage,0.1615833333333321
25.8016,25.7768,antiTumourMacrophage,0.115666666666669
25.2826,24.4545,antiTumourMacrophage,0.1211666666666693
25.7962,24.2135,antiTumourMacrophage,0.1233333333333361
25.6486,25.3146,antiTumourMacrophage,0.0689166666666663
40.8973,43.522,antiTumourMacrophage,0.0
