points_x,points_y,celltypes,phenotypes
24.5539,23.0118,antiTumourMacrophage,0.3825833333333078
22.1272,21.1675,antiTumourMacrophage,0.441499999999968
26.213,22.9318,antiTumourMacrophage,0.2002499999999945
25.0307,22.1701,antiTumourMacrophage,0.281083333333319
23.2773,22.632,antiTumourMacrophage,0.4169999999999707
23.9297,22.0921,antiTumourMacrophage,0.3486666666666449
23.9826,23.9854,antiTumourMacrophage,0.4524999999999668
20.9987,22.1639,antiTumourMacrophage,0.4667499999999652
19.6027,13.5434,antiTumourMacrophage,0.4965833333332953
18.1245,14.0105,antiTumourMacrophage,0.3834166666666411
20.9118,21.2308,antiTumourMacrophage,0.2437499999999897
22.4296,23.9606,antiTumourMacrophage,0.3973333333333062
22.0878,25.1068,antiTumourMacrophage,0.1429166666666675
28.9562,23.8946,antiTumourMacrophage,0.1395833333333345
18.71,25.2456,antiTumourMacrophage,0.1276666666666692
24.5884,20.8439,antiTumourMacrophage,0.3262499999999807
21.3309,15.9757,antiTumourMacrophage,0.4343333333333021
23.4785,20.8089,antiTumourMacrophage,0.2683333333333204
24.2921,25.4533,antiTumourMacrophage,0.2428333333333232
22.298,19.8397,antiTumourMacrophage,0.226583333333325
38.3671,32.2391,antiTumourMacrophage,0.0
20.8392,23.8346,antiTumourMacrophage,0.1823333333333298
21.7869,29.2827,antiTumourMacrophage,0.1345833333333351
19.7819,15.8392,antiTumourMacrophage,0.3213333333333146
18.3893,27.8508,antiTumourMacrophage,0.116416666666669
22.993,26.2173,antiTumourMacrophage,0.1632499999999986
35.5303,14.1985,antiTumourMacrophage,0.0
21.0694,25.8997,antiTumourMacrophage,0.1137500000000022
21.1893,26.9521,antiTumourMacrophage,0.1018333333333349
35.101,16.8035,antiTumourMacrophage,0.0
9.79138,30.506,antiTumourMacrophage,0.0
14.027,8.51142,antiTumourMacrophage,0.1075833333333352
11.189,10.8794,antiTumourMacrophage,0.0246666666666667
40.0791,13.8055,antiTumourMacrophage,0.0
19.7825,16.506,antiTumourMacrophage,0.1840833333333296
15.1545,21.1501,antiTumourMacrophage,0.0
9.63328,44.8929,antiTumourMacrophage,0.0
13.659,21.8946,antiTumourMacrophage,0.0
12.0414,22.0846,antiTumourMacrophage,0.0
9.12722,10.5088,antiTumourMacrophage,0.0
6.84185,9.18721,antiTumourMacrophage,0.0
10.3286,22.2624,antiTumourMacrophage,0.0
18.6606,16.3618,antiTumourMacrophage,0.0832500000000005
38.2359,35.0227,antiTumourMacrophage,0.0
17.7375,15.3873,antiTumourMacrophage,0.0729166666666666
11.5577,8.93523,antiTumourMacrophage,0.0036666666666666
29.7951,11.0618,antiTumourMacrophage,0.0
29.464,4.81517,antiTumourMacrophage,0.0
