points_x,points_y,celltypes,phenotypes
24.5427,23.4614,antiTumourMacrophage,0.4339999999999688
24.1876,24.1484,antiTumourMacrophage,0.359999999999977
23.1161,24.8773,antiTumourMacrophage,0.2259166666666584
26.3099,24.1568,antiTumourMacrophage,0.2084166666666603
25.7392,24.9883,antiTumourMacrophage,0.1230000000000027
28.7893,23.9092,antiTumourMacrophage,0.0173333333333333
