points_x,points_y,celltypes,phenotypes
29.1754,22.6794,antiTumourMacrophage,0.3952499999999731
19.8317,23.3476,antiTumourMacrophage,0.4879999999999629
18.2722,27.6141,antiTumourMacrophage,0.4894999999999627
18.1579,24.1083,antiTumourMacrophage,0.3717499999999757
25.4852,29.5864,antiTumourMacrophage,0.2909166666666513
32.969,18.8412,antiTumourMacrophage,0.0
32.0418,27.1595,antiTumourMacrophage,0.0215833333333333
26.3316,22.9977,antiTumourMacrophage,0.2585833333333215
25.6947,31.1648,antiTumourMacrophage,0.1281666666666691
27.5814,22.1776,antiTumourMacrophage,0.2104166666666601
37.5627,16.2201,antiTumourMacrophage,0.0
28.8651,18.6539,antiTumourMacrophage,0.0273333333333334
27.79,20.703,antiTumourMacrophage,0.1243333333333361
30.3784,33.7051,antiTumourMacrophage,0.0
25.749,34.6315,antiTumourMacrophage,0.0
30.7776,22.64,antiTumourMacrophage,0.3014166666666501
34.7369,27.8852,antiTumourMacrophage,0.0
30.1969,21.0546,antiTumourMacrophage,0.2560833333333218
17.4933,28.9389,antiTumourMacrophage,0.0131666666666666
35.7156,17.4582,antiTumourMacrophage,0.0
39.6732,7.26158,antiTumourMacrophage,0.0
34.7892,11.9681,antiTumourMacrophage,0.0
42.5636,12.929,antiTumourMacrophage,0.0
37.8686,29.6662,antiTumourMacrophage,0.0
6.82161,3.44536,antiTumourMacrophage,0.0
31.2494,36.8629,antiTumourMacrophage,0.0
31.1731,38.4792,antiTumourMacrophage,0.0
11.9373,11.9148,antiTumourMacrophage,0.0
19.2187,8.21912,antiTumourMacrophage,0.0
34.4212,41.6151,antiTumourMacrophage,0.0
9.89334,10.5648,antiTumourMacrophage,0.0
31.2854,41.3181,antiTumourMacrophage,0.0
29.9397,39.8077,antiTumourMacrophage,0.0
30.277,40.5863,antiTumourMacrophage,0.0
41.904,17.5173,antiTumourMacrophage,0.0
