points_x,points_y,celltypes,phenotypes
21.7576,20.406,antiTumourMacrophage,0.0
26.9176,22.4207,antiTumourMacrophage,0.4700833333332982
26.9162,22.9767,antiTumourMacrophage,0.4784999999999639
23.5341,22.4486,antiTumourMacrophage,0.4866666666666297
22.5356,23.4927,antiTumourMacrophage,0.4503333333333004
26.0883,25.0578,antiTumourMacrophage,0.4135833333333044
23.3777,24.7474,antiTumourMacrophage,0.4081666666666383
23.1954,22.9839,antiTumourMacrophage,0.3556666666666441
24.4443,25.4709,antiTumourMacrophage,0.2666666666666539
23.9769,27.1316,antiTumourMacrophage,0.2224999999999921
24.5054,26.768,antiTumourMacrophage,0.2004166666666612
25.2448,24.9953,antiTumourMacrophage,0.2037499999999941
25.7543,24.4708,antiTumourMacrophage,0.2091666666666602
25.1656,21.0088,antiTumourMacrophage,0.165916666666665
23.9844,26.4815,antiTumourMacrophage,0.1490000000000002
25.8846,20.4858,antiTumourMacrophage,0.1054166666666684
25.7429,23.7084,antiTumourMacrophage,0.1490833333333335
23.5415,25.3395,antiTumourMacrophage,0.1484166666666669
24.3131,22.9001,antiTumourMacrophage,0.1486666666666669
25.2248,26.8041,antiTumourMacrophage,0.0812500000000004
23.9888,23.0141,antiTumourMacrophage,0.0446666666666665
23.0592,16.6764,antiTumourMacrophage,0.0112499999999999
36.9927,34.6832,antiTumourMacrophage,0.0
35.4074,31.0288,antiTumourMacrophage,0.0
38.9037,34.7052,antiTumourMacrophage,0.0
