points_x,points_y,celltypes,phenotypes
24.0054,22.9464,antiTumourMacrophage,0.4846666666666299
25.6019,24.3947,antiTumourMacrophage,0.4074999999999718
23.7899,23.9264,antiTumourMacrophage,0.3084166666666493
24.0267,24.2162,antiTumourMacrophage,0.1591666666666657
25.997,23.0495,antiTumourMacrophage,0.0912500000000009
25.0097,25.7675,antiTumourMacrophage,0.1091666666666686
24.0218,24.7375,antiTumourMacrophage,0.0987500000000013
22.8346,28.2632,antiTumourMacrophage,0.02375
