points_x,points_y,celltypes,phenotypes
26.1827,23.4554,antiTumourMacrophage,0.0
27.0284,22.9507,antiTumourMacrophage,0.477749999999964
26.1843,23.9922,antiTumourMacrophage,0.2851666666666519
26.855,21.1478,antiTumourMacrophage,0.2879166666666516
26.532,21.4973,antiTumourMacrophage,0.2790833333333192
25.7282,23.7477,antiTumourMacrophage,0.2011666666666611
26.6333,22.6161,antiTumourMacrophage,0.1815833333333299
25.4745,23.4626,antiTumourMacrophage,0.1987499999999947
26.0041,25.0128,antiTumourMacrophage,0.1716666666666643
24.001,25.9363,antiTumourMacrophage,0.1001666666666681
25.0431,21.9874,antiTumourMacrophage,0.1047500000000017
24.8126,25.9876,antiTumourMacrophage,0.1005000000000014
23.9993,23.097,antiTumourMacrophage,0.0622499999999993
23.6464,21.9631,antiTumourMacrophage,0.0322500000000001
19.0071,28.8001,antiTumourMacrophage,0.01
22.2691,17.1825,antiTumourMacrophage,0.0
33.548,27.8615,antiTumourMacrophage,0.0
10.9229,21.6782,antiTumourMacrophage,0.0
20.7638,11.7034,antiTumourMacrophage,0.0
