points_x,points_y,celltypes,phenotypes
26.7224,28.153,antiTumourMacrophage,0.4376666666666351
29.9019,27.7716,antiTumourMacrophage,0.462333333333299
26.9589,25.5893,antiTumourMacrophage,0.4079999999999717
27.8373,25.8586,antiTumourMacrophage,0.3253333333333141
29.3155,27.3239,antiTumourMacrophage,0.4059999999999719
28.0316,28.001,antiTumourMacrophage,0.3395833333333126
29.1113,29.8967,antiTumourMacrophage,0.2892499999999848
26.7239,22.6835,antiTumourMacrophage,0.3645833333333098
24.0351,27.6702,antiTumourMacrophage,0.3994999999999726
26.6501,23.3562,antiTumourMacrophage,0.275416666666653
25.3231,25.8835,antiTumourMacrophage,0.3283333333333138
28.3304,25.808,antiTumourMacrophage,0.3664166666666429
24.9688,24.1827,antiTumourMacrophage,0.2182499999999926
24.2019,22.8597,antiTumourMacrophage,0.1726666666666642
35.8696,40.586,antiTumourMacrophage,0.1458333333333339
27.012,25.0698,antiTumourMacrophage,0.2414166666666567
25.4976,22.024,antiTumourMacrophage,0.1944999999999952
24.0189,26.012,antiTumourMacrophage,0.1818333333333299
29.3945,25.6224,antiTumourMacrophage,0.0995833333333347
23.535,24.9017,antiTumourMacrophage,0.1556666666666661
28.2971,28.5184,antiTumourMacrophage,0.1542499999999996
37.8185,40.943,antiTumourMacrophage,0.0
23.8395,31.6029,antiTumourMacrophage,0.0433333333333332
17.0331,19.6681,antiTumourMacrophage,0.0
21.3753,24.8192,antiTumourMacrophage,0.0757500000000001
33.0617,20.229,antiTumourMacrophage,0.0
27.3361,24.7118,antiTumourMacrophage,0.092250000000001
30.9636,33.526,antiTumourMacrophage,0.0579999999999994
22.061,33.9903,antiTumourMacrophage,0.0
20.95,35.7262,antiTumourMacrophage,0.0
9.47868,16.415,antiTumourMacrophage,0.0
37.5108,15.6201,antiTumourMacrophage,0.0
31.9149,37.4785,antiTumourMacrophage,0.0303333333333335
40.2102,19.424,antiTumourMacrophage,0.0
31.8552,0.792637,antiTumourMacrophage,0.0
