points_x,points_y,celltypes,phenotypes
23.0499,24.1489,antiTumourMacrophage,0.4477499999999673
24.0239,23.9191,antiTumourMacrophage,0.359749999999977
26.2922,22.9796,antiTumourMacrophage,0.2862499999999851
25.0749,26.5344,antiTumourMacrophage,0.386749999999974
26.2863,23.4528,antiTumourMacrophage,0.3530833333333111
24.3441,26.2663,antiTumourMacrophage,0.39291666666664
26.889,23.3086,antiTumourMacrophage,0.2738333333333198
24.4529,23.5136,antiTumourMacrophage,0.2704166666666535
23.0104,24.9175,antiTumourMacrophage,0.1819166666666632
25.9903,24.9357,antiTumourMacrophage,0.2364166666666572
25.3965,23.4543,antiTumourMacrophage,0.1989166666666613
22.9068,27.0881,antiTumourMacrophage,0.1854999999999962
22.4487,26.0592,antiTumourMacrophage,0.1665833333333316
23.2793,25.2772,antiTumourMacrophage,0.24174999999999
20.6333,27.5914,antiTumourMacrophage,0.1237500000000028
22.9417,26.6903,antiTumourMacrophage,0.1929999999999953
28.3299,22.0149,antiTumourMacrophage,0.0780000000000002
27.1332,22.9318,antiTumourMacrophage,0.1005833333333348
28.2005,23.9473,antiTumourMacrophage,0.0828333333333338
26.0667,25.8053,antiTumourMacrophage,0.1203333333333359
26.2633,25.2094,antiTumourMacrophage,0.1055000000000017
28.9449,20.3164,antiTumourMacrophage,0.0450833333333331
29.9958,22.4167,antiTumourMacrophage,0.0678333333333329
31.228,18.7572,antiTumourMacrophage,0.0408333333333332
30.7891,21.0319,antiTumourMacrophage,0.0446666666666665
35.6373,16.2973,antiTumourMacrophage,0.0
3.7711,25.3782,antiTumourMacrophage,0.0
10.2178,29.8162,antiTumourMacrophage,0.0127499999999999
44.6268,4.83316,antiTumourMacrophage,0.0
29.6599,42.7229,antiTumourMacrophage,0.0
