points_x,points_y,celltypes,phenotypes
24.1128,24.3576,antiTumourMacrophage,0.3452499999999786
26.0032,24.6416,antiTumourMacrophage,0.2709166666666535
24.6132,24.9238,antiTumourMacrophage,0.3029999999999833
20.0607,38.085,antiTumourMacrophage,0.0
