points_x,points_y,celltypes,phenotypes
25.0156,26.4844,antiTumourMacrophage,0.4011666666666391
26.5576,27.3111,antiTumourMacrophage,0.3442499999999787
25.9876,24.8024,antiTumourMacrophage,0.4219999999999702
25.9903,23.2506,antiTumourMacrophage,0.4371666666666352
24.4784,23.2398,antiTumourMacrophage,0.4858333333332965
23.5452,23.8361,antiTumourMacrophage,0.1929999999999953
26.7107,25.8073,antiTumourMacrophage,0.3869166666666407
21.5948,29.0673,antiTumourMacrophage,0.4165833333333041
21.7875,24.075,antiTumourMacrophage,0.4344999999999688
29.1093,30.1226,antiTumourMacrophage,0.0168333333333333
22.9349,26.0965,antiTumourMacrophage,0.2953333333333174
23.3133,29.2322,antiTumourMacrophage,0.1868333333333293
18.598,27.7761,antiTumourMacrophage,0.0114166666666666
20.836,24.7816,antiTumourMacrophage,0.0957500000000012
33.6854,33.6762,antiTumourMacrophage,0.0
28.9525,25.6621,antiTumourMacrophage,0.0787500000000002
22.8916,20.5336,antiTumourMacrophage,0.0628333333333327
27.3795,24.4165,antiTumourMacrophage,0.1802499999999967
18.0182,16.2663,antiTumourMacrophage,0.0
28.3183,22.6211,antiTumourMacrophage,0.0741666666666666
31.8183,25.9864,antiTumourMacrophage,0.0172499999999999
15.7238,40.3356,antiTumourMacrophage,0.0
14.8807,41.7223,antiTumourMacrophage,0.0
39.6654,38.4951,antiTumourMacrophage,0.0
37.7071,20.6902,antiTumourMacrophage,0.0
39.8024,15.2159,antiTumourMacrophage,0.0
