points_x,points_y,celltypes,phenotypes
24.993,25.4138,antiTumourMacrophage,0.2358333333333239
24.0537,24.1176,antiTumourMacrophage,0.104833333333335
22.9256,24.9481,antiTumourMacrophage,0.0980000000000013
20.3715,24.9569,antiTumourMacrophage,0.0928333333333343
25.2687,25.0483,antiTumourMacrophage,0.1104166666666687
23.6736,28.7053,antiTumourMacrophage,0.0540833333333329
21.6032,21.7825,antiTumourMacrophage,0.0430833333333332
12.0906,34.0548,antiTumourMacrophage,0.0
21.5819,20.0416,antiTumourMacrophage,0.0337500000000001
32.8582,42.575,antiTumourMacrophage,0.0
11.9847,38.6785,antiTumourMacrophage,0.0
