points_x,points_y,celltypes,phenotypes
26.7014,26.9729,antiTumourMacrophage,0.4803333333332971
26.4149,22.3813,antiTumourMacrophage,0.4309166666666358
24.7249,22.179,antiTumourMacrophage,0.4101666666666381
25.5677,21.5161,antiTumourMacrophage,0.2863333333333184
29.9935,24.1951,antiTumourMacrophage,0.450999999999967
27.3931,23.4064,antiTumourMacrophage,0.2949999999999841
25.0015,21.0145,antiTumourMacrophage,0.3137499999999821
18.7071,13.1665,antiTumourMacrophage,0.3634166666666433
28.5802,26.5114,antiTumourMacrophage,0.2424166666666566
21.234,17.2423,antiTumourMacrophage,0.2128333333333265
17.0172,11.0202,antiTumourMacrophage,0.3701666666666425
17.5317,10.8279,antiTumourMacrophage,0.3419166666666456
16.8108,10.7575,antiTumourMacrophage,0.3299999999999803
17.2207,11.2739,antiTumourMacrophage,0.2834166666666521
27.3599,26.4073,antiTumourMacrophage,0.2053333333333273
27.6624,25.7112,antiTumourMacrophage,0.1599166666666656
18.2319,10.0156,antiTumourMacrophage,0.3260833333333141
28.9806,25.6714,antiTumourMacrophage,0.1174166666666691
27.1227,26.9562,antiTumourMacrophage,0.1188333333333358
17.9622,9.58971,antiTumourMacrophage,0.2646666666666541
29.3041,24.745,antiTumourMacrophage,0.098666666666668
26.9582,23.0188,antiTumourMacrophage,0.0375833333333333
28.3865,27.025,antiTumourMacrophage,0.1111666666666687
29.3697,26.9998,antiTumourMacrophage,0.1025000000000016
28.7944,26.0824,antiTumourMacrophage,0.1245833333333361
17.5249,9.55184,antiTumourMacrophage,0.214249999999993
17.449,8.85663,antiTumourMacrophage,0.2149166666666596
29.5058,25.4548,antiTumourMacrophage,0.087083333333334
29.9919,25.8704,antiTumourMacrophage,0.1071666666666685
22.0034,25.0186,antiTumourMacrophage,0.0703333333333331
29.0261,27.0531,antiTumourMacrophage,0.0943333333333344
17.6002,11.5878,antiTumourMacrophage,0.1015000000000015
28.7894,26.8277,antiTumourMacrophage,0.0663333333333329
29.0303,27.5234,antiTumourMacrophage,0.0617499999999993
29.729,26.7288,antiTumourMacrophage,0.0459999999999998
16.0333,9.99312,antiTumourMacrophage,0.1136666666666689
29.7838,27.7234,antiTumourMacrophage,0.0172499999999999
16.9888,12.3781,antiTumourMacrophage,0.0333333333333334
24.4974,8.7814,antiTumourMacrophage,0.0
12.6689,18.8534,antiTumourMacrophage,0.0
38.1232,5.25242,antiTumourMacrophage,0.0
15.9515,14.1135,antiTumourMacrophage,0.0
30.3007,35.6932,antiTumourMacrophage,0.0
14.5206,9.42887,antiTumourMacrophage,0.0164166666666666
34.0831,39.986,antiTumourMacrophage,0.0
