points_x,points_y,celltypes,phenotypes
24.4954,22.5817,antiTumourMacrophage,0.4040833333333055
23.6978,23.3274,antiTumourMacrophage,0.4532499999999667
22.867,24.0726,antiTumourMacrophage,0.4303333333333026
25.3454,21.44,antiTumourMacrophage,0.4344999999999688
22.9594,24.7986,antiTumourMacrophage,0.3236666666666477
25.6087,25.9892,antiTumourMacrophage,0.2943333333333175
23.1934,25.239,antiTumourMacrophage,0.1197500000000025
25.3073,24.9885,antiTumourMacrophage,0.174666666666664
25.5278,20.5107,antiTumourMacrophage,0.186499999999996
24.1667,24.3969,antiTumourMacrophage,0.1910833333333289
23.8159,26.6324,antiTumourMacrophage,0.0831666666666671
25.6653,22.9844,antiTumourMacrophage,0.0847500000000006
23.5965,25.6123,antiTumourMacrophage,0.1046666666666683
27.469,24.2197,antiTumourMacrophage,0.0542499999999995
28.2698,20.5836,antiTumourMacrophage,0.0763333333333334
17.0699,22.5518,antiTumourMacrophage,0.0179166666666666
18.3096,29.0824,antiTumourMacrophage,0.0205
35.864,20.3348,antiTumourMacrophage,0.0008333333333333
27.0422,39.0286,antiTumourMacrophage,0.0
38.0216,19.8879,antiTumourMacrophage,0.0
34.5795,11.6674,antiTumourMacrophage,0.0019166666666666
27.3488,43.3386,antiTumourMacrophage,0.0
