points_x,points_y,celltypes,phenotypes
20.9424,26.9615,antiTumourMacrophage,0.4709999999999648
20.4301,26.439,antiTumourMacrophage,0.4284166666666361
19.9672,25.3599,antiTumourMacrophage,0.3508333333333113
19.632,24.8894,antiTumourMacrophage,0.3384999999999794
27.7747,23.771,antiTumourMacrophage,0.3759166666666419
22.4446,22.0528,antiTumourMacrophage,0.2483333333333226
24.0852,27.8869,antiTumourMacrophage,0.3609166666666435
27.0997,22.9283,antiTumourMacrophage,0.3985833333333061
24.945,21.9804,antiTumourMacrophage,0.313999999999982
19.0852,25.0493,antiTumourMacrophage,0.338416666666646
25.382,23.1654,antiTumourMacrophage,0.2807499999999857
19.9985,25.9816,antiTumourMacrophage,0.3037499999999832
20.2897,23.7127,antiTumourMacrophage,0.3082499999999827
19.7114,24.2391,antiTumourMacrophage,0.2774166666666527
27.8388,21.0199,antiTumourMacrophage,0.1879166666666626
26.992,24.9947,antiTumourMacrophage,0.1874166666666626
26.5895,22.7367,antiTumourMacrophage,0.2826666666666522
27.681,20.0996,antiTumourMacrophage,0.2579999999999882
27.7255,23.266,antiTumourMacrophage,0.2223333333333254
24.6547,26.3467,antiTumourMacrophage,0.2223333333333254
24.6153,27.3808,antiTumourMacrophage,0.2144166666666596
20.0071,23.9976,antiTumourMacrophage,0.1174166666666691
27.3992,22.6092,antiTumourMacrophage,0.097916666666668
20.3262,22.1882,antiTumourMacrophage,0.0579999999999994
27.9812,24.792,antiTumourMacrophage,0.0743333333333333
21.5392,27.5227,antiTumourMacrophage,0.0672499999999996
30.6364,18.0468,antiTumourMacrophage,0.0646666666666661
20.0164,35.8285,antiTumourMacrophage,0.0
37.6272,16.0995,antiTumourMacrophage,0.0467499999999997
21.5626,33.292,antiTumourMacrophage,0.0094166666666666
27.4386,30.7991,antiTumourMacrophage,0.0150833333333333
35.3558,16.1017,antiTumourMacrophage,0.0620833333333327
32.4751,33.6787,antiTumourMacrophage,0.0
36.031,31.9273,antiTumourMacrophage,0.0
20.1187,9.9124,antiTumourMacrophage,0.0
9.93295,9.15407,antiTumourMacrophage,0.0
36.6392,39.2169,antiTumourMacrophage,0.0
32.9027,41.6685,antiTumourMacrophage,0.0
46.3302,19.9063,antiTumourMacrophage,0.0
