points_x,points_y,celltypes,phenotypes
26.3171,24.5646,antiTumourMacrophage,0.3906666666666403
24.8139,22.9192,antiTumourMacrophage,0.4974166666666285
21.0927,24.9215,antiTumourMacrophage,0.4643333333332988
25.5935,25.9244,antiTumourMacrophage,0.4031666666666389
24.2854,23.939,antiTumourMacrophage,0.4681666666666317
24.6443,25.3708,antiTumourMacrophage,0.3589166666666438
24.2881,25.8554,antiTumourMacrophage,0.147666666666667
26.3877,23.0837,antiTumourMacrophage,0.1116666666666687
20.2324,21.3268,antiTumourMacrophage,0.0374166666666666
12.1848,16.2027,antiTumourMacrophage,0.0
13.565,14.0946,antiTumourMacrophage,0.0
6.05751,39.0385,antiTumourMacrophage,0.0
38.7153,36.5937,antiTumourMacrophage,0.0
35.4539,36.8289,antiTumourMacrophage,0.0
10.2482,32.9464,antiTumourMacrophage,0.0
