points_x,points_y,celltypes,phenotypes
25.0351,25.9302,antiTumourMacrophage,0.3339999999999798
24.46,25.979,antiTumourMacrophage,0.3515833333333112
23.4268,25.4388,antiTumourMacrophage,0.2413333333333233
25.9673,24.5325,antiTumourMacrophage,0.2055833333333273
23.5815,24.451,antiTumourMacrophage,0.1724166666666643
26.0075,25.2051,antiTumourMacrophage,0.069583333333333
27.8171,24.831,antiTumourMacrophage,0.0317500000000001
20.1885,16.4455,antiTumourMacrophage,0.0
9.78396,46.5321,antiTumourMacrophage,0.0
