points_x,points_y,celltypes,phenotypes
27.7508,20.227,antiTumourMacrophage,0.4883333333332962
21.1015,23.5238,antiTumourMacrophage,0.4616666666666325
25.7528,22.77,antiTumourMacrophage,0.3616666666666435
20.9948,24.987,antiTumourMacrophage,0.4408333333333014
37.5982,12.1893,antiTumourMacrophage,0.4739999999999644
24.3275,29.0265,antiTumourMacrophage,0.42299999999997
24.1899,21.0036,antiTumourMacrophage,0.3922499999999734
26.1658,21.5857,antiTumourMacrophage,0.3906666666666403
40.5957,13.1809,antiTumourMacrophage,0.4272499999999696
25.1256,28.8927,antiTumourMacrophage,0.3310833333333135
30.1519,19.8367,antiTumourMacrophage,0.3755833333333086
27.0044,27.003,antiTumourMacrophage,0.3229166666666477
23.3983,28.9988,antiTumourMacrophage,0.3215833333333145
37.6763,12.6794,antiTumourMacrophage,0.3581666666666439
23.0308,28.0378,antiTumourMacrophage,0.287499999999985
27.0209,22.0937,antiTumourMacrophage,0.2627499999999877
22.3638,26.4159,antiTumourMacrophage,0.263083333333321
38.5588,14.6525,antiTumourMacrophage,0.317333333333315
23.0373,27.1631,antiTumourMacrophage,0.2860833333333185
37.9956,11.9872,antiTumourMacrophage,0.2719999999999867
27.0001,26.3683,antiTumourMacrophage,0.2541666666666553
22.6415,26.8441,antiTumourMacrophage,0.1940833333333285
26.4401,22.4309,antiTumourMacrophage,0.1406666666666678
39.7875,13.2899,antiTumourMacrophage,0.2119999999999932
26.9167,22.6835,antiTumourMacrophage,0.0963333333333345
27.0509,23.0249,antiTumourMacrophage,0.1290833333333357
27.7593,20.6501,antiTumourMacrophage,0.1254166666666694
29.4726,19.9691,antiTumourMacrophage,0.0464999999999997
26.9819,25.092,antiTumourMacrophage,0.1155833333333356
25.5902,21.6039,antiTumourMacrophage,0.1146666666666689
27.5008,21.5838,antiTumourMacrophage,0.049833333333333
25.2445,21.1808,antiTumourMacrophage,0.061166666666666
40.1298,13.4133,antiTumourMacrophage,0.0901666666666675
19.9596,32.7648,antiTumourMacrophage,0.0
36.341,13.2962,antiTumourMacrophage,0.0135833333333333
47.5952,37.2916,antiTumourMacrophage,0.0
