points_x,points_y,celltypes,phenotypes
25.9919,24.0483,antiTumourMacrophage,0.3616666666666435
24.0679,24.0246,antiTumourMacrophage,0.3537499999999777
24.1235,25.0209,antiTumourMacrophage,0.1559999999999994
25.5139,24.3143,antiTumourMacrophage,0.135583333333335
22.7535,22.5483,antiTumourMacrophage,0.0568333333333328
25.8467,34.4586,antiTumourMacrophage,0.0
