points_x,points_y,celltypes,phenotypes
22.4087,23.4529,antiTumourMacrophage,0.3523333333333112
23.5454,24.84,antiTumourMacrophage,0.4735833333332978
26.3216,27.3958,antiTumourMacrophage,0.3611666666666435
26.5063,25.481,antiTumourMacrophage,0.4372499999999685
34.9216,24.7857,antiTumourMacrophage,0.4459166666666342
22.4273,27.7169,antiTumourMacrophage,0.2816666666666523
32.3958,23.1981,antiTumourMacrophage,0.323749999999981
27.3465,25.609,antiTumourMacrophage,0.2534999999999887
25.3753,26.4614,antiTumourMacrophage,0.456666666666633
27.73,25.0025,antiTumourMacrophage,0.4084166666666383
27.135,23.8573,antiTumourMacrophage,0.3942499999999732
24.0873,26.9371,antiTumourMacrophage,0.3798333333333081
27.9524,28.0413,antiTumourMacrophage,0.1849166666666629
35.26,23.3601,antiTumourMacrophage,0.2456666666666562
21.5165,25.8712,antiTumourMacrophage,0.3053333333333163
28.2154,21.8099,antiTumourMacrophage,0.2423333333333232
20.7561,24.417,antiTumourMacrophage,0.280833333333319
43.9612,23.8045,antiTumourMacrophage,0.3801666666666414
28.3654,19.6089,antiTumourMacrophage,0.2197499999999924
33.719,37.0254,antiTumourMacrophage,0.0
15.223,33.9075,antiTumourMacrophage,0.0
19.7891,20.0222,antiTumourMacrophage,0.068083333333333
14.3463,20.0164,antiTumourMacrophage,0.0
18.9713,25.8474,antiTumourMacrophage,0.0923333333333343
16.7058,25.3473,antiTumourMacrophage,0.0659166666666662
23.5396,13.7482,antiTumourMacrophage,0.0
34.6723,15.3972,antiTumourMacrophage,0.0
12.4225,19.0335,antiTumourMacrophage,0.0
34.5525,28.5562,antiTumourMacrophage,0.0411666666666665
29.1135,35.2393,antiTumourMacrophage,0.0
16.9588,14.8879,antiTumourMacrophage,0.0
44.7359,22.1325,antiTumourMacrophage,0.0915000000000009
6.29207,15.8178,antiTumourMacrophage,0.0
46.1489,29.2744,antiTumourMacrophage,0.0
13.5203,42.6398,antiTumourMacrophage,0.0
10.6432,14.5756,antiTumourMacrophage,0.0
41.9438,15.1861,antiTumourMacrophage,0.0
7.60463,30.8182,antiTumourMacrophage,0.0
37.1903,23.1751,antiTumourMacrophage,0.0738333333333333
4.5052,4.27763,antiTumourMacrophage,0.0
