points_x,points_y,celltypes,phenotypes
25.5503,24.5444,antiTumourMacrophage,0.4269166666666363
25.1338,26.1623,antiTumourMacrophage,0.3618333333333101
24.6364,23.3963,antiTumourMacrophage,0.2986666666666504
24.0098,26.0037,antiTumourMacrophage,0.1767499999999971
25.3994,23.1328,antiTumourMacrophage,0.086583333333334
