points_x,points_y,celltypes,phenotypes
27.8749,21.537,antiTumourMacrophage,0.4948333333332955
24.3303,21.5494,antiTumourMacrophage,0.496249999999962
26.9503,24.7421,antiTumourMacrophage,0.4974166666666285
25.804,23.5278,antiTumourMacrophage,0.4544999999999666
26.5839,21.2084,antiTumourMacrophage,0.4275833333333029
24.0653,22.7244,antiTumourMacrophage,0.3227499999999811
23.433,23.1236,antiTumourMacrophage,0.2904166666666513
27.9667,22.8531,antiTumourMacrophage,0.3480833333333116
26.3692,20.7914,antiTumourMacrophage,0.4332499999999689
24.8902,24.1472,antiTumourMacrophage,0.3983333333333061
24.6509,22.4446,antiTumourMacrophage,0.3474999999999784
27.693,24.319,antiTumourMacrophage,0.3243333333333142
26.3388,26.1484,antiTumourMacrophage,0.1152500000000023
28.0091,20.0161,antiTumourMacrophage,0.2105833333333267
25.3224,25.3568,antiTumourMacrophage,0.2974999999999839
23.3099,25.7923,antiTumourMacrophage,0.1187500000000025
20.5016,29.7226,antiTumourMacrophage,0.0464166666666664
27.9951,17.9363,antiTumourMacrophage,0.1387500000000013
22.9935,24.3504,antiTumourMacrophage,0.1536666666666663
32.3704,16.1136,antiTumourMacrophage,0.0315000000000001
21.4656,32.6118,antiTumourMacrophage,0.0206666666666667
32.4673,19.9123,antiTumourMacrophage,0.0548333333333328
22.1264,30.1948,antiTumourMacrophage,0.0406666666666666
20.1545,36.3556,antiTumourMacrophage,0.0
35.7173,28.5247,antiTumourMacrophage,0.0
14.4128,45.2046,antiTumourMacrophage,0.0
43.9413,21.8222,antiTumourMacrophage,0.0
13.2163,46.6058,antiTumourMacrophage,0.0
30.5189,11.9416,antiTumourMacrophage,0.0265833333333334
8.14179,10.7427,antiTumourMacrophage,0.0
