points_x,points_y,celltypes,phenotypes
26.0057,24.0075,antiTumourMacrophage,0.3634166666666433
27.552,24.7657,antiTumourMacrophage,0.4494166666666338
25.945,25.5282,antiTumourMacrophage,0.3950833333333065
24.4932,26.2664,antiTumourMacrophage,0.2669166666666539
29.791,23.4353,antiTumourMacrophage,0.2523333333333222
24.2367,22.9524,antiTumourMacrophage,0.3511666666666446
28.8132,28.5668,antiTumourMacrophage,0.1775833333333304
21.6199,18.762,antiTumourMacrophage,0.0514999999999996
30.536,28.6631,antiTumourMacrophage,0.0953333333333345
29.4057,26.893,antiTumourMacrophage,0.1491666666666668
22.8772,23.8136,antiTumourMacrophage,0.1854999999999962
35.0638,32.0622,antiTumourMacrophage,0.0
20.3203,23.3091,antiTumourMacrophage,0.1478333333333336
26.9054,28.5404,antiTumourMacrophage,0.1493333333333335
17.5506,22.0356,antiTumourMacrophage,0.0300000000000001
35.2385,27.959,antiTumourMacrophage,0.0
34.7867,22.4352,antiTumourMacrophage,0.0125833333333333
39.5677,12.8313,antiTumourMacrophage,0.0
7.49081,38.3694,antiTumourMacrophage,0.0
42.492,30.0846,antiTumourMacrophage,0.0
29.2063,40.4081,antiTumourMacrophage,0.0
45.0498,23.1146,antiTumourMacrophage,0.0
5.64195,40.6246,antiTumourMacrophage,0.0
