points_x,points_y,celltypes,phenotypes
25.5869,24.1907,antiTumourMacrophage,0.474666666666631
24.8524,24.7107,antiTumourMacrophage,0.2077499999999937
23.9548,23.994,antiTumourMacrophage,0.1347500000000017
21.6197,23.2556,antiTumourMacrophage,0.0146666666666666
44.4426,20.2154,antiTumourMacrophage,0.0
