points_x,points_y,celltypes,phenotypes
25.6879,23.6554,antiTumourMacrophage,0.3424166666666456
25.1873,24.7407,antiTumourMacrophage,0.3344999999999798
24.3214,24.6128,antiTumourMacrophage,0.3118333333333156
22.9253,23.097,antiTumourMacrophage,0.0305000000000001
