points_x,points_y,celltypes,phenotypes
26.2883,24.1265,antiTumourMacrophage,0.3252499999999808
24.3191,24.0024,antiTumourMacrophage,0.1860833333333294
25.856,24.0435,antiTumourMacrophage,0.2027499999999943
