points_x,points_y,celltypes,phenotypes
24.8607,24.2916,antiTumourMacrophage,0.1761666666666639
28.2922,21.5306,antiTumourMacrophage,0.0454166666666664
29.2711,25.6627,antiTumourMacrophage,0.0229166666666667
