points_x,points_y,celltypes,phenotypes
26.5633,23.7008,antiTumourMacrophage,0.2601666666666546
26.0171,24.7341,antiTumourMacrophage,0.2251666666666585
24.3004,25.7035,antiTumourMacrophage,0.2279166666666582
24.741,25.2812,antiTumourMacrophage,0.216833333333326
25.8557,23.838,antiTumourMacrophage,0.1647499999999984
25.2589,23.3116,antiTumourMacrophage,0.159999999999999
16.9998,31.9914,antiTumourMacrophage,0.0
