points_x,points_y,celltypes,phenotypes
21.4816,25.4863,antiTumourMacrophage,0.4537499999999667
22.8958,23.0732,antiTumourMacrophage,0.3858333333333075
27.4799,24.5063,antiTumourMacrophage,0.3468333333333118
23.2931,22.7131,antiTumourMacrophage,0.3634166666666433
26.1975,25.466,antiTumourMacrophage,0.3169999999999817
22.332,24.2496,antiTumourMacrophage,0.1997499999999946
24.6547,25.2212,antiTumourMacrophage,0.1935833333333286
24.7698,23.0827,antiTumourMacrophage,0.2029999999999942
22.0187,24.4539,antiTumourMacrophage,0.2314166666666578
22.4782,25.4203,antiTumourMacrophage,0.2029166666666609
25.0016,22.6524,antiTumourMacrophage,0.1617499999999988
24.0615,26.1031,antiTumourMacrophage,0.165666666666665
20.833,22.7572,antiTumourMacrophage,0.0701666666666664
20.4961,26.778,antiTumourMacrophage,0.048833333333333
27.3692,26.0837,antiTumourMacrophage,0.068083333333333
34.6107,13.5141,antiTumourMacrophage,0.0
22.8813,42.0553,antiTumourMacrophage,0.0
37.7566,34.2873,antiTumourMacrophage,0.0
29.7444,38.0811,antiTumourMacrophage,0.0
30.0778,40.6756,antiTumourMacrophage,0.0
14.8177,5.38016,antiTumourMacrophage,0.0
30.1146,43.7831,antiTumourMacrophage,0.0
46.1776,44.2137,antiTumourMacrophage,0.0
