points_x,points_y,celltypes,phenotypes
24.8171,23.5574,antiTumourMacrophage,0.33274999999998
23.7519,23.2481,antiTumourMacrophage,0.462833333333299
25.5604,22.376,antiTumourMacrophage,0.4199166666666371
24.8104,24.7773,antiTumourMacrophage,0.3582499999999772
23.0737,20.8935,antiTumourMacrophage,0.4525833333333001
26.2619,21.5242,antiTumourMacrophage,0.4984166666666284
27.9257,18.9139,antiTumourMacrophage,0.0930833333333344
23.6067,22.2384,antiTumourMacrophage,0.4357499999999686
26.4613,24.5425,antiTumourMacrophage,0.2713333333333201
23.3917,23.6415,antiTumourMacrophage,0.3829999999999744
25.6097,19.7141,antiTumourMacrophage,0.226333333333325
24.277,20.3593,antiTumourMacrophage,0.3521666666666445
26.9715,21.4655,antiTumourMacrophage,0.1266666666666693
26.0631,23.0687,antiTumourMacrophage,0.2805833333333191
23.7069,25.4016,antiTumourMacrophage,0.2334999999999909
27.7538,24.1786,antiTumourMacrophage,0.1950833333333284
27.0236,27.445,antiTumourMacrophage,0.097916666666668
22.3636,25.8479,antiTumourMacrophage,0.2099999999999935
23.1663,23.1741,antiTumourMacrophage,0.2940833333333176
22.6067,24.3431,antiTumourMacrophage,0.1992499999999946
27.3282,22.5647,antiTumourMacrophage,0.2387499999999903
29.2291,32.0342,antiTumourMacrophage,0.0
35.045,13.9843,antiTumourMacrophage,0.0
21.1852,29.2272,antiTumourMacrophage,0.1155000000000023
23.8296,31.4032,antiTumourMacrophage,0.0533333333333329
24.1846,19.6904,antiTumourMacrophage,0.1936666666666619
21.6688,21.3333,antiTumourMacrophage,0.2031666666666609
26.7736,28.916,antiTumourMacrophage,0.050833333333333
24.0335,18.4412,antiTumourMacrophage,0.1688333333333313
22.5008,19.6478,antiTumourMacrophage,0.1690833333333313
43.5841,9.85982,antiTumourMacrophage,0.0
29.4587,28.9133,antiTumourMacrophage,0.024
37.4638,11.0145,antiTumourMacrophage,0.0
24.0225,15.8522,antiTumourMacrophage,0.1151666666666689
22.1956,17.9479,antiTumourMacrophage,0.1395833333333345
24.9615,14.0041,antiTumourMacrophage,0.0694166666666664
23.7021,40.3873,antiTumourMacrophage,0.0
26.0171,12.8363,antiTumourMacrophage,0.0257500000000001
38.8691,44.3362,antiTumourMacrophage,0.0
46.2478,5.34567,antiTumourMacrophage,0.0
45.185,28.6538,antiTumourMacrophage,0.0
8.80891,36.3522,antiTumourMacrophage,0.0
46.8813,29.0768,antiTumourMacrophage,0.0
4.6618,23.8541,antiTumourMacrophage,0.0
