points_x,points_y,celltypes,phenotypes
22.3451,21.6152,antiTumourMacrophage,0.4955833333332954
21.8211,22.0114,antiTumourMacrophage,0.4066666666666385
19.9809,23.5984,antiTumourMacrophage,0.4469166666666341
24.8295,27.1754,antiTumourMacrophage,0.4267499999999696
20.2753,26.8364,antiTumourMacrophage,0.3970833333333062
24.1382,26.2452,antiTumourMacrophage,0.3916666666666402
26.0449,21.9841,antiTumourMacrophage,0.3320833333333134
21.9875,23.2684,antiTumourMacrophage,0.3717499999999757
22.0115,28.0119,antiTumourMacrophage,0.3592499999999771
21.0311,21.9647,antiTumourMacrophage,0.3558333333333108
23.9873,27.9779,antiTumourMacrophage,0.2973333333333172
20.8993,26.9041,antiTumourMacrophage,0.2768333333333195
20.2862,26.273,antiTumourMacrophage,0.2791666666666526
27.8336,23.8282,antiTumourMacrophage,0.2039166666666608
21.569,27.5815,antiTumourMacrophage,0.186749999999996
28.0134,25.981,antiTumourMacrophage,0.1934999999999953
24.9754,23.8164,antiTumourMacrophage,0.1859999999999961
26.9646,22.9842,antiTumourMacrophage,0.2074999999999937
23.1296,28.0105,antiTumourMacrophage,0.1819999999999965
25.4807,26.9164,antiTumourMacrophage,0.208333333333327
25.6019,25.597,antiTumourMacrophage,0.1954166666666617
25.0059,22.9919,antiTumourMacrophage,0.1664166666666649
20.0437,25.4486,antiTumourMacrophage,0.1660833333333316
27.9791,24.3551,antiTumourMacrophage,0.1009166666666681
20.001,24.1496,antiTumourMacrophage,0.1123333333333354
27.3637,25.9321,antiTumourMacrophage,0.0588333333333327
25.6563,22.7163,antiTumourMacrophage,0.0785000000000002
25.0024,21.8883,antiTumourMacrophage,0.0214166666666667
13.8574,32.6105,antiTumourMacrophage,0.0
23.1651,21.0546,antiTumourMacrophage,0.0308333333333335
16.2642,30.3601,antiTumourMacrophage,0.0
17.6366,30.3282,antiTumourMacrophage,0.0046666666666666
39.5414,18.9361,antiTumourMacrophage,0.0
12.9,12.0474,antiTumourMacrophage,0.0
3.73022,28.1944,antiTumourMacrophage,0.0
