points_x,points_y,celltypes,phenotypes
23.2196,27.2669,antiTumourMacrophage,0.4922499999999624
28.7014,24.8954,antiTumourMacrophage,0.4729999999999645
21.6288,25.6176,antiTumourMacrophage,0.4869166666666297
27.9974,23.2334,antiTumourMacrophage,0.4164999999999708
21.9999,23.4635,antiTumourMacrophage,0.4477499999999673
30.89,26.9994,antiTumourMacrophage,0.4526666666666334
27.3044,23.8126,antiTumourMacrophage,0.314749999999982
28.4085,24.5951,antiTumourMacrophage,0.2914999999999845
27.006,26.997,antiTumourMacrophage,0.3055833333333163
29.2959,26.9816,antiTumourMacrophage,0.3036666666666499
28.1081,26.9914,antiTumourMacrophage,0.2865833333333184
25.9969,22.4896,antiTumourMacrophage,0.2162499999999928
22.5804,23.047,antiTumourMacrophage,0.2325833333333243
24.349,27.6364,antiTumourMacrophage,0.2341666666666575
21.2329,25.2535,antiTumourMacrophage,0.2299166666666579
26.1868,21.9768,antiTumourMacrophage,0.2108333333333267
39.2641,26.7385,antiTumourMacrophage,0.1778333333333303
42.1899,25.7948,antiTumourMacrophage,0.2093333333333269
21.2722,24.7506,antiTumourMacrophage,0.1184166666666691
42.5764,25.9938,antiTumourMacrophage,0.0836666666666672
22.4972,26.5202,antiTumourMacrophage,0.0882500000000008
27.1049,26.1218,antiTumourMacrophage,0.0677499999999996
40.1683,26.2292,antiTumourMacrophage,0.1190833333333358
20.7723,26.1485,antiTumourMacrophage,0.0399166666666666
22.2407,24.3423,antiTumourMacrophage,0.0762500000000001
29.3903,26.0789,antiTumourMacrophage,0.0349166666666667
35.5188,20.5217,antiTumourMacrophage,0.0
23.8534,32.8913,antiTumourMacrophage,0.0081666666666666
40.3044,26.7656,antiTumourMacrophage,0.0414166666666665
30.2774,34.6292,antiTumourMacrophage,0.0
6.25655,37.6411,antiTumourMacrophage,0.0
