points_x,points_y,celltypes,phenotypes
25.1736,22.9089,antiTumourMacrophage,0.4304166666666359
27.0495,26.4638,antiTumourMacrophage,0.4553333333332998
25.3559,23.2928,antiTumourMacrophage,0.4544999999999666
26.8069,25.1989,antiTumourMacrophage,0.4253333333333031
26.5571,22.5834,antiTumourMacrophage,0.3676666666666428
25.7296,22.6046,antiTumourMacrophage,0.1877499999999959
24.5508,27.001,antiTumourMacrophage,0.2503333333333224
27.1157,24.7758,antiTumourMacrophage,0.3324166666666467
25.0889,26.9955,antiTumourMacrophage,0.2444166666666563
26.7582,24.3407,antiTumourMacrophage,0.3150833333333153
23.7115,25.7032,antiTumourMacrophage,0.1747499999999973
26.9942,23.4135,antiTumourMacrophage,0.1947499999999951
24.6781,23.3492,antiTumourMacrophage,0.235333333333324
23.1228,24.2852,antiTumourMacrophage,0.2288333333333247
23.3693,25.9418,antiTumourMacrophage,0.1084166666666686
18.9093,25.1428,antiTumourMacrophage,0.0313333333333335
30.2203,28.2323,antiTumourMacrophage,0.0122499999999999
40.3825,33.4393,antiTumourMacrophage,0.0
17.4015,26.3529,antiTumourMacrophage,0.0
19.1463,13.4283,antiTumourMacrophage,0.0
29.7484,6.75286,antiTumourMacrophage,0.0
12.444,27.4454,antiTumourMacrophage,0.0
7.32911,34.6108,antiTumourMacrophage,0.0
38.6849,13.3772,antiTumourMacrophage,0.0
32.1684,37.1535,antiTumourMacrophage,0.0
34.2642,40.2133,antiTumourMacrophage,0.0
4.73928,3.69386,antiTumourMacrophage,0.0
6.34137,13.0868,antiTumourMacrophage,0.0
