points_x,points_y,celltypes,phenotypes
22.0756,30.8427,antiTumourMacrophage,0.3941666666666399
26.915,23.9968,antiTumourMacrophage,0.4054166666666386
20.9999,26.9845,antiTumourMacrophage,0.2909999999999846
26.3749,27.3171,antiTumourMacrophage,0.2494999999999891
23.7682,24.6916,antiTumourMacrophage,0.357166666666644
27.6528,28.4135,antiTumourMacrophage,0.4776666666666307
25.6165,23.6455,antiTumourMacrophage,0.2834999999999854
26.6158,23.054,antiTumourMacrophage,0.3089999999999826
22.5531,28.9464,antiTumourMacrophage,0.4866666666666297
27.8362,22.6834,antiTumourMacrophage,0.214249999999993
26.354,21.8902,antiTumourMacrophage,0.2761666666666529
25.029,27.5664,antiTumourMacrophage,0.2058333333333273
20.0589,28.1507,antiTumourMacrophage,0.1401666666666678
29.7235,23.815,antiTumourMacrophage,0.1191666666666692
18.5224,30.3411,antiTumourMacrophage,0.0484166666666664
26.0448,20.3115,antiTumourMacrophage,0.2204999999999923
24.622,22.6264,antiTumourMacrophage,0.2615833333333212
25.879,25.2947,antiTumourMacrophage,0.2411666666666567
27.614,20.1826,antiTumourMacrophage,0.1697499999999979
28.034,30.6487,antiTumourMacrophage,0.0544166666666662
25.6015,28.9903,antiTumourMacrophage,0.1649999999999984
20.9963,25.2585,antiTumourMacrophage,0.0954166666666678
28.7631,16.3336,antiTumourMacrophage,0.0545833333333329
30.4561,21.1243,antiTumourMacrophage,0.0669166666666662
20.4476,30.8666,antiTumourMacrophage,0.1877499999999959
16.7299,41.1582,antiTumourMacrophage,0.0
38.6098,21.717,antiTumourMacrophage,0.0
11.6327,18.648,antiTumourMacrophage,0.0
28.3146,32.9166,antiTumourMacrophage,0.0340833333333334
20.2875,39.1092,antiTumourMacrophage,0.0
13.7956,43.7138,antiTumourMacrophage,0.0
34.2149,27.3352,antiTumourMacrophage,0.0
29.145,14.4486,antiTumourMacrophage,0.0069166666666666
14.9886,36.5159,antiTumourMacrophage,0.0
25.8353,41.5213,antiTumourMacrophage,0.0
13.465,30.1392,antiTumourMacrophage,0.0
11.2765,27.0404,antiTumourMacrophage,0.0
43.6069,44.822,antiTumourMacrophage,0.0
9.36419,48.7324,antiTumourMacrophage,0.0
8.11368,26.9988,antiTumourMacrophage,0.0
8.76707,31.2313,antiTumourMacrophage,0.0
2.67105,39.7639,antiTumourMacrophage,0.0
27.4355,10.5925,antiTumourMacrophage,0.0
40.0008,6.8479,antiTumourMacrophage,0.0
48.0334,19.0305,antiTumourMacrophage,0.0
7.26687,49.0587,antiTumourMacrophage,0.0
