points_x,points_y,celltypes,phenotypes
27.0139,24.8248,antiTumourMacrophage,0.1694166666666646
23.4193,24.5827,antiTumourMacrophage,0.1277500000000025
24.1768,24.1445,antiTumourMacrophage,0.0330000000000001
25.1737,25.8201,antiTumourMacrophage,0.0282500000000001
26.0727,25.9126,antiTumourMacrophage,0.0416666666666665
26.7093,25.2296,antiTumourMacrophage,0.0257500000000001
