points_x,points_y,celltypes,phenotypes
24.0623,25.5056,antiTumourMacrophage,0.469249999999965
25.478,24.6652,antiTumourMacrophage,0.4329999999999689
23.1589,22.9824,antiTumourMacrophage,0.2485833333333225
23.1069,24.4009,antiTumourMacrophage,0.3095833333333159
26.2884,25.6392,antiTumourMacrophage,0.2726666666666533
23.6223,25.1708,antiTumourMacrophage,0.2214166666666589
22.7049,26.2967,antiTumourMacrophage,0.3966666666666396
26.8606,24.2271,antiTumourMacrophage,0.2074999999999937
21.7779,24.4752,antiTumourMacrophage,0.1772499999999971
24.0292,27.01,antiTumourMacrophage,0.2935833333333176
26.3068,28.3412,antiTumourMacrophage,0.3954166666666397
24.9945,22.8447,antiTumourMacrophage,0.257166666666655
26.2111,27.7413,antiTumourMacrophage,0.3248333333333142
24.6506,23.3173,antiTumourMacrophage,0.2638333333333209
27.2523,25.629,antiTumourMacrophage,0.1952499999999951
24.9356,27.8315,antiTumourMacrophage,0.1953333333333284
29.5779,29.3203,antiTumourMacrophage,0.0888333333333341
28.044,25.1654,antiTumourMacrophage,0.1329166666666686
20.4733,15.3169,antiTumourMacrophage,0.0
24.364,28.3737,antiTumourMacrophage,0.1784166666666636
26.8628,30.6012,antiTumourMacrophage,0.0724999999999999
35.3472,18.1366,antiTumourMacrophage,0.0
12.1265,19.8346,antiTumourMacrophage,0.0
38.3846,36.5143,antiTumourMacrophage,0.0
13.2308,27.7164,antiTumourMacrophage,0.0
11.3803,27.9172,antiTumourMacrophage,0.0
17.5937,37.8007,antiTumourMacrophage,0.0
39.3966,14.5983,antiTumourMacrophage,0.0
24.9651,9.85453,antiTumourMacrophage,0.0
30.0573,37.3437,antiTumourMacrophage,0.0
26.1856,34.7125,antiTumourMacrophage,0.0055
14.7201,28.4025,antiTumourMacrophage,0.0
32.1408,30.057,antiTumourMacrophage,0.0004166666666666
37.2704,8.15264,antiTumourMacrophage,0.0
21.9633,37.551,antiTumourMacrophage,0.0
34.553,15.3737,antiTumourMacrophage,0.0
41.5097,3.16238,antiTumourMacrophage,0.0
27.2896,40.5057,antiTumourMacrophage,0.0
7.92381,43.8859,antiTumourMacrophage,0.0
36.0666,12.8419,antiTumourMacrophage,0.0
34.6135,13.732,antiTumourMacrophage,0.0
18.894,7.44547,antiTumourMacrophage,0.0
31.1227,43.7081,antiTumourMacrophage,0.0
