points_x,points_y,celltypes,phenotypes
23.7468,24.3909,antiTumourMacrophage,0.4269999999999696
21.9784,25.8096,antiTumourMacrophage,0.4406666666666348
24.4132,25.9367,antiTumourMacrophage,0.4468333333333008
24.1855,23.8169,antiTumourMacrophage,0.3509166666666446
23.2201,26.7151,antiTumourMacrophage,0.4329166666666356
25.9877,23.0008,antiTumourMacrophage,0.3866666666666407
29.6858,26.1645,antiTumourMacrophage,0.3840833333333077
24.0045,28.006,antiTumourMacrophage,0.2994166666666503
26.6327,25.5421,antiTumourMacrophage,0.3326666666666467
28.8179,27.1767,antiTumourMacrophage,0.3264166666666473
24.0635,22.0018,antiTumourMacrophage,0.2899166666666514
25.476,21.5671,antiTumourMacrophage,0.2343333333333241
21.4561,23.486,antiTumourMacrophage,0.1889999999999958
26.615,27.3795,antiTumourMacrophage,0.2163333333333261
21.9957,27.1077,antiTumourMacrophage,0.1674166666666648
26.6252,21.8051,antiTumourMacrophage,0.171833333333331
27.6855,25.6581,antiTumourMacrophage,0.1669999999999982
28.898,22.8974,antiTumourMacrophage,0.0795000000000003
27.3166,20.6805,antiTumourMacrophage,0.0398333333333333
31.6579,27.3305,antiTumourMacrophage,0.049833333333333
16.1509,45.6031,antiTumourMacrophage,0.0
40.5804,12.7713,antiTumourMacrophage,0.0
