points_x,points_y,celltypes,phenotypes
27.5109,24.5286,antiTumourMacrophage,0.4908333333332959
23.0838,23.5959,antiTumourMacrophage,0.4806666666666304
22.7326,24.9102,antiTumourMacrophage,0.4486666666666339
23.8183,25.5578,antiTumourMacrophage,0.4835833333332967
24.684,24.6206,antiTumourMacrophage,0.4489999999999672
23.0735,24.3302,antiTumourMacrophage,0.4133333333333044
23.6586,26.2741,antiTumourMacrophage,0.4231666666666367
25.0771,23.0045,antiTumourMacrophage,0.4202499999999703
26.8618,22.8257,antiTumourMacrophage,0.3974999999999729
26.9949,25.8386,antiTumourMacrophage,0.3731666666666422
26.1487,27.021,antiTumourMacrophage,0.2202499999999923
25.1551,22.0479,antiTumourMacrophage,0.1421666666666676
26.4497,26.0958,antiTumourMacrophage,0.1582499999999992
25.2966,27.0223,antiTumourMacrophage,0.1146666666666689
23.3971,24.0214,antiTumourMacrophage,0.1170833333333357
23.4148,27.001,antiTumourMacrophage,0.1210833333333359
23.2502,25.5647,antiTumourMacrophage,0.0807500000000003
22.6534,21.9401,antiTumourMacrophage,0.0339166666666667
20.5908,18.6192,antiTumourMacrophage,0.0403333333333332
26.7477,29.2055,antiTumourMacrophage,0.0149166666666666
34.6731,25.3216,antiTumourMacrophage,0.0
11.6137,29.1931,antiTumourMacrophage,0.0
15.2657,9.05151,antiTumourMacrophage,0.0
14.1305,6.82527,antiTumourMacrophage,0.0
