points_x,points_y,celltypes,phenotypes
26.993,24.8465,antiTumourMacrophage,0.4209166666666369
26.0077,26.3651,antiTumourMacrophage,0.4441666666666344
24.4109,26.23,antiTumourMacrophage,0.4243333333333032
26.958,23.4234,antiTumourMacrophage,0.3163333333333151
23.2498,24.9376,antiTumourMacrophage,0.2049166666666607
25.9971,23.778,antiTumourMacrophage,0.138916666666668
25.6539,25.9997,antiTumourMacrophage,0.0795000000000003
29.4775,15.2566,antiTumourMacrophage,0.0
32.4143,28.3291,antiTumourMacrophage,0.0
