points_x,points_y,celltypes,phenotypes
27.5208,24.4398,antiTumourMacrophage,0.478249999999964
27.4029,23.8975,antiTumourMacrophage,0.4182499999999706
20.875,24.2087,antiTumourMacrophage,0.4099999999999715
26.8064,26.1947,antiTumourMacrophage,0.3243333333333142
25.3468,26.575,antiTumourMacrophage,0.3245833333333142
28.0145,25.2559,antiTumourMacrophage,0.2791666666666526
24.9916,24.7895,antiTumourMacrophage,0.3264999999999807
20.0067,24.4271,antiTumourMacrophage,0.2084999999999936
28.1481,22.9624,antiTumourMacrophage,0.3312499999999801
28.2345,24.3383,antiTumourMacrophage,0.3040833333333165
28.609,24.729,antiTumourMacrophage,0.3406666666666458
27.2523,26.7389,antiTumourMacrophage,0.1815833333333299
21.731,22.2672,antiTumourMacrophage,0.2014999999999944
27.1872,23.0845,antiTumourMacrophage,0.2569999999999883
21.2402,25.7913,antiTumourMacrophage,0.1172500000000024
20.3523,25.9502,antiTumourMacrophage,0.1478333333333336
28.0468,23.492,antiTumourMacrophage,0.1984166666666614
27.9639,26.0676,antiTumourMacrophage,0.1205833333333359
27.9954,23.9782,antiTumourMacrophage,0.0946666666666678
27.2989,25.4151,antiTumourMacrophage,0.1606666666666656
20.7777,23.2198,antiTumourMacrophage,0.1561666666666661
24.1419,27.0124,antiTumourMacrophage,0.0855833333333339
25.741,27.0074,antiTumourMacrophage,0.0518333333333329
27.6376,23.3001,antiTumourMacrophage,0.0755
27.9856,25.6707,antiTumourMacrophage,0.0975000000000013
26.5333,25.4756,antiTumourMacrophage,0.0188333333333333
23.9974,22.0394,antiTumourMacrophage,0.0311666666666668
27.4331,19.9497,antiTumourMacrophage,0.0
20.2646,27.1474,antiTumourMacrophage,0.0107499999999999
19.9936,23.994,antiTumourMacrophage,0.0201666666666667
34.1149,20.7429,antiTumourMacrophage,0.0
28.4244,21.6691,antiTumourMacrophage,0.0079166666666666
14.8234,25.0022,antiTumourMacrophage,0.0
23.2231,44.9159,antiTumourMacrophage,0.0
