points_x,points_y,celltypes,phenotypes
26.7216,27.8841,antiTumourMacrophage,0.3658333333333097
23.6333,21.3397,antiTumourMacrophage,0.4902499999999626
25.4152,21.5512,antiTumourMacrophage,0.4711666666666314
26.1276,25.5627,antiTumourMacrophage,0.4615833333332991
28.7899,25.7355,antiTumourMacrophage,0.3863333333333074
27.9595,23.9306,antiTumourMacrophage,0.3076666666666494
26.3299,27.5789,antiTumourMacrophage,0.3086666666666493
28.0472,27.006,antiTumourMacrophage,0.2988333333333171
21.9651,26.03,antiTumourMacrophage,0.3070833333333161
22.889,25.0133,antiTumourMacrophage,0.2814999999999856
28.0999,25.4566,antiTumourMacrophage,0.2740833333333198
26.8584,22.8427,antiTumourMacrophage,0.2419166666666566
25.5676,23.6873,antiTumourMacrophage,0.1644999999999985
26.2201,26.5958,antiTumourMacrophage,0.1935833333333286
24.2319,25.5971,antiTumourMacrophage,0.1501666666666667
27.5902,21.4697,antiTumourMacrophage,0.0529166666666662
23.9769,26.1921,antiTumourMacrophage,0.0950833333333345
25.9585,22.0139,antiTumourMacrophage,0.1235833333333361
24.7064,23.014,antiTumourMacrophage,0.1000000000000014
19.7117,23.6942,antiTumourMacrophage,0.0558333333333328
24.3702,19.3841,antiTumourMacrophage,0.1106666666666687
25.8237,28.7933,antiTumourMacrophage,0.0887500000000008
17.4944,25.8767,antiTumourMacrophage,0.0410833333333332
16.765,30.6871,antiTumourMacrophage,0.0
15.2651,17.1701,antiTumourMacrophage,0.0
13.7822,15.9247,antiTumourMacrophage,0.0
19.4604,9.10558,antiTumourMacrophage,0.0
43.9538,24.374,antiTumourMacrophage,0.0
30.4822,41.5786,antiTumourMacrophage,0.0
47.2797,27.6482,antiTumourMacrophage,0.0
