points_x,points_y,celltypes,phenotypes
25.5507,26.773,antiTumourMacrophage,0.471833333333298
17.9753,28.7428,antiTumourMacrophage,0.4179999999999706
22.1504,23.1542,antiTumourMacrophage,0.4470833333333007
23.9209,27.4497,antiTumourMacrophage,0.4788333333332972
21.5578,20.6526,antiTumourMacrophage,0.1669166666666649
22.6235,24.5705,antiTumourMacrophage,0.4816666666666302
20.1049,30.9248,antiTumourMacrophage,0.2797499999999858
22.8909,26.1505,antiTumourMacrophage,0.438916666666635
24.5238,25.6308,antiTumourMacrophage,0.356916666666644
17.9904,25.301,antiTumourMacrophage,0.3512499999999779
25.1289,28.4151,antiTumourMacrophage,0.3846666666666409
22.9294,21.0434,antiTumourMacrophage,0.329166666666647
24.1274,23.8995,antiTumourMacrophage,0.3205833333333147
24.79,22.0481,antiTumourMacrophage,0.2010833333333278
19.6517,24.9596,antiTumourMacrophage,0.3565833333333107
25.7685,26.0136,antiTumourMacrophage,0.2489166666666558
27.5875,24.7406,antiTumourMacrophage,0.2159166666666595
21.8771,29.9615,antiTumourMacrophage,0.317333333333315
19.4864,18.0146,antiTumourMacrophage,0.0297500000000001
37.9758,37.0995,antiTumourMacrophage,0.0
24.1101,16.0252,antiTumourMacrophage,0.0476666666666664
9.31728,34.2439,antiTumourMacrophage,0.0
33.2632,18.5098,antiTumourMacrophage,0.0
32.6835,16.8681,antiTumourMacrophage,0.0
17.1954,14.9626,antiTumourMacrophage,0.0
31.2069,35.5418,antiTumourMacrophage,0.0
31.0082,39.1488,antiTumourMacrophage,0.0
14.9249,9.56655,antiTumourMacrophage,0.0
32.0806,41.2904,antiTumourMacrophage,0.0
12.3289,6.96202,antiTumourMacrophage,0.0
13.5596,10.2852,antiTumourMacrophage,0.0
21.8204,45.4344,antiTumourMacrophage,0.0
43.352,14.5233,antiTumourMacrophage,0.0
39.8851,12.9131,antiTumourMacrophage,0.0
0.702637,38.6778,antiTumourMacrophage,0.0
