points_x,points_y,celltypes,phenotypes
22.2386,25.0721,antiTumourMacrophage,0.371583333333309
23.351,25.1582,antiTumourMacrophage,0.3615833333333101
23.863,25.2729,antiTumourMacrophage,0.2748333333333197
24.2189,26.7756,antiTumourMacrophage,0.1834166666666631
27.2657,26.177,antiTumourMacrophage,0.1290000000000024
22.3779,23.6471,antiTumourMacrophage,0.2293333333333247
21.165,22.1314,antiTumourMacrophage,0.0771666666666668
24.8136,25.23,antiTumourMacrophage,0.2295833333333246
24.9489,28.4949,antiTumourMacrophage,0.093250000000001
25.6685,24.0576,antiTumourMacrophage,0.1883333333333292
17.7498,27.2331,antiTumourMacrophage,0.0396666666666666
35.1967,31.1389,antiTumourMacrophage,0.0
33.9613,21.4979,antiTumourMacrophage,0.0
19.1257,25.0522,antiTumourMacrophage,0.0937500000000011
29.2522,24.9195,antiTumourMacrophage,0.0321666666666668
31.6112,25.0136,antiTumourMacrophage,0.0
14.8452,41.6596,antiTumourMacrophage,0.0
11.3438,7.39535,antiTumourMacrophage,0.0
6.09001,37.4359,antiTumourMacrophage,0.0
