points_x,points_y,celltypes,phenotypes
24.3935,25.6244,antiTumourMacrophage,0.2939999999999843
24.6532,26.0263,antiTumourMacrophage,0.2799999999999858
24.0168,25.9701,antiTumourMacrophage,0.1973333333333282
25.6212,23.7803,antiTumourMacrophage,0.0351666666666667
32.528,25.5664,antiTumourMacrophage,0.0
21.9546,10.7286,antiTumourMacrophage,0.0
