points_x,points_y,celltypes,phenotypes
22.5129,24.7209,antiTumourMacrophage,0.3679999999999761
24.937,23.0737,antiTumourMacrophage,0.1722499999999976
23.9865,25.764,antiTumourMacrophage,0.0402499999999999
23.9766,25.2055,antiTumourMacrophage,0.0342500000000001
25.2326,25.519,antiTumourMacrophage,0.0244166666666667
24.6908,24.0204,antiTumourMacrophage,0.01875
23.987,23.9807,antiTumourMacrophage,0.0239166666666667
13.5108,27.0111,antiTumourMacrophage,0.0
