points_x,points_y,celltypes,phenotypes
33.6054,29.6221,antiTumourMacrophage,0.3829166666666411
28.5729,30.6811,antiTumourMacrophage,0.4512499999999669
23.9777,27.0866,antiTumourMacrophage,0.3295833333333137
20.2789,31.3276,antiTumourMacrophage,0.0266666666666667
26.0958,27.0639,antiTumourMacrophage,0.2703333333333202
31.8349,27.6477,antiTumourMacrophage,0.299083333333317
21.7814,26.9167,antiTumourMacrophage,0.1852499999999962
21.0599,24.233,antiTumourMacrophage,0.2564999999999884
19.6433,26.026,antiTumourMacrophage,0.1236666666666694
30.025,29.8551,antiTumourMacrophage,0.062916666666666
22.5894,25.5047,antiTumourMacrophage,0.3226666666666478
27.341,22.6222,antiTumourMacrophage,0.4136666666666377
21.5722,28.4792,antiTumourMacrophage,0.0738333333333333
29.9757,20.6067,antiTumourMacrophage,0.0943333333333344
31.7372,17.4194,antiTumourMacrophage,0.0
25.0207,22.2192,antiTumourMacrophage,0.3709166666666424
21.7081,21.2855,antiTumourMacrophage,0.1553333333333328
25.9208,20.9294,antiTumourMacrophage,0.2946666666666508
23.5633,20.9639,antiTumourMacrophage,0.3164999999999818
15.8069,25.2921,antiTumourMacrophage,0.0
22.8767,22.4124,antiTumourMacrophage,0.1894999999999957
23.7768,23.7119,antiTumourMacrophage,0.2397499999999902
18.015,11.3913,antiTumourMacrophage,0.0
16.5032,27.2178,antiTumourMacrophage,0.0
21.4327,19.2081,antiTumourMacrophage,0.0263333333333334
33.8447,31.9595,antiTumourMacrophage,0.0
15.4332,29.9097,antiTumourMacrophage,0.0
34.7911,27.5606,antiTumourMacrophage,0.0
21.0158,16.7925,antiTumourMacrophage,0.0
25.8655,16.6589,antiTumourMacrophage,0.0363333333333333
9.42966,30.2246,antiTumourMacrophage,0.0
32.1663,39.236,antiTumourMacrophage,0.0
28.2539,39.5839,antiTumourMacrophage,0.0
11.8885,30.6501,antiTumourMacrophage,0.0
30.0512,36.6928,antiTumourMacrophage,0.0
34.6033,42.0591,antiTumourMacrophage,0.0
40.9824,8.20464,antiTumourMacrophage,0.0
28.2023,34.3366,antiTumourMacrophage,0.0
19.4252,13.7239,antiTumourMacrophage,0.0
26.6771,12.8788,antiTumourMacrophage,0.0
12.9279,29.5333,antiTumourMacrophage,0.0
26.6934,6.49037,antiTumourMacrophage,0.0
30.6943,14.3432,antiTumourMacrophage,0.0
31.6332,12.2274,antiTumourMacrophage,0.0
44.1701,25.4489,antiTumourMacrophage,0.0
6.23837,37.4858,antiTumourMacrophage,0.0
10.4935,3.99478,antiTumourMacrophage,0.0
