points_x,points_y,celltypes,phenotypes
31.6845,24.276,antiTumourMacrophage,0.4827499999999635
20.5233,24.2206,antiTumourMacrophage,0.4868333333332963
25.1509,24.5977,antiTumourMacrophage,0.4753333333332976
25.5591,22.2665,antiTumourMacrophage,0.4225833333333034
22.3432,23.5574,antiTumourMacrophage,0.4410833333333014
27.4765,26.5447,antiTumourMacrophage,0.4383333333333017
7.73483,36.2366,antiTumourMacrophage,0.4451666666666343
30.0571,25.9642,antiTumourMacrophage,0.3927499999999734
29.0447,25.9496,antiTumourMacrophage,0.3449166666666453
21.9854,25.8061,antiTumourMacrophage,0.3725833333333089
24.6112,25.9839,antiTumourMacrophage,0.3611666666666435
7.49607,36.5255,antiTumourMacrophage,0.3926666666666401
20.7515,26.2281,antiTumourMacrophage,0.3391666666666459
20.7378,24.8537,antiTumourMacrophage,0.3646666666666431
19.7953,25.3956,antiTumourMacrophage,0.3333333333333133
8.9628,37.0377,antiTumourMacrophage,0.3372499999999795
29.8559,24.1219,antiTumourMacrophage,0.284166666666652
13.8896,32.1123,antiTumourMacrophage,0.3293333333333137
12.8113,33.1689,antiTumourMacrophage,0.3217499999999812
15.0831,31.2947,antiTumourMacrophage,0.2668333333333206
23.6295,25.9694,antiTumourMacrophage,0.2527499999999888
29.2819,23.3068,antiTumourMacrophage,0.2410833333333234
30.6332,25.3652,antiTumourMacrophage,0.24149999999999
9.62649,34.3661,antiTumourMacrophage,0.2606666666666546
26.3505,26.2857,antiTumourMacrophage,0.199083333333328
26.8608,26.7388,antiTumourMacrophage,0.1651666666666651
9.03783,36.6111,antiTumourMacrophage,0.2196666666666591
20.3617,27.6605,antiTumourMacrophage,0.1999166666666612
24.0948,26.0754,antiTumourMacrophage,0.1775833333333304
9.19939,35.2427,antiTumourMacrophage,0.1852499999999962
24.969,22.889,antiTumourMacrophage,0.1552499999999995
9.01612,34.885,antiTumourMacrophage,0.1819166666666632
19.2408,28.1773,antiTumourMacrophage,0.1826666666666631
6.01199,38.015,antiTumourMacrophage,0.1650833333333317
9.45111,35.5004,antiTumourMacrophage,0.1541666666666663
28.4308,26.0089,antiTumourMacrophage,0.0874166666666674
28.039,22.0952,antiTumourMacrophage,0.0830833333333338
9.77276,35.7775,antiTumourMacrophage,0.1054166666666684
18.6111,28.24,antiTumourMacrophage,0.068583333333333
12.505,33.4644,antiTumourMacrophage,0.1055000000000017
8.73922,35.241,antiTumourMacrophage,0.1001666666666681
12.1568,33.7423,antiTumourMacrophage,0.0476666666666664
25.1965,35.4837,antiTumourMacrophage,0.0
39.9844,7.05777,antiTumourMacrophage,0.0
33.7846,6.02965,antiTumourMacrophage,0.0
