points_x,points_y,celltypes,phenotypes
32.144,24.8992,antiTumourMacrophage,0.4859166666666298
29.9076,25.7015,antiTumourMacrophage,0.4540833333333
29.0096,24.5798,antiTumourMacrophage,0.4513333333333003
25.0032,26.9958,antiTumourMacrophage,0.4837499999999634
25.3459,23.1066,antiTumourMacrophage,0.4093333333333049
23.4278,27.4681,antiTumourMacrophage,0.4031666666666389
23.2416,24.1618,antiTumourMacrophage,0.4035833333333055
22.7191,27.793,antiTumourMacrophage,0.4436666666666344
26.988,23.0429,antiTumourMacrophage,0.3774166666666417
31.4342,24.8665,antiTumourMacrophage,0.3651666666666431
24.3916,23.4623,antiTumourMacrophage,0.3660833333333096
43.3831,22.6435,antiTumourMacrophage,0.3230833333333144
21.047,24.9709,antiTumourMacrophage,0.2377499999999904
44.3823,22.3661,antiTumourMacrophage,0.3344166666666465
27.6724,25.0194,antiTumourMacrophage,0.2281666666666581
21.0962,25.8833,antiTumourMacrophage,0.2650833333333208
21.0177,26.783,antiTumourMacrophage,0.1859166666666628
42.8861,22.9856,antiTumourMacrophage,0.093000000000001
42.48,22.9964,antiTumourMacrophage,0.1020833333333349
20.5246,26.7811,antiTumourMacrophage,0.1310000000000022
21.3397,26.3287,antiTumourMacrophage,0.0438333333333331
44.0909,28.1038,antiTumourMacrophage,0.0
43.4313,11.4157,antiTumourMacrophage,0.0
47.9132,18.6114,antiTumourMacrophage,0.0031666666666666
13.8696,32.1154,antiTumourMacrophage,0.0017499999999999
11.4691,31.0567,antiTumourMacrophage,0.0010833333333333
42.7061,42.04,antiTumourMacrophage,0.0
12.8841,34.0801,antiTumourMacrophage,0.0
13.871,1.47596,antiTumourMacrophage,0.0
