points_x,points_y,celltypes,phenotypes
24.0965,24.9525,antiTumourMacrophage,0.4850833333332965
26.0064,24.0152,antiTumourMacrophage,0.3214999999999812
24.355,23.9881,antiTumourMacrophage,0.1110833333333354
22.8112,25.2429,antiTumourMacrophage,0.1378333333333347
25.5352,25.2567,antiTumourMacrophage,0.1724999999999976
24.1263,26.2228,antiTumourMacrophage,0.1002500000000014
23.7498,28.3557,antiTumourMacrophage,0.0813333333333337
