points_x,points_y,celltypes,phenotypes
28.3163,22.3745,antiTumourMacrophage,0.4924999999999624
27.9639,21.9957,antiTumourMacrophage,0.4844166666666299
27.4295,23.4235,antiTumourMacrophage,0.4231666666666367
28.9535,24.3708,antiTumourMacrophage,0.345083333333312
25.0059,26.9941,antiTumourMacrophage,0.3537499999999777
26.4894,24.8643,antiTumourMacrophage,0.3154166666666486
23.0174,25.0362,antiTumourMacrophage,0.2626666666666544
25.1679,25.6525,antiTumourMacrophage,0.2348333333333241
24.0014,25.9705,antiTumourMacrophage,0.1712499999999977
27.9885,25.0246,antiTumourMacrophage,0.1458333333333339
23.6386,24.3767,antiTumourMacrophage,0.1325833333333353
25.098,23.329,antiTumourMacrophage,0.1098333333333353
21.8474,27.5428,antiTumourMacrophage,0.0085
29.3186,22.9599,antiTumourMacrophage,0.0464166666666664
17.5482,32.5538,antiTumourMacrophage,0.0
30.9575,22.2916,antiTumourMacrophage,0.0413333333333332
35.7121,11.8731,antiTumourMacrophage,0.0
