points_x,points_y,celltypes,phenotypes
26.0313,21.4677,antiTumourMacrophage,0.4765833333332975
24.9913,20.9966,antiTumourMacrophage,0.480833333333297
22.4127,24.8188,antiTumourMacrophage,0.4219999999999702
22.3387,23.6231,antiTumourMacrophage,0.4527499999999668
23.0119,21.0554,antiTumourMacrophage,0.4285833333333028
23.3124,21.9968,antiTumourMacrophage,0.3034166666666499
26.5719,22.6048,antiTumourMacrophage,0.3463333333333118
22.7267,23.2744,antiTumourMacrophage,0.3456666666666452
22.7299,22.0054,antiTumourMacrophage,0.3129999999999822
24.8537,23.104,antiTumourMacrophage,0.280833333333319
24.9212,22.1122,antiTumourMacrophage,0.2704999999999868
22.9074,26.0735,antiTumourMacrophage,0.2373333333333238
26.2163,24.2367,antiTumourMacrophage,0.217083333333326
25.1709,22.8736,antiTumourMacrophage,0.208583333333327
24.3047,25.2345,antiTumourMacrophage,0.2124999999999932
23.0099,26.8653,antiTumourMacrophage,0.1658333333333317
22.1363,21.9909,antiTumourMacrophage,0.115666666666669
24.7097,26.6906,antiTumourMacrophage,0.1428333333333342
26.7043,24.7046,antiTumourMacrophage,0.0694166666666664
23.1641,20.734,antiTumourMacrophage,0.0713333333333331
25.6999,23.0615,antiTumourMacrophage,0.0751666666666667
24.9685,22.5505,antiTumourMacrophage,0.0723333333333332
25.7879,22.146,antiTumourMacrophage,0.0430833333333332
24.5556,21.8433,antiTumourMacrophage,0.0314166666666668
24.5161,21.2111,antiTumourMacrophage,0.0282500000000001
