points_x,points_y,celltypes,phenotypes
25.0985,25.3805,antiTumourMacrophage,0.4714166666666314
26.699,23.9868,antiTumourMacrophage,0.4524999999999668
27.8675,24.1633,antiTumourMacrophage,0.4270833333333029
26.2803,26.0082,antiTumourMacrophage,0.3736666666666421
27.3697,26.0043,antiTumourMacrophage,0.2594999999999881
27.9898,25.9982,antiTumourMacrophage,0.1994166666666613
25.3776,24.6408,antiTumourMacrophage,0.1998333333333279
24.0575,23.9474,antiTumourMacrophage,0.1843333333333296
24.1766,24.7171,antiTumourMacrophage,0.1270000000000026
30.5724,26.6541,antiTumourMacrophage,0.1115000000000021
25.9083,19.9774,antiTumourMacrophage,0.0467499999999997
