points_x,points_y,celltypes,phenotypes
22.7898,28.7911,antiTumourMacrophage,0.3936666666666399
23.1373,27.0655,antiTumourMacrophage,0.3550833333333109
21.7887,27.5068,antiTumourMacrophage,0.3184166666666482
23.0556,30.1679,antiTumourMacrophage,0.3975833333333062
24.5748,26.1143,antiTumourMacrophage,0.2895833333333181
25.5563,27.9701,antiTumourMacrophage,0.308333333333316
21.8824,26.9711,antiTumourMacrophage,0.3119166666666489
22.3309,26.9235,antiTumourMacrophage,0.2250833333333251
23.4208,28.1151,antiTumourMacrophage,0.269249999999987
23.3802,27.62,antiTumourMacrophage,0.2899999999999847
26.9745,25.9993,antiTumourMacrophage,0.1638333333333319
22.1825,26.2268,antiTumourMacrophage,0.2282499999999915
22.887,26.0522,antiTumourMacrophage,0.1894999999999957
24.7367,28.6633,antiTumourMacrophage,0.1493333333333335
24.2076,31.5925,antiTumourMacrophage,0.1193333333333358
22.638,26.5219,antiTumourMacrophage,0.1819166666666632
24.5207,29.1138,antiTumourMacrophage,0.0945000000000011
24.8519,24.1886,antiTumourMacrophage,0.1305000000000022
26.7638,24.0142,antiTumourMacrophage,0.0926666666666677
25.4255,23.0396,antiTumourMacrophage,0.0865000000000007
23.5909,24.735,antiTumourMacrophage,0.1051666666666684
21.9503,30.1272,antiTumourMacrophage,0.0436666666666665
14.0699,16.041,antiTumourMacrophage,0.0
8.2981,7.02486,antiTumourMacrophage,0.0
