points_x,points_y,celltypes,phenotypes
28.2533,22.9792,antiTumourMacrophage,0.4905833333332959
26.4322,24.2096,antiTumourMacrophage,0.4470833333333007
28.2782,21.6084,antiTumourMacrophage,0.4454166666666342
31.3578,21.2954,antiTumourMacrophage,0.4911666666666292
27.9143,24.551,antiTumourMacrophage,0.4070833333333051
23.6315,23.9472,antiTumourMacrophage,0.3226666666666478
25.7955,25.6414,antiTumourMacrophage,0.372333333333309
23.4493,26.2347,antiTumourMacrophage,0.2462499999999895
24.2391,21.8377,antiTumourMacrophage,0.2416666666666566
27.0271,21.0276,antiTumourMacrophage,0.2391666666666569
22.1236,23.8909,antiTumourMacrophage,0.2823333333333189
26.2167,22.582,antiTumourMacrophage,0.2941666666666509
21.6452,25.349,antiTumourMacrophage,0.2323333333333243
23.0381,20.9478,antiTumourMacrophage,0.1165833333333357
29.2057,21.4465,antiTumourMacrophage,0.3395833333333126
25.0969,26.1956,antiTumourMacrophage,0.2086666666666603
17.5217,22.2845,antiTumourMacrophage,0.0652499999999995
32.187,17.5797,antiTumourMacrophage,0.3224166666666478
26.7519,27.3387,antiTumourMacrophage,0.1434166666666675
18.1205,28.1412,antiTumourMacrophage,0.0355833333333334
31.0978,31.1283,antiTumourMacrophage,0.0454166666666664
28.8633,29.1802,antiTumourMacrophage,0.1011666666666682
28.6708,17.4775,antiTumourMacrophage,0.0349166666666667
29.6233,31.6067,antiTumourMacrophage,0.0728333333333332
28.3352,20.0568,antiTumourMacrophage,0.0713333333333331
31.2615,22.7218,antiTumourMacrophage,0.1612499999999988
33.2148,12.4908,antiTumourMacrophage,0.0066666666666666
30.9703,8.01529,antiTumourMacrophage,0.0
35.518,18.3662,antiTumourMacrophage,0.0441666666666665
25.3221,14.6241,antiTumourMacrophage,0.0
18.3119,25.1875,antiTumourMacrophage,0.1001666666666681
18.7348,9.57309,antiTumourMacrophage,0.0
35.6646,33.4425,antiTumourMacrophage,0.0
30.0838,17.9761,antiTumourMacrophage,0.1340000000000018
17.3305,6.29739,antiTumourMacrophage,0.0
15.4275,48.5308,antiTumourMacrophage,0.0
19.5331,35.6749,antiTumourMacrophage,0.0
33.5936,14.3501,antiTumourMacrophage,0.0398333333333333
23.9171,7.41923,antiTumourMacrophage,0.0
31.6526,14.4366,antiTumourMacrophage,0.0657499999999995
42.9859,11.9431,antiTumourMacrophage,0.0
9.41867,26.7815,antiTumourMacrophage,0.0
