points_x,points_y,celltypes,phenotypes
24.3551,22.373,antiTumourMacrophage,0.4632499999999656
22.0796,23.9055,antiTumourMacrophage,0.4716666666666314
24.6212,27.8425,antiTumourMacrophage,0.4409166666666347
26.0183,27.3504,antiTumourMacrophage,0.4498333333333004
27.1419,26.8898,antiTumourMacrophage,0.4398333333333015
20.9554,26.8151,antiTumourMacrophage,0.4275833333333029
23.3314,22.6886,antiTumourMacrophage,0.411166666666638
21.4981,29.0138,antiTumourMacrophage,0.3961666666666397
27.2511,26.3943,antiTumourMacrophage,0.3688333333333093
28.0253,25.6248,antiTumourMacrophage,0.3311666666666468
23.58,26.0163,antiTumourMacrophage,0.3254166666666475
27.7371,26.1083,antiTumourMacrophage,0.2834999999999854
25.6116,25.5451,antiTumourMacrophage,0.2578333333333216
22.8155,23.3545,antiTumourMacrophage,0.2129166666666598
22.2303,27.7986,antiTumourMacrophage,0.2334166666666575
26.9963,24.6935,antiTumourMacrophage,0.1832499999999964
26.4873,26.6439,antiTumourMacrophage,0.2059166666666606
20.9222,28.9328,antiTumourMacrophage,0.1956666666666617
23.2359,28.7861,antiTumourMacrophage,0.174666666666664
22.6798,24.0143,antiTumourMacrophage,0.1664999999999983
23.9714,22.0152,antiTumourMacrophage,0.1142500000000022
26.9882,23.1821,antiTumourMacrophage,0.122833333333336
27.4857,25.5092,antiTumourMacrophage,0.1175000000000024
21.586,27.488,antiTumourMacrophage,0.1004166666666681
25.666,27.0177,antiTumourMacrophage,0.0459999999999998
27.0612,20.8978,antiTumourMacrophage,0.0250000000000001
12.1164,19.7775,antiTumourMacrophage,0.0
15.5454,10.9699,antiTumourMacrophage,0.0
9.80131,18.3899,antiTumourMacrophage,0.0
