points_x,points_y,celltypes,phenotypes
26.6409,26.0074,antiTumourMacrophage,0.4999999999999616
27.1905,26.011,antiTumourMacrophage,0.4200833333333037
23.8739,23.9705,antiTumourMacrophage,0.3794999999999748
26.8414,24.8497,antiTumourMacrophage,0.3759166666666419
24.9263,23.0798,antiTumourMacrophage,0.3034166666666499
24.1377,25.8655,antiTumourMacrophage,0.2703333333333202
24.5266,25.4824,antiTumourMacrophage,0.1221666666666693
23.3959,25.3622,antiTumourMacrophage,0.0985000000000013
17.8579,21.7763,antiTumourMacrophage,0.0005833333333333
11.2257,19.0957,antiTumourMacrophage,0.0
34.3977,33.843,antiTumourMacrophage,0.0
