points_x,points_y,celltypes,phenotypes
25.9655,23.4644,antiTumourMacrophage,0.4539999999999666
27.3172,23.799,antiTumourMacrophage,0.3300833333333136
28.8711,23.6486,antiTumourMacrophage,0.2121666666666599
24.7443,24.7172,antiTumourMacrophage,0.3547499999999776
23.7103,25.518,antiTumourMacrophage,0.2462499999999895
17.3568,21.8149,antiTumourMacrophage,0.0235833333333334
23.4817,33.1985,antiTumourMacrophage,0.0139999999999999
33.9056,14.3325,antiTumourMacrophage,0.0
35.701,24.184,antiTumourMacrophage,0.0
38.8819,23.1366,antiTumourMacrophage,0.0
12.8089,19.7362,antiTumourMacrophage,0.0
5.57505,40.2916,antiTumourMacrophage,0.0
