points_x,points_y,celltypes,phenotypes
23.0141,24.7521,antiTumourMacrophage,0.3861666666666408
24.735,24.7605,antiTumourMacrophage,0.308833333333316
24.3588,24.3508,antiTumourMacrophage,0.2454166666666562
24.5165,25.4976,antiTumourMacrophage,0.1542499999999996
19.0762,26.8314,antiTumourMacrophage,0.0271666666666668
20.036,17.1884,antiTumourMacrophage,0.0034999999999999
21.3567,24.2787,antiTumourMacrophage,0.03825
32.6118,7.38674,antiTumourMacrophage,0.0
43.9913,30.8464,antiTumourMacrophage,0.0
