points_x,points_y,celltypes,phenotypes
23.8578,24.5899,antiTumourMacrophage,0.3480833333333116
24.3122,25.7083,antiTumourMacrophage,0.3354166666666464
24.6204,25.3433,antiTumourMacrophage,0.1006666666666681
21.0285,22.1297,antiTumourMacrophage,0.0366666666666667
