points_x,points_y,celltypes,phenotypes
25.1133,23.0232,antiTumourMacrophage,0.4298333333333026
25.6575,24.7791,antiTumourMacrophage,0.4513333333333003
26.4511,25.5029,antiTumourMacrophage,0.4024999999999723
23.9433,23.8668,antiTumourMacrophage,0.3149166666666486
26.1308,24.2919,antiTumourMacrophage,0.3618333333333101
24.2308,24.2401,antiTumourMacrophage,0.1365000000000016
23.7986,25.8259,antiTumourMacrophage,0.2039166666666608
23.6561,24.3447,antiTumourMacrophage,0.1463333333333338
25.9447,25.2224,antiTumourMacrophage,0.0755833333333334
22.5864,22.8559,antiTumourMacrophage,0.0587499999999994
25.1472,25.6511,antiTumourMacrophage,0.1104166666666687
26.9203,25.1988,antiTumourMacrophage,0.0722499999999999
22.305,24.2743,antiTumourMacrophage,0.0507499999999996
13.7421,27.7774,antiTumourMacrophage,0.0
27.1742,13.3802,antiTumourMacrophage,0.0
28.7483,11.5129,antiTumourMacrophage,0.0
11.2245,25.4122,antiTumourMacrophage,0.0
42.1405,23.4546,antiTumourMacrophage,0.0
43.3882,5.49343,antiTumourMacrophage,0.0
27.5012,8.18038,antiTumourMacrophage,0.0
5.06557,15.8671,antiTumourMacrophage,0.0
9.05972,47.574,antiTumourMacrophage,0.0
