points_x,points_y,celltypes,phenotypes
24.4287,25.0617,antiTumourMacrophage,0.426833333333303
23.7119,23.4234,antiTumourMacrophage,0.4469999999999674
21.646,21.0472,antiTumourMacrophage,0.3944166666666399
23.239,21.5248,antiTumourMacrophage,0.3496666666666448
21.6651,24.0687,antiTumourMacrophage,0.3207499999999813
23.9474,26.0502,antiTumourMacrophage,0.190083333333329
27.3954,19.7828,antiTumourMacrophage,0.0823333333333338
25.2304,23.2449,antiTumourMacrophage,0.1704999999999978
26.0611,25.016,antiTumourMacrophage,0.2278333333333248
21.292,19.2749,antiTumourMacrophage,0.192916666666662
21.8945,25.9235,antiTumourMacrophage,0.1958333333333284
18.3071,19.242,antiTumourMacrophage,0.0557499999999995
16.1576,18.5227,antiTumourMacrophage,0.0
31.7208,30.8267,antiTumourMacrophage,0.0
23.8715,19.8046,antiTumourMacrophage,0.1210833333333359
35.3517,14.0533,antiTumourMacrophage,0.0
19.8235,19.2261,antiTumourMacrophage,0.0950833333333345
39.933,8.46412,antiTumourMacrophage,0.0
19.3091,17.8183,antiTumourMacrophage,0.0440833333333331
38.0844,35.662,antiTumourMacrophage,0.0
39.8996,30.8586,antiTumourMacrophage,0.0
24.7664,11.033,antiTumourMacrophage,0.0
5.73736,23.003,antiTumourMacrophage,0.0
37.2785,35.1158,antiTumourMacrophage,0.0
36.0655,4.07894,antiTumourMacrophage,0.0
48.1759,12.9311,antiTumourMacrophage,0.0
13.4119,12.8322,antiTumourMacrophage,0.0
9.92066,19.4395,antiTumourMacrophage,0.0
