points_x,points_y,celltypes,phenotypes
26.641,26.7628,antiTumourMacrophage,0.3994999999999726
20.2319,23.4952,antiTumourMacrophage,0.4081666666666383
26.6623,38.2106,antiTumourMacrophage,0.4477499999999673
19.9216,31.867,antiTumourMacrophage,0.4422499999999679
26.0177,28.1623,antiTumourMacrophage,0.3733333333333088
28.0391,19.2006,antiTumourMacrophage,0.2437499999999897
24.6309,27.2123,antiTumourMacrophage,0.4935833333332956
25.2199,29.3385,antiTumourMacrophage,0.3240833333333143
23.5599,30.0667,antiTumourMacrophage,0.2935833333333176
18.4564,31.5576,antiTumourMacrophage,0.0
31.7663,14.8836,antiTumourMacrophage,0.0
24.2357,19.7946,antiTumourMacrophage,0.2997499999999836
19.6368,33.8516,antiTumourMacrophage,0.0
25.8142,30.5229,antiTumourMacrophage,0.0995833333333347
14.3921,22.2565,antiTumourMacrophage,0.0
24.4686,18.3212,antiTumourMacrophage,0.2154999999999929
26.7745,31.6866,antiTumourMacrophage,0.0
26.8165,25.1822,antiTumourMacrophage,0.2983333333333171
20.9604,26.2618,antiTumourMacrophage,0.3020833333333167
29.9738,25.5628,antiTumourMacrophage,0.135083333333335
23.408,17.18,antiTumourMacrophage,0.0655833333333328
22.4369,27.4755,antiTumourMacrophage,0.1652499999999984
14.2873,37.2474,antiTumourMacrophage,0.0
28.2463,25.0364,antiTumourMacrophage,0.1875833333333293
28.6525,28.4299,antiTumourMacrophage,0.1041666666666683
21.2961,28.5425,antiTumourMacrophage,0.0931666666666677
37.4486,30.9096,antiTumourMacrophage,0.0
24.9656,33.6289,antiTumourMacrophage,0.0113333333333333
36.9506,6.70429,antiTumourMacrophage,0.0
9.2899,11.9038,antiTumourMacrophage,0.0
28.7782,30.7086,antiTumourMacrophage,0.0
31.1583,34.8263,antiTumourMacrophage,0.0
36.1927,27.1328,antiTumourMacrophage,0.0
33.5363,40.5532,antiTumourMacrophage,0.0
40.4699,33.0389,antiTumourMacrophage,0.0
37.6621,17.8413,antiTumourMacrophage,0.0
35.2362,42.1833,antiTumourMacrophage,0.0
16.1524,38.4534,antiTumourMacrophage,0.0
24.1523,13.8552,antiTumourMacrophage,0.0
7.66195,16.6337,antiTumourMacrophage,0.0
39.4222,4.63801,antiTumourMacrophage,0.0
25.721,39.8952,antiTumourMacrophage,0.0
16.2372,11.5929,antiTumourMacrophage,0.0
9.38155,42.6993,antiTumourMacrophage,0.0
45.0946,41.8291,antiTumourMacrophage,0.0
22.1492,8.61169,antiTumourMacrophage,0.0
38.5328,46.5999,antiTumourMacrophage,0.0
21.5631,6.37002,antiTumourMacrophage,0.0
3.94126,14.1616,antiTumourMacrophage,0.0
5.43704,6.82834,antiTumourMacrophage,0.0
37.085,45.4381,antiTumourMacrophage,0.0
