points_x,points_y,celltypes,phenotypes
28.6142,20.2117,antiTumourMacrophage,0.4391666666666349
28.3324,20.9384,antiTumourMacrophage,0.4464166666666341
26.6215,21.3499,antiTumourMacrophage,0.3654166666666431
20.8793,23.791,antiTumourMacrophage,0.4320833333333024
28.4875,19.8855,antiTumourMacrophage,0.3409166666666458
22.6908,22.9918,antiTumourMacrophage,0.3259999999999807
22.9624,24.795,antiTumourMacrophage,0.3311666666666468
24.0459,24.141,antiTumourMacrophage,0.3284999999999805
25.4753,26.9481,antiTumourMacrophage,0.2744999999999864
25.7934,21.3074,antiTumourMacrophage,0.3239999999999809
27.1752,20.3132,antiTumourMacrophage,0.3495833333333115
25.684,25.761,antiTumourMacrophage,0.3309166666666469
28.01,23.4824,antiTumourMacrophage,0.2120833333333266
27.3807,23.7383,antiTumourMacrophage,0.2410833333333234
26.0694,27.1431,antiTumourMacrophage,0.2213333333333255
21.6316,24.6185,antiTumourMacrophage,0.2783333333333193
27.9325,21.9595,antiTumourMacrophage,0.1814999999999966
27.9799,24.0119,antiTumourMacrophage,0.1395000000000012
21.1876,24.1795,antiTumourMacrophage,0.2611666666666545
27.1204,19.9613,antiTumourMacrophage,0.2059999999999939
23.7983,25.7685,antiTumourMacrophage,0.0970000000000013
26.0259,25.926,antiTumourMacrophage,0.1320000000000021
27.5583,24.3903,antiTumourMacrophage,0.0442499999999998
25.0103,27.299,antiTumourMacrophage,0.1745833333333307
23.4356,25.4633,antiTumourMacrophage,0.0335833333333334
22.8746,25.7688,antiTumourMacrophage,0.0748333333333333
24.3296,22.0111,antiTumourMacrophage,0.0694166666666664
26.3668,25.0529,antiTumourMacrophage,0.0900833333333342
25.9857,26.376,antiTumourMacrophage,0.0392499999999999
23.1516,25.1414,antiTumourMacrophage,0.0776666666666668
24.5996,26.0638,antiTumourMacrophage,0.0173333333333333
22.5591,23.9022,antiTumourMacrophage,0.0124999999999999
25.3165,26.1506,antiTumourMacrophage,0.0356666666666667
28.3787,19.5583,antiTumourMacrophage,0.1135833333333355
25.0046,27.9871,antiTumourMacrophage,0.0670833333333329
25.978,26.7612,antiTumourMacrophage,0.0126666666666666
22.3779,23.4923,antiTumourMacrophage,0.0114166666666666
32.0325,18.0093,antiTumourMacrophage,0.0448333333333331
24.8462,26.6289,antiTumourMacrophage,0.00925
37.339,29.3938,antiTumourMacrophage,0.0
17.8083,44.3445,antiTumourMacrophage,0.0
7.58122,32.2958,antiTumourMacrophage,0.0
