points_x,points_y,celltypes,phenotypes
27.1676,25.2055,antiTumourMacrophage,0.4784166666666306
24.1991,26.7917,antiTumourMacrophage,0.4209166666666369
24.252,24.1044,antiTumourMacrophage,0.3097499999999825
26.4179,27.5513,antiTumourMacrophage,0.4959166666666287
23.6536,25.0881,antiTumourMacrophage,0.4789999999999639
27.1298,24.684,antiTumourMacrophage,0.4466666666666341
26.6345,23.8029,antiTumourMacrophage,0.3989999999999727
26.9564,23.4245,antiTumourMacrophage,0.4098333333333048
24.6585,24.5125,antiTumourMacrophage,0.30266666666665
22.6677,23.3286,antiTumourMacrophage,0.3413333333333124
26.9942,22.9904,antiTumourMacrophage,0.2404166666666568
26.1891,27.0127,antiTumourMacrophage,0.3589999999999771
24.9177,23.8322,antiTumourMacrophage,0.2297499999999913
25.5334,22.7358,antiTumourMacrophage,0.2889166666666515
24.0217,22.9375,antiTumourMacrophage,0.1423333333333342
27.6141,25.6346,antiTumourMacrophage,0.1495833333333334
24.3642,25.0543,antiTumourMacrophage,0.0368333333333333
22.2379,24.1954,antiTumourMacrophage,0.0532499999999996
21.8266,21.5902,antiTumourMacrophage,0.0127499999999999
29.3539,27.7688,antiTumourMacrophage,0.0021666666666666
17.0738,15.924,antiTumourMacrophage,0.0
20.2747,22.6117,antiTumourMacrophage,0.0079166666666666
37.1478,30.6904,antiTumourMacrophage,0.0
30.1516,15.7808,antiTumourMacrophage,0.0
29.145,37.6582,antiTumourMacrophage,0.0
48.0758,41.2922,antiTumourMacrophage,0.0
