points_x,points_y,celltypes,phenotypes
26.4646,24.4998,antiTumourMacrophage,0.447916666666634
23.9914,24.3705,antiTumourMacrophage,0.426833333333303
23.97,25.9079,antiTumourMacrophage,0.4131666666666378
25.0754,24.2647,antiTumourMacrophage,0.3387499999999793
24.8866,25.7257,antiTumourMacrophage,0.2861666666666518
24.1878,23.7689,antiTumourMacrophage,0.1582499999999992
39.8118,17.8717,antiTumourMacrophage,0.0
29.0072,46.0208,antiTumourMacrophage,0.0
