points_x,points_y,celltypes,phenotypes
23.5612,25.5648,antiTumourMacrophage,0.4887499999999628
24.8559,24.3125,antiTumourMacrophage,0.4371666666666352
23.9596,23.0244,antiTumourMacrophage,0.4040833333333055
22.906,24.9279,antiTumourMacrophage,0.2690833333333203
24.778,26.4416,antiTumourMacrophage,0.2392499999999902
23.5505,24.2331,antiTumourMacrophage,0.2701666666666535
25.4476,23.5021,antiTumourMacrophage,0.1964166666666616
23.4274,24.6112,antiTumourMacrophage,0.2273333333333249
25.2794,22.8977,antiTumourMacrophage,0.1338333333333352
26.0033,25.3769,antiTumourMacrophage,0.1305833333333355
27.206,28.7596,antiTumourMacrophage,0.0751666666666667
30.1397,31.5739,antiTumourMacrophage,0.0
36.2988,29.4853,antiTumourMacrophage,0.0
21.629,16.7498,antiTumourMacrophage,0.0
42.3464,11.8041,antiTumourMacrophage,0.0
34.7783,15.7254,antiTumourMacrophage,0.0
20.6256,36.0744,antiTumourMacrophage,0.0
19.3632,9.07033,antiTumourMacrophage,0.0
38.3539,13.9983,antiTumourMacrophage,0.0
10.9025,12.3503,antiTumourMacrophage,0.0
38.8447,2.48601,antiTumourMacrophage,0.0
15.8852,2.35714,antiTumourMacrophage,0.0
