points_x,points_y,celltypes,phenotypes
25.5921,27.5337,antiTumourMacrophage,0.3228333333333144
24.7785,41.2189,antiTumourMacrophage,0.4219999999999702
34.0074,10.0218,antiTumourMacrophage,0.3492499999999782
29.1705,18.1493,antiTumourMacrophage,0.3765833333333085
25.2091,23.2452,antiTumourMacrophage,0.3644166666666432
34.4397,9.7528,antiTumourMacrophage,0.3194999999999814
26.4086,21.5937,antiTumourMacrophage,0.3434166666666455
23.9699,41.3241,antiTumourMacrophage,0.2136666666666597
23.9894,44.0014,antiTumourMacrophage,0.3229166666666477
30.6485,15.3144,antiTumourMacrophage,0.2626666666666544
21.791,25.7708,antiTumourMacrophage,0.1959166666666617
22.8738,26.8469,antiTumourMacrophage,0.2329166666666576
22.0459,23.9567,antiTumourMacrophage,0.1440000000000007
20.9982,24.9966,antiTumourMacrophage,0.1834166666666631
33.6977,10.3577,antiTumourMacrophage,0.2250833333333251
32.416,7.68916,antiTumourMacrophage,0.1203333333333359
34.0499,9.52707,antiTumourMacrophage,0.141250000000001
24.385,44.0107,antiTumourMacrophage,0.1204166666666692
24.9814,12.5946,antiTumourMacrophage,0.0
33.3576,10.8824,antiTumourMacrophage,0.0599999999999994
30.9636,13.7139,antiTumourMacrophage,0.1027500000000016
30.88,14.4247,antiTumourMacrophage,0.0649999999999994
31.4659,13.0822,antiTumourMacrophage,0.0566666666666661
31.0593,14.9298,antiTumourMacrophage,0.07475
10.1018,15.5495,antiTumourMacrophage,0.0
31.1216,9.02501,antiTumourMacrophage,0.0731666666666666
34.0872,35.1505,antiTumourMacrophage,0.0
35.4662,8.97671,antiTumourMacrophage,0.0484999999999997
36.5431,9.06492,antiTumourMacrophage,0.0415833333333332
31.6955,6.85214,antiTumourMacrophage,0.0398333333333333
5.94465,42.8813,antiTumourMacrophage,0.0
28.4215,8.20493,antiTumourMacrophage,0.0
40.0758,37.309,antiTumourMacrophage,0.0
3.47221,19.4062,antiTumourMacrophage,0.0
