points_x,points_y,celltypes,phenotypes
22.3664,20.3992,antiTumourMacrophage,0.4521666666666335
30.3866,24.4682,antiTumourMacrophage,0.4887499999999628
25.6038,19.9477,antiTumourMacrophage,0.4919166666666291
30.288,20.948,antiTumourMacrophage,0.4639999999999655
24.1058,19.4425,antiTumourMacrophage,0.4385833333333017
25.9152,28.0788,antiTumourMacrophage,0.4466666666666341
23.0695,22.0039,antiTumourMacrophage,0.4346666666666354
30.8314,22.309,antiTumourMacrophage,0.3492499999999782
20.7245,26.9816,antiTumourMacrophage,0.4494166666666338
27.9293,19.9218,antiTumourMacrophage,0.3755833333333086
20.1657,28.4882,antiTumourMacrophage,0.4074166666666384
25.0046,20.0015,antiTumourMacrophage,0.3420833333333123
25.491,19.1466,antiTumourMacrophage,0.383916666666641
28.4572,27.018,antiTumourMacrophage,0.3414166666666457
24.3928,20.0017,antiTumourMacrophage,0.3430833333333122
22.1335,28.1331,antiTumourMacrophage,0.3389999999999793
20.3369,27.5172,antiTumourMacrophage,0.3461666666666452
29.3366,23.3087,antiTumourMacrophage,0.2985833333333171
22.7815,21.5989,antiTumourMacrophage,0.3130833333333155
17.3233,32.6676,antiTumourMacrophage,0.3703333333333092
15.0028,35.2814,antiTumourMacrophage,0.2048333333333274
26.2334,19.7536,antiTumourMacrophage,0.1793333333333302
22.3513,22.2446,antiTumourMacrophage,0.2247499999999918
21.0162,23.0153,antiTumourMacrophage,0.0968333333333346
31.2184,30.1178,antiTumourMacrophage,0.0127499999999999
23.0839,20.9622,antiTumourMacrophage,0.103833333333335
28.7366,29.9265,antiTumourMacrophage,0.0243333333333334
30.602,23.9864,antiTumourMacrophage,0.0833333333333338
15.1932,13.5354,antiTumourMacrophage,0.0
19.6686,11.222,antiTumourMacrophage,0.0
6.01695,25.7252,antiTumourMacrophage,0.0
44.7384,30.0155,antiTumourMacrophage,0.0
