points_x,points_y,celltypes,phenotypes
27.876,24.6225,antiTumourMacrophage,0.4775833333332974
25.9424,26.8937,antiTumourMacrophage,0.3159166666666485
24.3939,26.2228,antiTumourMacrophage,0.336083333333313
26.0846,23.903,antiTumourMacrophage,0.2935833333333176
24.2969,23.8045,antiTumourMacrophage,0.153333333333333
25.1659,23.8212,antiTumourMacrophage,0.2364999999999905
25.4068,28.6343,antiTumourMacrophage,0.3114999999999823
24.7087,23.561,antiTumourMacrophage,0.2929999999999844
22.9638,23.2781,antiTumourMacrophage,0.0942500000000011
25.301,22.9603,antiTumourMacrophage,0.2147499999999929
23.7945,27.5394,antiTumourMacrophage,0.1305833333333355
25.246,27.4924,antiTumourMacrophage,0.1517499999999999
29.738,21.2525,antiTumourMacrophage,0.0532499999999996
23.2628,31.672,antiTumourMacrophage,0.0363333333333333
22.0404,24.8556,antiTumourMacrophage,0.0929166666666677
33.4631,32.8062,antiTumourMacrophage,0.0
31.2652,33.9039,antiTumourMacrophage,0.0
36.2018,34.7526,antiTumourMacrophage,0.0
32.0697,15.0032,antiTumourMacrophage,0.0
34.836,26.6808,antiTumourMacrophage,0.0
36.9387,16.6216,antiTumourMacrophage,0.0
15.2607,40.5807,antiTumourMacrophage,0.0
33.8818,38.1398,antiTumourMacrophage,0.0
13.316,12.4988,antiTumourMacrophage,0.0
25.7393,43.7582,antiTumourMacrophage,0.0
7.8902,23.0818,antiTumourMacrophage,0.0
12.1555,11.3953,antiTumourMacrophage,0.0
6.06761,18.051,antiTumourMacrophage,0.0
45.2723,18.4529,antiTumourMacrophage,0.0
