points_x,points_y,celltypes,phenotypes
24.0843,26.0163,antiTumourMacrophage,0.3796666666666415
25.5311,24.0088,antiTumourMacrophage,0.2849999999999852
25.0406,23.2628,antiTumourMacrophage,0.2517499999999889
24.6819,23.9996,antiTumourMacrophage,0.2161666666666594
25.0713,24.0044,antiTumourMacrophage,0.2054166666666606
26.0143,24.0576,antiTumourMacrophage,0.1295833333333357
24.6004,25.44,antiTumourMacrophage,0.0785833333333335
23.2881,25.3842,antiTumourMacrophage,0.0755833333333334
29.1531,26.9567,antiTumourMacrophage,0.0161666666666666
23.6636,23.9782,antiTumourMacrophage,0.0413333333333332
21.1361,25.2308,antiTumourMacrophage,0.0210833333333333
20.1602,26.3849,antiTumourMacrophage,0.0145833333333333
23.0806,25.0793,antiTumourMacrophage,0.0363333333333333
18.4537,26.7382,antiTumourMacrophage,0.0075
