points_x,points_y,celltypes,phenotypes
26.3722,27.2405,antiTumourMacrophage,0.4799166666666304
25.287,27.4309,antiTumourMacrophage,0.4654999999999654
26.5914,27.9529,antiTumourMacrophage,0.4691666666666316
24.7005,27.8035,antiTumourMacrophage,0.4379166666666351
29.0042,25.8276,antiTumourMacrophage,0.4123333333333046
23.0154,25.058,antiTumourMacrophage,0.4149999999999709
26.3256,22.6417,antiTumourMacrophage,0.3914166666666402
26.7743,23.9042,antiTumourMacrophage,0.4019999999999724
27.4292,23.04,antiTumourMacrophage,0.4465833333333008
21.4891,25.2152,antiTumourMacrophage,0.3849999999999742
26.5303,23.4003,antiTumourMacrophage,0.3501666666666447
20.0108,24.0201,antiTumourMacrophage,0.3942499999999732
24.6843,22.0845,antiTumourMacrophage,0.3578333333333106
27.622,25.3678,antiTumourMacrophage,0.2762499999999862
25.4062,22.6277,antiTumourMacrophage,0.3105833333333158
26.9001,23.0449,antiTumourMacrophage,0.2757499999999863
23.6756,23.1584,antiTumourMacrophage,0.2919999999999845
21.8198,21.821,antiTumourMacrophage,0.2664999999999873
22.6094,25.6172,antiTumourMacrophage,0.2010833333333278
28.0548,24.0531,antiTumourMacrophage,0.208583333333327
28.0067,26.7711,antiTumourMacrophage,0.190083333333329
23.6402,22.5477,antiTumourMacrophage,0.2056666666666606
22.6227,22.279,antiTumourMacrophage,0.1884166666666625
26.5133,22.002,antiTumourMacrophage,0.0751666666666667
23.2295,22.5565,antiTumourMacrophage,0.1325833333333353
20.2401,22.3683,antiTumourMacrophage,0.1055000000000017
23.9899,28.7711,antiTumourMacrophage,0.0583333333333328
19.5446,18.4015,antiTumourMacrophage,0.0303333333333335
9.18452,21.656,antiTumourMacrophage,0.0620833333333327
28.1763,29.3666,antiTumourMacrophage,0.0476666666666664
28.4658,33.7827,antiTumourMacrophage,0.0121666666666666
18.3715,20.5736,antiTumourMacrophage,0.0724999999999999
24.0551,32.6352,antiTumourMacrophage,0.0122499999999999
7.61582,19.3754,antiTumourMacrophage,0.0206666666666667
4.8943,25.0165,antiTumourMacrophage,0.0125833333333333
19.4177,5.34135,antiTumourMacrophage,0.0
16.5819,3.55796,antiTumourMacrophage,0.0
40.2775,10.0084,antiTumourMacrophage,0.0
2.24681,25.5688,antiTumourMacrophage,0.0
45.7023,8.50203,antiTumourMacrophage,0.0
3.82914,9.10573,antiTumourMacrophage,0.0
