points_x,points_y,celltypes,phenotypes
23.0145,27.0107,antiTumourMacrophage,0.4512499999999669
27.017,23.0161,antiTumourMacrophage,0.4109999999999714
21.8911,25.2129,antiTumourMacrophage,0.4464166666666341
22.3523,24.2646,antiTumourMacrophage,0.4480833333333006
22.5145,22.3506,antiTumourMacrophage,0.4104166666666381
23.5707,27.0229,antiTumourMacrophage,0.3738333333333088
26.1717,26.5286,antiTumourMacrophage,0.3357499999999797
27.1349,24.5194,antiTumourMacrophage,0.3514999999999779
23.0201,25.5773,antiTumourMacrophage,0.2728333333333199
25.5632,25.3659,antiTumourMacrophage,0.2557499999999885
26.3901,24.758,antiTumourMacrophage,0.2488333333333225
25.5396,26.1702,antiTumourMacrophage,0.296249999999984
23.8658,21.902,antiTumourMacrophage,0.217583333333326
24.3541,27.0037,antiTumourMacrophage,0.2662499999999873
24.9964,27.0131,antiTumourMacrophage,0.2079166666666604
26.2115,23.1463,antiTumourMacrophage,0.1879999999999959
23.4333,22.4125,antiTumourMacrophage,0.1704999999999978
23.8857,22.457,antiTumourMacrophage,0.1596666666666657
24.2911,22.5252,antiTumourMacrophage,0.144583333333334
25.7401,23.0008,antiTumourMacrophage,0.0792500000000002
23.2159,21.2474,antiTumourMacrophage,0.0578333333333328
18.4563,28.5321,antiTumourMacrophage,0.0
19.8713,32.1102,antiTumourMacrophage,0.0
22.5839,25.009,antiTumourMacrophage,0.0481666666666664
16.42,21.7108,antiTumourMacrophage,0.0
29.9401,22.7779,antiTumourMacrophage,0.0023333333333333
26.6887,21.6545,antiTumourMacrophage,0.01825
35.4434,32.1372,antiTumourMacrophage,0.0
16.8971,15.4332,antiTumourMacrophage,0.0
10.6019,25.421,antiTumourMacrophage,0.0
38.2037,15.749,antiTumourMacrophage,0.0
7.63541,20.2815,antiTumourMacrophage,0.0
9.73204,46.9796,antiTumourMacrophage,0.0
1.841,6.33039,antiTumourMacrophage,0.0
