points_x,points_y,celltypes,phenotypes
23.2639,27.6736,antiTumourMacrophage,0.4385833333333017
26.5259,22.5659,antiTumourMacrophage,0.4523333333333001
26.8414,25.9372,antiTumourMacrophage,0.3440833333333121
24.3777,27.1257,antiTumourMacrophage,0.3731666666666422
27.5294,22.0021,antiTumourMacrophage,0.3874166666666406
24.9171,27.0632,antiTumourMacrophage,0.3858333333333075
28.4337,23.3142,antiTumourMacrophage,0.3866666666666407
27.0053,25.1279,antiTumourMacrophage,0.2581666666666549
22.7834,26.7937,antiTumourMacrophage,0.3554166666666442
22.0337,23.7651,antiTumourMacrophage,0.3272499999999806
22.2779,26.2946,antiTumourMacrophage,0.3411666666666457
26.0818,22.0931,antiTumourMacrophage,0.2525833333333221
26.9061,22.3285,antiTumourMacrophage,0.3212499999999813
27.0017,26.3262,antiTumourMacrophage,0.2459999999999895
25.0634,25.8062,antiTumourMacrophage,0.244083333333323
25.4699,27.0255,antiTumourMacrophage,0.2730833333333199
27.5936,23.7855,antiTumourMacrophage,0.2339999999999908
21.9899,24.4166,antiTumourMacrophage,0.1909999999999956
25.8689,22.9484,antiTumourMacrophage,0.2800833333333191
27.9735,25.983,antiTumourMacrophage,0.1243333333333361
27.6361,22.9976,antiTumourMacrophage,0.1665833333333316
23.5932,22.4107,antiTumourMacrophage,0.1457500000000005
29.7529,28.057,antiTumourMacrophage,0.0810833333333337
28.6949,25.1444,antiTumourMacrophage,0.1060000000000018
31.2394,18.7263,antiTumourMacrophage,0.0318333333333335
27.3615,24.669,antiTumourMacrophage,0.1677499999999981
26.0895,26.9837,antiTumourMacrophage,0.1281666666666691
25.3756,21.9997,antiTumourMacrophage,0.1459166666666672
19.0683,18.8736,antiTumourMacrophage,0.0258333333333334
33.4063,26.5915,antiTumourMacrophage,0.0205833333333333
30.8277,26.6837,antiTumourMacrophage,0.0502499999999996
36.4323,27.1551,antiTumourMacrophage,0.0
35.6948,30.4303,antiTumourMacrophage,0.0
27.7207,27.6178,antiTumourMacrophage,0.0769166666666668
32.1501,27.6766,antiTumourMacrophage,0.0287500000000001
33.1994,10.585,antiTumourMacrophage,0.0
26.598,32.2696,antiTumourMacrophage,0.0129999999999999
36.8015,6.21945,antiTumourMacrophage,0.0
40.8044,9.45857,antiTumourMacrophage,0.0
41.5408,34.2153,antiTumourMacrophage,0.0
9.7896,20.9976,antiTumourMacrophage,0.0
28.4413,39.8011,antiTumourMacrophage,0.0
4.08012,4.58444,antiTumourMacrophage,0.0
34.1948,9.26075,antiTumourMacrophage,0.0
8.59096,16.4966,antiTumourMacrophage,0.0
42.8949,0.662259,antiTumourMacrophage,0.0
