points_x,points_y,celltypes,phenotypes
30.0019,25.0953,antiTumourMacrophage,0.0
19.9704,25.002,antiTumourMacrophage,0.4786666666666306
26.8318,24.4107,antiTumourMacrophage,0.4209999999999703
27.9302,22.7466,antiTumourMacrophage,0.3704166666666425
28.4415,23.0793,antiTumourMacrophage,0.4120833333333046
26.4771,22.7746,antiTumourMacrophage,0.3786666666666416
22.7427,25.6736,antiTumourMacrophage,0.3829166666666411
24.673,22.6474,antiTumourMacrophage,0.3495833333333115
24.208,22.2261,antiTumourMacrophage,0.3556666666666441
26.4262,26.6683,antiTumourMacrophage,0.3437499999999788
23.0959,22.2628,antiTumourMacrophage,0.3187499999999815
24.5998,27.3868,antiTumourMacrophage,0.2879999999999849
23.4761,27.5513,antiTumourMacrophage,0.2864166666666518
24.9957,26.5436,antiTumourMacrophage,0.2313333333333244
23.6071,23.6404,antiTumourMacrophage,0.2045833333333274
21.4502,23.016,antiTumourMacrophage,0.2259999999999917
23.1201,27.1638,antiTumourMacrophage,0.2225833333333254
26.931,22.9882,antiTumourMacrophage,0.2107499999999934
20.8404,23.5108,antiTumourMacrophage,0.2161666666666594
22.9955,26.713,antiTumourMacrophage,0.1500000000000001
22.6114,24.5872,antiTumourMacrophage,0.1944166666666618
21.6781,25.9699,antiTumourMacrophage,0.1144166666666689
25.1138,27.2045,antiTumourMacrophage,0.1544999999999996
22.2989,24.2752,antiTumourMacrophage,0.1310833333333355
22.7426,26.3204,antiTumourMacrophage,0.116666666666669
28.0124,27.951,antiTumourMacrophage,0.1085000000000019
20.989,25.9747,antiTumourMacrophage,0.0535833333333329
22.7105,22.9159,antiTumourMacrophage,0.0810000000000003
37.9056,37.0368,antiTumourMacrophage,0.0
14.5883,25.5072,antiTumourMacrophage,0.0104999999999999
13.9035,42.9214,antiTumourMacrophage,0.0
34.9863,37.112,antiTumourMacrophage,0.0
9.98978,15.7927,antiTumourMacrophage,0.0
