points_x,points_y,celltypes,phenotypes
24.2091,25.6576,antiTumourMacrophage,0.2218333333333255
26.4573,26.8104,antiTumourMacrophage,0.1601666666666656
26.289,24.444,antiTumourMacrophage,0.1524999999999998
22.8828,23.9866,antiTumourMacrophage,0.1395833333333345
16.2516,26.9283,antiTumourMacrophage,0.0360833333333334
21.9077,32.0553,antiTumourMacrophage,0.0275833333333334
21.8648,26.6706,antiTumourMacrophage,0.1091666666666686
31.2843,28.0331,antiTumourMacrophage,0.0282500000000001
13.5044,27.7916,antiTumourMacrophage,0.0
39.7367,26.1816,antiTumourMacrophage,0.0
38.7006,6.32287,antiTumourMacrophage,0.0
3.6539,32.4295,antiTumourMacrophage,0.0
