points_x,points_y,celltypes,phenotypes
22.0325,23.7907,antiTumourMacrophage,0.4803333333332971
23.3305,25.8138,antiTumourMacrophage,0.3633333333333099
22.6811,23.3365,antiTumourMacrophage,0.338916666666646
21.9873,24.9586,antiTumourMacrophage,0.2919166666666511
24.6992,25.6023,antiTumourMacrophage,0.2359166666666573
24.9494,22.9435,antiTumourMacrophage,0.2424166666666566
22.0151,24.4515,antiTumourMacrophage,0.1884166666666625
23.5732,22.99,antiTumourMacrophage,0.1894166666666624
26.0061,23.9984,antiTumourMacrophage,0.1122500000000021
25.7747,27.0848,antiTumourMacrophage,0.0463333333333331
23.61,26.8402,antiTumourMacrophage,0.1669999999999982
26.0013,25.513,antiTumourMacrophage,0.0744166666666666
25.5004,24.3568,antiTumourMacrophage,0.1374166666666681
21.117,24.9957,antiTumourMacrophage,0.1309166666666688
30.8787,27.5571,antiTumourMacrophage,0.0
35.7788,20.5699,antiTumourMacrophage,0.0
32.6861,31.0226,antiTumourMacrophage,0.0
40.7318,38.9042,antiTumourMacrophage,0.0
34.6926,31.0915,antiTumourMacrophage,0.0
35.9949,14.1307,antiTumourMacrophage,0.0
36.6958,44.8468,antiTumourMacrophage,0.0
16.8896,37.3133,antiTumourMacrophage,0.0
45.2465,43.2069,antiTumourMacrophage,0.0
8.70718,37.2417,antiTumourMacrophage,0.0
6.65654,28.6123,antiTumourMacrophage,0.0
15.9102,5.61934,antiTumourMacrophage,0.0
25.4786,8.28195,antiTumourMacrophage,0.0
40.469,28.5359,antiTumourMacrophage,0.0
28.9507,46.6606,antiTumourMacrophage,0.0
