points_x,points_y,celltypes,phenotypes
28.3033,23.6066,antiTumourMacrophage,0.4935833333332956
26.0408,20.7438,antiTumourMacrophage,0.4694166666666316
27.4193,26.3261,antiTumourMacrophage,0.4190833333333038
22.4894,23.7175,antiTumourMacrophage,0.4118333333333046
28.146,19.4649,antiTumourMacrophage,0.3940833333333066
22.0913,25.4948,antiTumourMacrophage,0.3465833333333118
22.2315,24.5335,antiTumourMacrophage,0.3648333333333098
28.0818,21.4368,antiTumourMacrophage,0.359499999999977
27.023,25.9248,antiTumourMacrophage,0.3642499999999765
23.7658,22.2574,antiTumourMacrophage,0.3833333333333077
24.293,21.7517,antiTumourMacrophage,0.3214999999999812
28.9898,23.0369,antiTumourMacrophage,0.3242499999999809
28.3022,20.3079,antiTumourMacrophage,0.3574999999999773
26.0189,26.6489,antiTumourMacrophage,0.1879999999999959
23.3265,26.8939,antiTumourMacrophage,0.2585833333333215
27.9366,24.0679,antiTumourMacrophage,0.2738333333333198
26.6359,24.0375,antiTumourMacrophage,0.2654999999999874
24.6267,27.0332,antiTumourMacrophage,0.1663333333333316
22.8163,26.8024,antiTumourMacrophage,0.1475833333333337
25.6703,23.5025,antiTumourMacrophage,0.2274999999999915
26.7481,24.6404,antiTumourMacrophage,0.1739166666666641
27.431,20.5729,antiTumourMacrophage,0.1791666666666635
27.8951,20.0151,antiTumourMacrophage,0.1683333333333314
23.0459,24.8023,antiTumourMacrophage,0.1529166666666664
22.4933,26.2313,antiTumourMacrophage,0.129416666666669
27.1241,24.9121,antiTumourMacrophage,0.1638333333333319
22.9918,24.1172,antiTumourMacrophage,0.1021666666666682
30.0068,26.3078,antiTumourMacrophage,0.0099166666666666
26.4942,20.3671,antiTumourMacrophage,0.0935833333333344
29.7972,20.5365,antiTumourMacrophage,0.0628333333333327
32.3824,15.4834,antiTumourMacrophage,0.0
15.9078,32.8495,antiTumourMacrophage,0.0
19.7291,25.9906,antiTumourMacrophage,0.0200833333333333
18.1069,25.9252,antiTumourMacrophage,0.00675
14.4453,33.5107,antiTumourMacrophage,0.0
20.1947,21.015,antiTumourMacrophage,0.0060833333333333
31.4168,35.7852,antiTumourMacrophage,0.0
29.0001,34.9825,antiTumourMacrophage,0.0
11.7473,18.0736,antiTumourMacrophage,0.0
46.4226,11.1108,antiTumourMacrophage,0.0
17.4065,3.00059,antiTumourMacrophage,0.0
