points_x,points_y,celltypes,phenotypes
25.2424,25.0223,antiTumourMacrophage,0.4224166666666368
25.9071,23.9779,antiTumourMacrophage,0.4604999999999659
25.4219,26.1544,antiTumourMacrophage,0.3101666666666491
25.1375,25.4524,antiTumourMacrophage,0.3166666666666484
24.229,24.0005,antiTumourMacrophage,0.1737499999999975
24.0059,26.0002,antiTumourMacrophage,0.1052500000000017
22.9927,8.80689,antiTumourMacrophage,0.0
22.4393,14.1764,antiTumourMacrophage,0.0
27.0051,39.4999,antiTumourMacrophage,0.0
37.0601,5.24901,antiTumourMacrophage,0.0
17.9749,43.4426,antiTumourMacrophage,0.0
