points_x,points_y,celltypes,phenotypes
22.9299,27.2223,antiTumourMacrophage,0.4451666666666343
25.4738,26.6822,antiTumourMacrophage,0.4389999999999683
27.1121,24.8457,antiTumourMacrophage,0.3742499999999754
27.1527,23.8381,antiTumourMacrophage,0.4236666666666366
27.287,22.5837,antiTumourMacrophage,0.4649166666666321
23.5215,25.5304,antiTumourMacrophage,0.4588333333332994
27.5803,24.3995,antiTumourMacrophage,0.3413333333333124
25.2641,23.2455,antiTumourMacrophage,0.2627499999999877
24.2959,25.4984,antiTumourMacrophage,0.3214999999999812
26.0274,25.8974,antiTumourMacrophage,0.2676666666666538
26.5035,22.9356,antiTumourMacrophage,0.2058333333333273
24.7444,23.0297,antiTumourMacrophage,0.1889999999999958
26.7248,26.1253,antiTumourMacrophage,0.0718333333333332
14.1018,31.8955,antiTumourMacrophage,0.0
23.5102,23.0192,antiTumourMacrophage,0.1239166666666694
26.7262,19.0581,antiTumourMacrophage,0.0462499999999997
20.7444,25.4594,antiTumourMacrophage,0.0266666666666667
31.4703,13.9234,antiTumourMacrophage,0.0
32.4025,21.0425,antiTumourMacrophage,0.0
25.0085,20.173,antiTumourMacrophage,0.049583333333333
21.4447,13.9302,antiTumourMacrophage,0.0
25.1809,18.6917,antiTumourMacrophage,0.0253333333333334
4.556,40.0795,antiTumourMacrophage,0.0
19.2734,41.2286,antiTumourMacrophage,0.0
26.2594,15.8584,antiTumourMacrophage,0.0044166666666666
30.9573,6.77295,antiTumourMacrophage,0.0
26.9583,13.4826,antiTumourMacrophage,0.0
27.4596,11.4897,antiTumourMacrophage,0.0
16.6364,33.7408,antiTumourMacrophage,0.0
14.3936,34.1259,antiTumourMacrophage,0.0
3.03422,29.6828,antiTumourMacrophage,0.0
17.5366,6.77977,antiTumourMacrophage,0.0
21.8493,41.8433,antiTumourMacrophage,0.0
25.0651,6.36298,antiTumourMacrophage,0.0
