points_x,points_y,celltypes,phenotypes
22.466,25.9956,antiTumourMacrophage,0.4675833333332985
21.6773,27.5204,antiTumourMacrophage,0.4345833333333021
26.1195,27.5202,antiTumourMacrophage,0.4595833333332993
28.0565,25.1218,antiTumourMacrophage,0.447916666666634
26.6876,22.6781,antiTumourMacrophage,0.4271666666666363
25.1907,22.2983,antiTumourMacrophage,0.3561666666666441
22.882,23.1123,antiTumourMacrophage,0.3677499999999761
25.1114,26.754,antiTumourMacrophage,0.3424999999999789
22.5174,27.9803,antiTumourMacrophage,0.3765833333333085
22.0895,23.9281,antiTumourMacrophage,0.3118333333333156
23.6964,24.2971,antiTumourMacrophage,0.2973333333333172
24.165,27.9978,antiTumourMacrophage,0.2734166666666532
23.7781,23.008,antiTumourMacrophage,0.3056666666666496
21.9304,25.2872,antiTumourMacrophage,0.2686666666666537
21.2829,25.1817,antiTumourMacrophage,0.2715833333333201
21.1625,26.6358,antiTumourMacrophage,0.2939166666666509
23.3272,24.6429,antiTumourMacrophage,0.3191666666666481
26.4954,23.9383,antiTumourMacrophage,0.2669999999999872
23.6834,27.8322,antiTumourMacrophage,0.2395833333333235
27.8253,26.1561,antiTumourMacrophage,0.1080000000000019
20.9921,24.9927,antiTumourMacrophage,0.0919166666666676
20.6944,28.4988,antiTumourMacrophage,0.0334166666666668
32.0485,24.0068,antiTumourMacrophage,0.0590833333333327
10.1129,0.854827,antiTumourMacrophage,0.0
