points_x,points_y,celltypes,phenotypes
28.3519,20.7968,antiTumourMacrophage,0.1025000000000016
25.4157,28.4256,antiTumourMacrophage,0.2189166666666591
31.4736,11.4787,antiTumourMacrophage,0.0
25.4697,24.2102,antiTumourMacrophage,0.3784166666666416
20.0773,23.5881,antiTumourMacrophage,0.4146666666666376
21.852,24.7341,antiTumourMacrophage,0.4694166666666316
20.2675,21.8274,antiTumourMacrophage,0.4378333333333017
18.4018,10.2216,antiTumourMacrophage,0.0
23.5608,28.2232,antiTumourMacrophage,0.1589166666666658
27.2961,23.0105,antiTumourMacrophage,0.2791666666666526
20.3971,25.8648,antiTumourMacrophage,0.3334166666666466
28.6404,22.4956,antiTumourMacrophage,0.1501666666666667
31.9591,28.302,antiTumourMacrophage,0.0497499999999997
19.1041,18.9071,antiTumourMacrophage,0.0
27.2924,26.8588,antiTumourMacrophage,0.3122499999999822
20.7973,20.3888,antiTumourMacrophage,0.1754999999999973
31.8553,20.004,antiTumourMacrophage,0.0
24.0834,19.8124,antiTumourMacrophage,0.1199166666666692
20.1238,28.89,antiTumourMacrophage,0.0
28.5372,28.3711,antiTumourMacrophage,0.244583333333323
12.5543,32.3095,antiTumourMacrophage,0.0
22.0026,28.2658,antiTumourMacrophage,0.0788333333333336
34.6663,29.7369,antiTumourMacrophage,0.0
36.0125,37.3534,antiTumourMacrophage,0.0
37.3115,21.4934,antiTumourMacrophage,0.0
27.9885,33.9067,antiTumourMacrophage,0.0
24.2063,13.4093,antiTumourMacrophage,0.0
10.2138,10.9584,antiTumourMacrophage,0.0
35.6623,24.0536,antiTumourMacrophage,0.0
38.7012,40.2618,antiTumourMacrophage,0.0
16.9992,30.1297,antiTumourMacrophage,0.0
10.7576,2.80847,antiTumourMacrophage,0.0
11.0495,25.4588,antiTumourMacrophage,0.0
29.2887,37.6876,antiTumourMacrophage,0.0
34.2512,15.9237,antiTumourMacrophage,0.0
36.0572,7.48513,antiTumourMacrophage,0.0
37.4442,4.56069,antiTumourMacrophage,0.0
25.9118,40.9,antiTumourMacrophage,0.0
34.4464,34.4075,antiTumourMacrophage,0.0
39.5144,24.549,antiTumourMacrophage,0.0
14.6557,35.3677,antiTumourMacrophage,0.0
44.2555,34.9194,antiTumourMacrophage,0.0
7.89775,1.14816,antiTumourMacrophage,0.0
40.6861,32.71,antiTumourMacrophage,0.0
7.43689,36.7915,antiTumourMacrophage,0.0
45.7765,35.822,antiTumourMacrophage,0.0
12.9076,37.2261,antiTumourMacrophage,0.0
44.1022,11.4975,antiTumourMacrophage,0.0
4.77775,6.93594,antiTumourMacrophage,0.0
47.1463,1.80677,antiTumourMacrophage,0.0
30.859,46.045,antiTumourMacrophage,0.0
46.8917,37.2918,antiTumourMacrophage,0.0
6.171,29.1135,antiTumourMacrophage,0.0
