points_x,points_y,celltypes,phenotypes
25.1656,21.941,antiTumourMacrophage,0.498833333333295
24.0009,22.8829,antiTumourMacrophage,0.492666666666629
25.9987,22.2869,antiTumourMacrophage,0.4312499999999691
26.6328,24.2309,antiTumourMacrophage,0.3144166666666487
24.3615,24.3548,antiTumourMacrophage,0.2833333333333188
24.9998,25.1033,antiTumourMacrophage,0.2044999999999941
25.9891,24.6104,antiTumourMacrophage,0.1609999999999989
24.9671,24.6572,antiTumourMacrophage,0.1849166666666629
25.9889,25.032,antiTumourMacrophage,0.1734166666666642
24.5816,22.0413,antiTumourMacrophage,0.1010833333333348
26.4623,25.5358,antiTumourMacrophage,0.0400833333333332
34.9806,30.4119,antiTumourMacrophage,0.0
46.6404,17.3008,antiTumourMacrophage,0.0
11.866,37.037,antiTumourMacrophage,0.0
