points_x,points_y,celltypes,phenotypes
22.7951,25.6235,antiTumourMacrophage,0.4672499999999652
23.2203,24.983,antiTumourMacrophage,0.3314166666666468
25.7994,22.9249,antiTumourMacrophage,0.3073333333333161
22.4451,23.489,antiTumourMacrophage,0.3482499999999783
25.8753,22.3489,antiTumourMacrophage,0.3254166666666475
25.8984,21.9346,antiTumourMacrophage,0.293166666666651
24.244,25.0209,antiTumourMacrophage,0.2923333333333178
26.1423,23.6331,antiTumourMacrophage,0.1545833333333329
26.0895,25.8948,antiTumourMacrophage,0.1379166666666681
23.984,21.9942,antiTumourMacrophage,0.093000000000001
22.7291,24.7775,antiTumourMacrophage,0.1085833333333352
23.503,24.5832,antiTumourMacrophage,0.0709166666666664
29.8298,18.4261,antiTumourMacrophage,0.0239166666666667
11.7183,37.1028,antiTumourMacrophage,0.0
