points_x,points_y,celltypes,phenotypes
24.632,27.2658,antiTumourMacrophage,0.4261666666666364
27.7456,25.7217,antiTumourMacrophage,0.465916666666632
26.2111,26.421,antiTumourMacrophage,0.4159999999999708
25.9133,24.6883,antiTumourMacrophage,0.3915833333333068
23.5092,27.5181,antiTumourMacrophage,0.3519166666666445
24.5288,24.9732,antiTumourMacrophage,0.3618333333333101
22.636,23.3561,antiTumourMacrophage,0.2911666666666512
22.9829,24.9635,antiTumourMacrophage,0.2788333333333193
27.1152,25.1612,antiTumourMacrophage,0.2534999999999887
26.7652,24.4014,antiTumourMacrophage,0.292916666666651
25.4026,24.4655,antiTumourMacrophage,0.2189166666666591
25.5505,25.1722,antiTumourMacrophage,0.2909999999999846
25.6831,23.4868,antiTumourMacrophage,0.2038333333333275
24.7057,26.5176,antiTumourMacrophage,0.1689166666666647
25.2231,23.1147,antiTumourMacrophage,0.0951666666666678
24.2165,22.9828,antiTumourMacrophage,0.0955000000000012
27.8313,27.8385,antiTumourMacrophage,0.1539999999999996
28.585,26.2126,antiTumourMacrophage,0.0715833333333332
29.7824,24.3762,antiTumourMacrophage,0.0474999999999997
22.0414,21.1814,antiTumourMacrophage,0.0552499999999995
29.2072,11.8663,antiTumourMacrophage,0.0
45.9666,13.5661,antiTumourMacrophage,0.0
39.4945,39.0876,antiTumourMacrophage,0.0
