points_x,points_y,celltypes,phenotypes
27.0942,24.9644,antiTumourMacrophage,0.4362499999999686
23.0867,25.0307,antiTumourMacrophage,0.3158333333333152
26.8608,23.4918,antiTumourMacrophage,0.3695833333333093
21.8922,24.2021,antiTumourMacrophage,0.3519999999999779
21.9851,26.5647,antiTumourMacrophage,0.4490833333333005
22.1152,27.1415,antiTumourMacrophage,0.4452499999999676
26.356,25.552,antiTumourMacrophage,0.3502499999999781
25.2936,26.5626,antiTumourMacrophage,0.435583333333302
23.4114,20.5894,antiTumourMacrophage,0.3938333333333066
24.004,27.9981,antiTumourMacrophage,0.4344999999999688
24.3447,19.2883,antiTumourMacrophage,0.2975833333333172
21.6002,25.0398,antiTumourMacrophage,0.2607499999999879
22.0455,26.0657,antiTumourMacrophage,0.3584166666666438
24.8462,19.1313,antiTumourMacrophage,0.2667499999999873
22.9161,20.903,antiTumourMacrophage,0.3428333333333122
23.0113,22.6805,antiTumourMacrophage,0.2207499999999923
24.1886,26.2894,antiTumourMacrophage,0.0948333333333345
22.5715,23.4748,antiTumourMacrophage,0.2259166666666584
23.0494,23.0871,antiTumourMacrophage,0.1310833333333355
29.0517,20.0696,antiTumourMacrophage,0.0455833333333331
25.1682,20.7748,antiTumourMacrophage,0.0514999999999996
28.2755,20.279,antiTumourMacrophage,0.1084166666666686
22.9771,22.1436,antiTumourMacrophage,0.1301666666666689
21.66,25.6762,antiTumourMacrophage,0.0935833333333344
32.9048,20.9718,antiTumourMacrophage,0.0399999999999999
23.2432,21.4427,antiTumourMacrophage,0.0570833333333328
20.9988,24.986,antiTumourMacrophage,0.0697499999999997
26.7327,20.012,antiTumourMacrophage,0.0789166666666669
26.79,28.8259,antiTumourMacrophage,0.0139166666666666
30.7194,20.9836,antiTumourMacrophage,0.0280000000000001
23.6841,30.9511,antiTumourMacrophage,0.0011666666666666
23.7297,19.415,antiTumourMacrophage,0.0299166666666668
15.8304,31.3277,antiTumourMacrophage,0.0
43.1472,35.2818,antiTumourMacrophage,0.0
22.3877,17.5945,antiTumourMacrophage,0.0174166666666666
21.1256,16.4289,antiTumourMacrophage,0.0
41.2601,26.024,antiTumourMacrophage,0.0
39.903,22.2017,antiTumourMacrophage,0.0
22.3393,40.2962,antiTumourMacrophage,0.0
31.4305,44.5978,antiTumourMacrophage,0.0
47.3147,28.5456,antiTumourMacrophage,0.0
3.52553,22.7756,antiTumourMacrophage,0.0
