points_x,points_y,celltypes,phenotypes
23.2655,24.0784,antiTumourMacrophage,0.48391666666663
24.9087,23.9533,antiTumourMacrophage,0.3915833333333068
24.6304,22.9824,antiTumourMacrophage,0.4119166666666379
25.755,24.8482,antiTumourMacrophage,0.3913333333333069
24.465,25.9955,antiTumourMacrophage,0.3719166666666423
31.3913,28.6599,antiTumourMacrophage,0.0
30.3747,12.4142,antiTumourMacrophage,0.0
5.38278,16.803,antiTumourMacrophage,0.0
44.0576,35.63,antiTumourMacrophage,0.0
