points_x,points_y,celltypes,phenotypes
20.5885,21.593,antiTumourMacrophage,0.4748333333332977
18.2236,24.9965,antiTumourMacrophage,0.263333333333321
19.8417,25.0472,antiTumourMacrophage,0.3394166666666459
19.0068,21.4171,antiTumourMacrophage,0.2987499999999837
18.5224,23.2107,antiTumourMacrophage,0.1563333333333327
14.883,39.2307,antiTumourMacrophage,0.0
25.6523,17.7977,antiTumourMacrophage,0.151
12.0823,32.5181,antiTumourMacrophage,0.0
23.5926,15.8104,antiTumourMacrophage,0.060166666666666
29.0882,35.6379,antiTumourMacrophage,0.0
13.958,22.694,antiTumourMacrophage,0.0
15.2851,17.1757,antiTumourMacrophage,0.0
8.00168,22.5004,antiTumourMacrophage,0.0
2.71388,3.58771,antiTumourMacrophage,0.0
31.1585,40.8387,antiTumourMacrophage,0.0
38.0518,48.3484,antiTumourMacrophage,0.0
42.2202,14.6936,antiTumourMacrophage,0.0
