points_x,points_y,celltypes,phenotypes
24.1996,24.2006,antiTumourMacrophage,0.2014166666666611
24.9977,25.4789,antiTumourMacrophage,0.2713333333333201
23.3112,24.6876,antiTumourMacrophage,0.2079999999999937
24.9948,24.9882,antiTumourMacrophage,0.1046666666666683
25.7364,25.979,antiTumourMacrophage,0.0995833333333347
23.4597,25.4745,antiTumourMacrophage,0.1403333333333345
25.8035,23.9155,antiTumourMacrophage,0.0733333333333332
26.0158,29.91,antiTumourMacrophage,0.03625
39.8718,3.44184,antiTumourMacrophage,0.0
