points_x,points_y,celltypes,phenotypes
21.1862,25.245,antiTumourMacrophage,0.4778333333332973
22.1242,27.9055,antiTumourMacrophage,0.4897499999999627
25.15,21.8936,antiTumourMacrophage,0.4871666666666296
23.5894,27.3358,antiTumourMacrophage,0.466166666666632
25.0077,27.9619,antiTumourMacrophage,0.3696666666666426
23.991,23.1247,antiTumourMacrophage,0.413999999999971
28.9711,25.807,antiTumourMacrophage,0.2730833333333199
21.7082,26.4737,antiTumourMacrophage,0.4074999999999718
25.1016,22.8524,antiTumourMacrophage,0.3257499999999808
23.6599,22.703,antiTumourMacrophage,0.3419166666666456
28.9999,25.0554,antiTumourMacrophage,0.296499999999984
26.2632,23.8883,antiTumourMacrophage,0.274916666666653
23.1174,25.3255,antiTumourMacrophage,0.2227499999999921
26.8053,22.3703,antiTumourMacrophage,0.1587499999999991
24.8116,24.1696,antiTumourMacrophage,0.1705833333333311
26.9925,26.9801,antiTumourMacrophage,0.1655833333333317
28.5012,24.5212,antiTumourMacrophage,0.189833333333329
28.0086,23.0418,antiTumourMacrophage,0.1195833333333359
20.6396,28.0154,antiTumourMacrophage,0.2283333333333248
19.8727,26.1038,antiTumourMacrophage,0.2351666666666574
23.2504,24.8847,antiTumourMacrophage,0.1886666666666625
21.1977,27.267,antiTumourMacrophage,0.1837499999999964
26.6592,23.2418,antiTumourMacrophage,0.1462500000000005
20.3526,27.6206,antiTumourMacrophage,0.2096666666666602
20.963,26.8754,antiTumourMacrophage,0.1721666666666643
25.5188,22.5109,antiTumourMacrophage,0.0648333333333328
22.6679,23.8687,antiTumourMacrophage,0.0439999999999998
25.9691,20.7363,antiTumourMacrophage,0.0355
30.1164,32.2645,antiTumourMacrophage,0.0017499999999999
12.756,31.2671,antiTumourMacrophage,0.086083333333334
23.6079,18.95,antiTumourMacrophage,0.006
13.346,31.9697,antiTumourMacrophage,0.0226666666666667
14.2963,6.92694,antiTumourMacrophage,0.0
24.8036,4.56882,antiTumourMacrophage,0.0
