points_x,points_y,celltypes,phenotypes
30.5988,21.9011,antiTumourMacrophage,0.4198333333333037
25.1407,27.699,antiTumourMacrophage,0.2341666666666575
27.388,28.0473,antiTumourMacrophage,0.3747499999999754
28.137,29.4909,antiTumourMacrophage,0.1168333333333357
21.4636,24.4273,antiTumourMacrophage,0.4469999999999674
19.0941,23.0827,antiTumourMacrophage,0.359749999999977
20.169,24.8204,antiTumourMacrophage,0.372333333333309
18.8951,24.9718,antiTumourMacrophage,0.3109999999999824
21.4324,26.3804,antiTumourMacrophage,0.3757499999999752
30.0978,31.6691,antiTumourMacrophage,0.0
23.6431,22.8247,antiTumourMacrophage,0.2605833333333213
19.6065,26.2317,antiTumourMacrophage,0.1140833333333355
29.4505,23.9176,antiTumourMacrophage,0.1201666666666692
20.5694,27.4394,antiTumourMacrophage,0.2035833333333275
29.1147,20.5099,antiTumourMacrophage,0.3132499999999821
32.3174,20.5176,antiTumourMacrophage,0.2676666666666538
31.5734,35.2135,antiTumourMacrophage,0.0
21.2123,29.1119,antiTumourMacrophage,0.3005833333333169
33.9401,37.3832,antiTumourMacrophage,0.0
19.8789,18.7635,antiTumourMacrophage,0.00625
21.8912,22.7104,antiTumourMacrophage,0.2002499999999945
19.0512,20.979,antiTumourMacrophage,0.0734166666666666
18.1981,26.8744,antiTumourMacrophage,0.0385833333333333
40.7046,24.5581,antiTumourMacrophage,0.0
35.6862,30.143,antiTumourMacrophage,0.0
10.2523,25.5946,antiTumourMacrophage,0.0
12.6951,14.1697,antiTumourMacrophage,0.0
14.9365,15.1491,antiTumourMacrophage,0.0
16.5769,17.4798,antiTumourMacrophage,0.0
38.7974,38.8922,antiTumourMacrophage,0.0
40.9312,41.1015,antiTumourMacrophage,0.0
36.2755,17.2186,antiTumourMacrophage,0.0
21.672,41.9214,antiTumourMacrophage,0.0
38.7907,43.549,antiTumourMacrophage,0.0
40.9104,44.8303,antiTumourMacrophage,0.0
4.74614,24.567,antiTumourMacrophage,0.0
17.4641,40.6591,antiTumourMacrophage,0.0
11.5383,29.3111,antiTumourMacrophage,0.0
25.5798,44.317,antiTumourMacrophage,0.0
41.7279,45.4417,antiTumourMacrophage,0.0
3.08352,30.1324,antiTumourMacrophage,0.0
39.1777,40.5291,antiTumourMacrophage,0.0
40.4066,13.1422,antiTumourMacrophage,0.0
