points_x,points_y,celltypes,phenotypes
26.4833,25.5364,antiTumourMacrophage,0.4486666666666339
25.8914,28.1585,antiTumourMacrophage,0.4364999999999686
24.7718,25.0381,antiTumourMacrophage,0.4034999999999722
23.5292,23.7295,antiTumourMacrophage,0.3985833333333061
23.4345,27.2404,antiTumourMacrophage,0.420666666666637
26.7334,26.4214,antiTumourMacrophage,0.3908333333333069
23.489,24.2096,antiTumourMacrophage,0.3104166666666491
26.9467,27.496,antiTumourMacrophage,0.3199166666666481
27.7511,27.7688,antiTumourMacrophage,0.2726666666666533
26.5391,26.9925,antiTumourMacrophage,0.2586666666666548
26.1798,24.0634,antiTumourMacrophage,0.2364999999999905
23.4302,25.8352,antiTumourMacrophage,0.2301666666666579
25.1169,23.0605,antiTumourMacrophage,0.2069999999999938
23.2643,24.7047,antiTumourMacrophage,0.1103333333333353
27.0065,26.9886,antiTumourMacrophage,0.098666666666668
22.0188,24.9747,antiTumourMacrophage,0.0554999999999995
25.5826,23.4752,antiTumourMacrophage,0.0398333333333333
16.2396,33.0662,antiTumourMacrophage,0.0
12.6093,18.3582,antiTumourMacrophage,0.0
33.0544,30.0795,antiTumourMacrophage,0.0
19.6474,25.1318,antiTumourMacrophage,0.0229166666666667
37.5867,36.4852,antiTumourMacrophage,0.0
40.3514,35.877,antiTumourMacrophage,0.0
