points_x,points_y,celltypes,phenotypes
27.9647,24.3509,antiTumourMacrophage,0.4846666666666299
26.2032,24.2321,antiTumourMacrophage,0.323749999999981
25.6003,26.3669,antiTumourMacrophage,0.2892499999999848
23.8435,24.1373,antiTumourMacrophage,0.2902499999999847
24.8157,23.2093,antiTumourMacrophage,0.2618333333333211
24.3719,24.3098,antiTumourMacrophage,0.183666666666663
23.6804,25.6155,antiTumourMacrophage,0.1435000000000008
24.1843,23.8257,antiTumourMacrophage,0.0647499999999994
22.4649,26.0141,antiTumourMacrophage,0.0316666666666668
25.9958,26.0017,antiTumourMacrophage,0.0458333333333331
19.0227,34.7025,antiTumourMacrophage,0.0
21.9487,18.6379,antiTumourMacrophage,0.0003333333333333
15.4794,29.793,antiTumourMacrophage,0.0
20.9998,2.60197,antiTumourMacrophage,0.0
