points_x,points_y,celltypes,phenotypes
25.5784,25.5864,antiTumourMacrophage,0.3018333333333167
25.3651,24.6289,antiTumourMacrophage,0.2576666666666549
25.9177,25.9316,antiTumourMacrophage,0.1884166666666625
24.0448,24.0455,antiTumourMacrophage,0.165916666666665
24.011,25.7639,antiTumourMacrophage,0.0526666666666662
28.7974,28.5556,antiTumourMacrophage,0.0285000000000001
19.5464,28.6861,antiTumourMacrophage,0.0086666666666666
33.1559,33.0458,antiTumourMacrophage,0.0
23.3457,14.7681,antiTumourMacrophage,0.0
