points_x,points_y,celltypes,phenotypes
23.4021,25.0048,antiTumourMacrophage,0.1650833333333317
24.0932,25.9095,antiTumourMacrophage,0.00625
25.9488,24.9557,antiTumourMacrophage,0.0
25.8938,23.8862,antiTumourMacrophage,0.0169999999999999
24.4032,23.8798,antiTumourMacrophage,0.0165833333333333
15.3817,13.0549,antiTumourMacrophage,0.0
