points_x,points_y,celltypes,phenotypes
26.5494,21.4369,antiTumourMacrophage,0.4994166666666283
28.2065,19.8079,antiTumourMacrophage,0.4859166666666298
30.0774,9.89596,antiTumourMacrophage,0.4541666666666333
26.7914,22.8495,antiTumourMacrophage,0.377999999999975
24.3614,26.3959,antiTumourMacrophage,0.2306666666666579
23.9978,24.3107,antiTumourMacrophage,0.2644999999999875
27.0002,23.5972,antiTumourMacrophage,0.2522499999999888
24.2572,23.5054,antiTumourMacrophage,0.2321666666666577
30.3548,10.8052,antiTumourMacrophage,0.2787499999999859
23.1146,23.2381,antiTumourMacrophage,0.1809999999999967
23.9787,27.9713,antiTumourMacrophage,0.1688333333333313
31.7176,10.2927,antiTumourMacrophage,0.1917499999999955
25.5749,26.0048,antiTumourMacrophage,0.1952499999999951
24.5903,26.7389,antiTumourMacrophage,0.2184166666666592
29.3674,8.45902,antiTumourMacrophage,0.1802499999999967
26.2381,25.7583,antiTumourMacrophage,0.1823333333333298
24.0099,26.0796,antiTumourMacrophage,0.1362500000000016
24.046,25.1269,antiTumourMacrophage,0.1504166666666667
31.0055,11.5302,antiTumourMacrophage,0.171583333333331
31.4293,10.5375,antiTumourMacrophage,0.1633333333333319
31.0658,10.9995,antiTumourMacrophage,0.2049166666666607
32.8992,9.76879,antiTumourMacrophage,0.1172500000000024
24.0073,25.6125,antiTumourMacrophage,0.122083333333336
23.0648,26.7284,antiTumourMacrophage,0.0610833333333327
23.004,24.3721,antiTumourMacrophage,0.0554166666666662
25.1775,26.9968,antiTumourMacrophage,0.0509999999999996
30.6572,10.5735,antiTumourMacrophage,0.1075000000000018
30.2478,10.3211,antiTumourMacrophage,0.0826666666666671
30.6406,14.0815,antiTumourMacrophage,0.0264166666666667
31.98,9.97785,antiTumourMacrophage,0.0603333333333327
41.2142,10.2062,antiTumourMacrophage,0.0
