points_x,points_y,celltypes,phenotypes
26.2705,23.244,antiTumourMacrophage,0.4269999999999696
21.4187,24.5224,antiTumourMacrophage,0.3780833333333083
25.4364,22.9574,antiTumourMacrophage,0.4591666666666327
28.3556,23.6639,antiTumourMacrophage,0.4876666666666296
24.2163,29.1099,antiTumourMacrophage,0.4524999999999668
22.1348,23.8742,antiTumourMacrophage,0.4033333333333055
26.2986,25.7231,antiTumourMacrophage,0.3735833333333088
18.2084,26.9764,antiTumourMacrophage,0.4480833333333006
24.7838,27.9928,antiTumourMacrophage,0.3261666666666474
23.3422,27.4659,antiTumourMacrophage,0.3586666666666438
23.2082,22.7994,antiTumourMacrophage,0.4209166666666369
25.2061,26.8349,antiTumourMacrophage,0.3838333333333077
25.6976,26.3012,antiTumourMacrophage,0.3530833333333111
30.0074,22.4841,antiTumourMacrophage,0.3914999999999735
18.7512,25.7691,antiTumourMacrophage,0.3298333333333136
17.7664,26.3662,antiTumourMacrophage,0.3930833333333067
18.7485,26.7974,antiTumourMacrophage,0.2036666666666608
22.5716,23.4124,antiTumourMacrophage,0.3314999999999801
20.3269,25.6045,antiTumourMacrophage,0.1350000000000017
23.7041,25.7211,antiTumourMacrophage,0.1772499999999971
18.2842,26.1753,antiTumourMacrophage,0.2229166666666587
27.757,23.6359,antiTumourMacrophage,0.2562499999999884
19.9665,26.0702,antiTumourMacrophage,0.1752499999999973
36.1782,17.7816,antiTumourMacrophage,0.2549166666666552
19.3743,25.6828,antiTumourMacrophage,0.2179999999999926
19.1459,27.0495,antiTumourMacrophage,0.0985000000000013
37.9635,16.6991,antiTumourMacrophage,0.0584166666666661
27.3853,24.9833,antiTumourMacrophage,0.1741666666666641
19.8479,25.0655,antiTumourMacrophage,0.1237500000000028
19.3901,26.6293,antiTumourMacrophage,0.1456666666666672
36.669,17.3469,antiTumourMacrophage,0.1293333333333357
33.8029,19.9878,antiTumourMacrophage,0.1240833333333361
37.3324,16.6918,antiTumourMacrophage,0.1193333333333358
24.132,28.0302,antiTumourMacrophage,0.0327500000000001
34.3358,19.6184,antiTumourMacrophage,0.0904166666666675
21.0146,26.763,antiTumourMacrophage,0.0630833333333327
37.7648,16.2276,antiTumourMacrophage,0.1070833333333352
20.6388,24.9026,antiTumourMacrophage,0.0353333333333334
18.9546,25.2794,antiTumourMacrophage,0.0216666666666667
29.0209,30.3923,antiTumourMacrophage,0.0
22.0307,12.2505,antiTumourMacrophage,0.0
15.6582,17.6734,antiTumourMacrophage,0.0
36.1868,43.9941,antiTumourMacrophage,0.0
31.9227,35.3994,antiTumourMacrophage,0.0
16.0873,44.1781,antiTumourMacrophage,0.0
