points_x,points_y,celltypes,phenotypes
28.8177,21.2126,antiTumourMacrophage,0.4902499999999626
24.6562,21.2205,antiTumourMacrophage,0.4674166666666318
25.9741,22.4712,antiTumourMacrophage,0.4581666666666328
24.6934,24.0457,antiTumourMacrophage,0.3800833333333081
25.5009,26.3026,antiTumourMacrophage,0.3956666666666397
22.2946,24.0482,antiTumourMacrophage,0.377999999999975
28.8829,20.1688,antiTumourMacrophage,0.3485833333333116
27.5268,22.9684,antiTumourMacrophage,0.304999999999983
23.1966,23.1773,antiTumourMacrophage,0.2546666666666553
24.492,24.4804,antiTumourMacrophage,0.2862499999999851
27.7726,20.2905,antiTumourMacrophage,0.2074166666666604
26.192,24.3398,antiTumourMacrophage,0.2454166666666562
23.6189,24.3886,antiTumourMacrophage,0.2015833333333277
24.2681,22.0765,antiTumourMacrophage,0.2089999999999936
24.1759,24.1337,antiTumourMacrophage,0.1674166666666648
25.7486,24.2349,antiTumourMacrophage,0.1015000000000015
24.279,25.7642,antiTumourMacrophage,0.1100833333333353
27.1601,23.0079,antiTumourMacrophage,0.1440000000000007
29.4727,19.9764,antiTumourMacrophage,0.1020000000000015
23.9873,26.0216,antiTumourMacrophage,0.0429166666666665
27.8862,22.1379,antiTumourMacrophage,0.1168333333333357
23.8008,23.835,antiTumourMacrophage,0.0529999999999996
32.8961,17.1014,antiTumourMacrophage,0.0459999999999998
32.8283,15.9061,antiTumourMacrophage,0.0150833333333333
32.4206,18.511,antiTumourMacrophage,0.0270833333333334
14.6076,7.39693,antiTumourMacrophage,0.0
20.9307,41.8124,antiTumourMacrophage,0.0
47.1524,7.11442,antiTumourMacrophage,0.0
8.04064,26.03,antiTumourMacrophage,0.0
