points_x,points_y,celltypes,phenotypes
23.9536,24.0376,antiTumourMacrophage,0.1549999999999995
24.986,24.8977,antiTumourMacrophage,0.0936666666666677
20.2575,31.3156,antiTumourMacrophage,0.0040833333333333
