points_x,points_y,celltypes,phenotypes
25.9742,25.7561,antiTumourMacrophage,0.487249999999963
24.3616,24.4953,antiTumourMacrophage,0.3035833333333165
23.995,23.6005,antiTumourMacrophage,0.1125833333333355
28.8645,13.4671,antiTumourMacrophage,0.0009166666666666
47.4089,30.7394,antiTumourMacrophage,0.0
