points_x,points_y,celltypes,phenotypes
19.1509,25.246,Macrophage,1.0
28.4084,27.8494,Macrophage,1.0
31.5062,19.9704,Macrophage,1.0
26.8582,18.6203,Macrophage,1.0
22.1571,20.4368,Macrophage,1.0
28.4672,25.8128,Macrophage,1.0
23.0784,17.0366,Macrophage,1.0
25.2031,20.738,Macrophage,0.7884166666665965
28.2011,17.1345,Macrophage,1.0
23.8114,21.6088,Macrophage,0.8281666666665921
28.5822,21.7235,Macrophage,0.9888333333332412
24.5457,18.9558,Macrophage,0.9919999999999074
23.8075,23.2278,Macrophage,0.6283333333332808
26.915,25.3654,Macrophage,0.6724166666666093
23.4583,24.5931,Macrophage,0.7495833333332674
24.9453,24.209,Macrophage,0.6255833333332811
26.9998,22.5985,Macrophage,0.3204999999999813
25.945,22.4758,Macrophage,0.492916666666629
25.2483,24.6563,Macrophage,0.4726666666666312
24.3354,23.0534,Macrophage,0.5994166666666173
25.4744,23.5629,Macrophage,0.4101666666666381
29.9564,22.3622,Macrophage,0.0669166666666662
32.3677,30.8411,Macrophage,0.0
18.034,31.099,Macrophage,0.0
25.4307,25.4908,Macrophage,0.2974166666666505
26.5229,24.1494,Macrophage,0.2721666666666533
28.0666,23.9857,Macrophage,0.1859999999999961
22.3123,19.0481,Macrophage,0.0926666666666677
23.5001,27.2756,Macrophage,0.1902499999999956
22.8654,23.2227,Macrophage,0.3624166666666434
26.928,21.1623,Macrophage,0.2328333333333243
32.2357,34.276,Macrophage,0.0
27.7283,20.0738,Macrophage,0.0656666666666661
15.8594,34.1298,Macrophage,0.0
34.6329,35.1467,Macrophage,0.0
27.8819,14.0867,Macrophage,0.0
30.3744,24.5731,Macrophage,0.0716666666666665
28.0792,29.6901,Macrophage,0.0538333333333329
29.9902,25.9926,Macrophage,0.1207500000000026
41.5176,14.4581,Macrophage,0.0
31.8777,12.8805,Macrophage,0.0
32.134,22.5785,Macrophage,0.0
32.3449,28.3247,Macrophage,0.0
24.2751,36.6764,Macrophage,0.0
28.0785,35.9507,Macrophage,0.0
18.9564,12.8177,Macrophage,0.0
22.297,34.0827,Macrophage,0.0
28.4319,38.2818,Macrophage,0.0
30.8332,10.6677,Macrophage,0.0
16.7336,8.31761,Macrophage,0.0
41.0318,20.6811,Macrophage,0.0
46.8585,8.75099,Macrophage,0.0
40.6131,25.5468,Macrophage,0.0
