points_x,points_y,celltypes,phenotypes
10.0314,17.0131,Macrophage,0.6616666666666104
19.2727,9.12038,Macrophage,0.5696666666666206
11.9704,18.1244,Macrophage,0.6371666666666131
17.6442,29.234,Macrophage,0.4195833333333038
19.7093,19.2353,Macrophage,0.3582499999999772
33.1238,27.004,Macrophage,0.4385833333333017
17.6356,27.4505,Macrophage,0.4914999999999625
22.8345,36.1509,Macrophage,0.5764166666666198
30.4072,27.5478,Macrophage,0.3079999999999827
18.1156,18.1606,Macrophage,0.2224166666666588
30.0146,29.3524,Macrophage,0.2347499999999907
35.4148,35.7893,Macrophage,0.0
29.9864,33.9645,Macrophage,0.0
16.6206,22.5387,Macrophage,0.1879166666666626
37.1803,38.239,Macrophage,0.0
39.0763,30.2465,Macrophage,0.0
31.6134,28.6364,Macrophage,0.1005000000000014
6.80927,19.7629,Macrophage,0.0
34.8907,38.0468,Macrophage,0.0
21.9316,14.3957,Macrophage,0.0350833333333334
45.1302,33.4327,Macrophage,0.0
10.3487,42.2904,Macrophage,0.0
5.66671,6.30096,Macrophage,0.0
8.06952,47.3468,Macrophage,0.0
7.19742,47.8365,Macrophage,0.0
38.4496,41.5976,Macrophage,0.0
