points_x,points_y,celltypes,phenotypes
28.7313,23.311,Macrophage,0.96924999999991
23.46,21.3994,Macrophage,0.9239999999999148
23.1837,24.1885,Macrophage,0.741499999999935
23.9213,26.2377,Macrophage,0.7050833333332723
26.2092,24.2485,Macrophage,0.5907499999999516
23.0256,25.5522,Macrophage,0.5388333333332906
23.4905,23.2519,Macrophage,0.5591666666666217
24.1029,25.8461,Macrophage,0.489583333333296
24.9102,23.8432,Macrophage,0.4609166666666325
23.0073,26.0503,Macrophage,0.3904999999999736
24.9432,23.3426,Macrophage,0.3094999999999825
24.3998,25.6039,Macrophage,0.2665833333333206
24.465,23.5745,Macrophage,0.3290833333333137
23.2266,24.753,Macrophage,0.2818333333333189
24.7057,24.7712,Macrophage,0.2689166666666537
25.0217,22.9406,Macrophage,0.1743333333333307
26.0287,25.9688,Macrophage,0.0313333333333335
25.3128,25.5808,Macrophage,0.0646666666666661
22.1833,24.2196,Macrophage,0.0378333333333333
16.1536,33.729,Macrophage,0.0
