points_x,points_y,celltypes,phenotypes
41.2391,27.7882,Macrophage,0.0
13.8692,32.4902,Macrophage,0.0
15.8019,8.10913,Macrophage,0.0
10.2241,22.9726,Macrophage,0.0
12.6508,34.5071,Macrophage,0.0
41.3961,41.1168,Macrophage,0.0
38.4842,5.35678,Macrophage,0.0
11.3635,9.29777,Macrophage,0.0
45.6632,41.7625,Macrophage,0.0
25.0742,41.9734,Macrophage,0.0
19.6943,35.9462,Macrophage,0.0
40.1882,9.10682,Macrophage,0.0
38.9439,33.7782,Macrophage,0.0
8.56141,37.4957,Macrophage,0.0
26.7536,8.53821,Macrophage,0.0
22.2721,7.86386,Macrophage,0.0
44.5393,45.0121,Macrophage,0.0
19.0209,38.105,Macrophage,0.0
41.5907,35.525,Macrophage,0.0
47.1859,42.5135,Macrophage,0.0
4.93967,18.5056,Macrophage,0.0
43.4673,15.3391,Macrophage,0.0
4.14799,21.7342,Macrophage,0.0
32.2034,42.7877,Macrophage,0.0
17.5607,39.46,Macrophage,0.0
26.0718,5.75987,Macrophage,0.0
9.81688,7.44239,Macrophage,0.0
47.1711,44.8805,Macrophage,0.0
1.61544,44.2259,Macrophage,0.0
2.9595,20.6437,Macrophage,0.0
