points_x,points_y,celltypes,phenotypes
21.0258,7.46611,Macrophage,0.7472499999999344
21.6615,7.97307,Macrophage,0.7631666666665993
22.9772,6.30516,Macrophage,0.7437499999999347
21.6965,8.60451,Macrophage,0.6699999999999429
21.1363,8.9442,Macrophage,0.7617499999999328
23.0151,7.01417,Macrophage,0.7688333333332653
22.3704,7.66844,Macrophage,0.7414166666666017
21.0206,7.99445,Macrophage,0.822749999999926
21.9768,11.3091,Macrophage,0.7392499999999352
16.421,18.8986,Macrophage,0.7498333333332674
20.6735,8.41635,Macrophage,0.7823333333332638
20.6571,9.32159,Macrophage,0.8732499999999205
20.3254,16.0085,Macrophage,0.7447499999999346
21.8318,16.8837,Macrophage,0.7288333333332697
21.0223,14.3796,Macrophage,0.7554166666666001
22.7793,18.2125,Macrophage,0.7224999999999371
20.1275,21.4959,Macrophage,0.6759999999999422
24.2926,23.0191,Macrophage,0.6020833333332837
20.9871,18.4575,Macrophage,0.5905833333332849
22.6036,20.5854,Macrophage,0.5414166666666237
26.4463,22.6038,Macrophage,0.5275833333332919
21.7612,19.743,Macrophage,0.5639999999999545
25.7593,23.6398,Macrophage,0.4964166666666286
22.3179,22.1738,Macrophage,0.4629999999999656
25.5343,24.9573,Macrophage,0.4158333333333042
25.9979,22.248,Macrophage,0.375416666666642
23.6314,24.4897,Macrophage,0.3374999999999795
22.8595,23.7898,Macrophage,0.3299999999999803
24.9518,24.4588,Macrophage,0.256916666666655
24.1754,22.0894,Macrophage,0.1820833333333299
26.8103,24.988,Macrophage,0.1734166666666642
23.4282,25.8502,Macrophage,0.0401666666666666
23.1271,22.6979,Macrophage,0.0890833333333341
25.6537,25.7559,Macrophage,0.0318333333333335
19.2727,29.2889,Macrophage,0.0
25.0259,24.9994,Macrophage,0.0523333333333329
24.7262,25.2756,Macrophage,0.0447499999999998
27.0192,32.0253,Macrophage,0.0
30.7134,27.3378,Macrophage,0.0
28.0423,17.1888,Macrophage,0.0
33.6304,29.6078,Macrophage,0.0
5.29542,41.9875,Macrophage,0.0
20.8028,10.4186,Macrophage,0.0
32.0102,49.0626,Macrophage,0.0
