points_x,points_y,celltypes,phenotypes
27.0346,42.5223,Macrophage,0.8596666666665886
27.0014,42.0138,Macrophage,0.8756666666665869
27.0071,41.3598,Macrophage,0.919416666666582
25.9427,26.3526,Macrophage,0.3496666666666448
24.0414,25.0918,Macrophage,0.3583333333333105
25.1622,26.2624,Macrophage,0.3122499999999822
25.5509,25.6051,Macrophage,0.190333333333329
25.4336,24.5858,Macrophage,0.1583333333333325
25.8137,24.3103,Macrophage,0.1517499999999999
24.5624,26.5744,Macrophage,0.1276666666666692
23.9793,24.1635,Macrophage,0.0627499999999993
13.4262,22.4008,Macrophage,0.0
10.2175,42.0069,Macrophage,0.0
9.33862,42.6912,Macrophage,0.0
