points_x,points_y,celltypes,phenotypes
34.9981,10.9828,Macrophage,0.8125833333332605
34.5931,10.5394,Macrophage,0.8017499999999284
35.3956,11.6731,Macrophage,0.8224999999999261
36.0,39.0204,Macrophage,0.7866666666665967
35.5932,10.9673,Macrophage,0.8329166666665916
28.02,8.02632,Macrophage,0.8358333333332579
34.6366,11.3754,Macrophage,0.8511666666665896
35.728,17.4358,Macrophage,0.793166666666596
32.7753,13.2667,Macrophage,0.8373333333332578
27.8198,35.1846,Macrophage,0.7480833333332676
33.8671,12.125,Macrophage,0.7918333333332628
28.6306,30.8305,Macrophage,0.7162499999999378
30.9489,14.3903,Macrophage,0.7454166666666012
31.8644,23.365,Macrophage,0.7037499999999391
30.7783,26.9266,Macrophage,0.6914999999999405
22.2324,30.1788,Macrophage,0.6749999999999423
29.6453,24.5999,Macrophage,0.5576666666666219
27.7551,28.3528,Macrophage,0.6151666666666156
29.4528,21.0199,Macrophage,0.5955833333332844
25.6334,27.9204,Macrophage,0.5079166666666274
21.2784,26.2852,Macrophage,0.5834166666666191
28.2556,23.9828,Macrophage,0.4952499999999621
28.2569,25.7035,Macrophage,0.4681666666666317
28.0183,22.2931,Macrophage,0.447416666666634
25.0068,21.976,Macrophage,0.4099166666666382
26.5306,27.4658,Macrophage,0.4529999999999667
27.6062,21.5853,Macrophage,0.444333333333301
23.2927,23.6522,Macrophage,0.3776666666666417
26.4477,21.5163,Macrophage,0.4333333333333022
22.2991,24.3117,Macrophage,0.3944166666666399
24.9023,22.9544,Macrophage,0.3274166666666472
26.7749,21.2267,Macrophage,0.4174166666666373
24.4202,25.7645,Macrophage,0.3157499999999819
22.3284,23.6468,Macrophage,0.2190833333333258
25.237,25.2748,Macrophage,0.1270000000000026
24.4614,25.073,Macrophage,0.1024166666666682
25.9189,24.2023,Macrophage,0.1949999999999951
22.9012,24.9176,Macrophage,0.1020000000000015
29.8898,17.0938,Macrophage,0.03825
24.4718,29.308,Macrophage,0.0310000000000001
23.0287,26.1633,Macrophage,0.0720833333333332
23.2182,36.8143,Macrophage,0.0
25.2286,13.2236,Macrophage,0.0
18.3895,33.5291,Macrophage,0.0
15.4234,36.7362,Macrophage,0.0
20.4815,34.822,Macrophage,0.0
28.6744,4.85935,Macrophage,0.0
