points_x,points_y,celltypes,phenotypes
18.0051,6.98283,Macrophage,0.795499999999929
18.0376,7.70608,Macrophage,0.8245833333332592
25.8078,17.8121,Macrophage,0.7429999999999348
23.2662,24.1252,Macrophage,0.42324999999997
24.7238,24.9503,Macrophage,0.4831666666666301
22.4331,21.7646,Macrophage,0.2003333333333279
24.9181,23.4332,Macrophage,0.3989166666666394
25.5057,22.0352,Macrophage,0.1719999999999976
26.8405,24.8353,Macrophage,0.3319166666666467
22.1179,27.2782,Macrophage,0.2354166666666573
17.6371,30.7128,Macrophage,0.0239166666666667
23.7892,20.4616,Macrophage,0.2771666666666528
19.143,21.5593,Macrophage,0.0489166666666663
26.5394,13.9596,Macrophage,0.0
27.85,19.0254,Macrophage,0.0525833333333329
30.31,13.3098,Macrophage,0.0
20.68,21.7335,Macrophage,0.0731666666666666
27.8589,44.0097,Macrophage,0.0
9.77522,3.4862,Macrophage,0.0
