points_x,points_y,celltypes,phenotypes
40.9922,18.9844,Macrophage,0.7487499999999342
40.5306,19.4332,Macrophage,0.7756666666665979
27.2975,22.472,Macrophage,0.5890833333332851
29.271,24.9555,Macrophage,0.6463333333332788
24.9402,23.0204,Macrophage,0.5775833333332864
25.7579,26.0187,Macrophage,0.3404166666666458
26.5546,25.4386,Macrophage,0.4003333333333059
25.5674,24.3042,Macrophage,0.2209166666666589
23.7342,24.252,Macrophage,0.1794999999999968
25.942,10.7884,Macrophage,0.0
25.5025,36.6209,Macrophage,0.0
8.19295,45.3552,Macrophage,0.0
