points_x,points_y,celltypes,phenotypes
5.97162,32.997,Macrophage,0.8284166666665921
14.0234,39.6381,Macrophage,0.8169166666665933
14.6355,39.012,Macrophage,0.8794999999999198
24.0019,44.9824,Macrophage,0.7878333333332632
5.99264,32.2917,Macrophage,0.8456666666665902
10.8962,38.895,Macrophage,0.8573333333332556
13.9966,38.2963,Macrophage,0.8742499999999204
14.0078,38.9923,Macrophage,0.8685833333332543
11.234,39.2688,Macrophage,0.8666666666665879
6.54781,32.9924,Macrophage,0.8361666666665912
13.4703,39.0126,Macrophage,0.9048333333332504
11.5066,38.5214,Macrophage,0.8446666666665903
12.7923,39.0086,Macrophage,0.8851666666665858
7.93849,33.006,Macrophage,0.8524999999999228
13.2522,34.9621,Macrophage,0.8635833333332549
10.5429,31.5173,Macrophage,0.8523333333332561
15.031,34.3964,Macrophage,0.8646666666665881
15.9541,32.6118,Macrophage,0.8357499999999246
13.3359,32.1414,Macrophage,0.8352499999999247
15.4724,30.8496,Macrophage,0.7917499999999295
18.6948,30.4697,Macrophage,0.7233333333332703
16.8478,29.1514,Macrophage,0.7449999999999346
20.1965,25.7664,Macrophage,0.6079166666666164
24.5598,27.5595,Macrophage,0.565416666666621
19.2931,28.5704,Macrophage,0.5284999999999584
22.0175,24.0421,Macrophage,0.5272499999999586
21.2887,26.4025,Macrophage,0.5130833333332935
23.0196,23.9257,Macrophage,0.5252499999999588
25.7524,28.2742,Macrophage,0.5239999999999589
23.7509,27.9901,Macrophage,0.4902499999999626
21.66,28.3262,Macrophage,0.4832499999999634
26.0643,26.9915,Macrophage,0.4543333333332999
20.2335,27.6961,Macrophage,0.4575833333332996
23.0126,23.0226,Macrophage,0.4568333333332997
21.6332,24.4647,Macrophage,0.435833333333302
22.0457,27.97,Macrophage,0.3734166666666422
27.0372,25.0046,Macrophage,0.3431666666666455
25.7648,26.013,Macrophage,0.3505833333333114
25.0176,25.9994,Macrophage,0.2795833333333192
23.1887,26.5317,Macrophage,0.2780833333333193
24.183,27.4631,Macrophage,0.2914166666666512
24.7799,26.3663,Macrophage,0.2339999999999908
26.9932,25.8955,Macrophage,0.1925833333333287
22.5143,27.4598,Macrophage,0.1359166666666683
27.0213,23.6744,Macrophage,0.126333333333336
25.2906,23.2345,Macrophage,0.0792500000000002
21.2963,28.7361,Macrophage,0.0749166666666667
20.0241,28.0141,Macrophage,0.0810000000000003
16.4194,13.9977,Macrophage,0.0
11.3489,40.5719,Macrophage,0.0
8.25423,45.6804,Macrophage,0.0
7.84802,12.779,Macrophage,0.0
