points_x,points_y,celltypes,phenotypes
32.5595,36.8085,Macrophage,0.7344999999999358
31.4505,35.4395,Macrophage,0.7710833333332651
27.8447,27.1724,Macrophage,0.5750833333332867
24.146,27.4232,Macrophage,0.5698333333332872
28.0113,25.4586,Macrophage,0.5928333333332847
24.519,25.9908,Macrophage,0.4704999999999648
25.9793,26.0871,Macrophage,0.5047499999999611
25.5288,27.0814,Macrophage,0.4733333333332978
26.0927,25.6817,Macrophage,0.3119999999999823
26.9021,24.9801,Macrophage,0.2489999999999892
25.4315,24.3292,Macrophage,0.135333333333335
26.9924,24.3623,Macrophage,0.1400833333333345
25.6559,23.6511,Macrophage,0.1586666666666658
23.97,24.0308,Macrophage,0.1143333333333356
24.3538,23.6661,Macrophage,0.1185000000000025
22.2955,20.4957,Macrophage,0.0039166666666666
19.1112,21.2017,Macrophage,0.0
27.4747,26.3283,Macrophage,0.035
29.1861,17.6235,Macrophage,0.0
21.9237,13.3377,Macrophage,0.0
11.9452,14.877,Macrophage,0.0
34.5415,35.4645,Macrophage,0.0
35.82,36.3191,Macrophage,0.0
40.5956,22.3029,Macrophage,0.0
48.5903,21.8951,Macrophage,0.0
