points_x,points_y,celltypes,phenotypes
17.0099,7.79301,Macrophage,0.6939166666666069
13.865,11.0097,Macrophage,0.6899166666666073
41.9947,19.0007,Macrophage,0.7234166666666036
20.0158,7.00627,Macrophage,0.6308333333332805
14.4483,11.0038,Macrophage,0.686499999999941
17.0015,8.38696,Macrophage,0.8257499999999257
41.398,18.995,Macrophage,0.7544999999999336
18.6498,12.5282,Macrophage,0.5494166666666228
34.1362,26.387,Macrophage,0.6963333333332733
15.7835,11.2307,Macrophage,0.6530833333332781
34.6226,16.1625,Macrophage,0.611166666666616
24.9763,22.3283,Macrophage,0.5179166666666263
27.5856,36.4458,Macrophage,0.5503333333332894
38.6018,19.8467,Macrophage,0.6816666666666082
31.2317,24.4419,Macrophage,0.702416666666606
20.311,29.7661,Macrophage,0.2601666666666546
34.2523,24.5393,Macrophage,0.607833333333283
29.793,18.2896,Macrophage,0.5955833333332844
33.3262,21.5534,Macrophage,0.5601666666666216
33.2528,32.8426,Macrophage,0.0
22.9159,21.0799,Macrophage,0.4494166666666338
17.4594,22.5039,Macrophage,0.344833333333312
21.0042,22.5072,Macrophage,0.2934999999999843
21.6206,24.0438,Macrophage,0.4677499999999651
29.4211,23.3103,Macrophage,0.3457499999999786
26.5028,27.5966,Macrophage,0.3015833333333167
28.7222,21.6035,Macrophage,0.2497499999999891
18.0305,30.3802,Macrophage,0.0
19.6035,15.8413,Macrophage,0.0
32.4152,23.5916,Macrophage,0.3168333333333151
21.6372,20.7011,Macrophage,0.135333333333335
13.1786,34.4482,Macrophage,0.0
14.5462,17.1846,Macrophage,0.0
37.0204,27.5204,Macrophage,0.0
21.2346,14.7407,Macrophage,0.0144166666666666
23.9314,35.7819,Macrophage,0.0
26.6494,29.9281,Macrophage,0.07475
28.195,33.7752,Macrophage,0.0
34.9042,22.328,Macrophage,0.0199166666666666
24.2961,40.3786,Macrophage,0.0
12.0494,6.25193,Macrophage,0.0
35.425,17.4495,Macrophage,0.0
16.3081,34.7372,Macrophage,0.0
34.1916,18.7047,Macrophage,0.0
20.7717,12.5759,Macrophage,0.0
6.12032,41.7183,Macrophage,0.0
