points_x,points_y,celltypes,phenotypes
40.6336,18.6118,Macrophage,0.7735833333332648
42.4884,23.5285,Macrophage,0.7668333333332655
41.0289,19.0053,Macrophage,0.7766666666665978
16.9807,8.02109,Macrophage,0.7642499999999325
43.349,23.4033,Macrophage,0.901166666666584
43.0169,23.0117,Macrophage,0.8838333333332526
41.3781,19.3458,Macrophage,0.9712499999999096
42.6501,22.6967,Macrophage,0.923249999999915
40.5437,19.461,Macrophage,0.8799166666665864
43.4151,22.5448,Macrophage,0.8692499999999209
36.1781,23.0207,Macrophage,0.7976666666665955
34.1537,22.1945,Macrophage,0.7814999999999306
31.7339,25.8958,Macrophage,0.7069166666666055
28.8791,25.1646,Macrophage,0.6359999999999466
31.8484,23.9947,Macrophage,0.590083333333285
28.4171,22.989,Macrophage,0.5639999999999545
30.2494,23.9264,Macrophage,0.5065833333332942
28.9898,24.589,Macrophage,0.4429166666666345
29.0283,23.1272,Macrophage,0.4430833333333012
23.3208,24.7295,Macrophage,0.3822499999999745
23.2464,24.0731,Macrophage,0.3690833333333093
23.6999,23.034,Macrophage,0.3742499999999754
27.4537,26.5691,Macrophage,0.4564999999999664
25.1987,22.1639,Macrophage,0.3368333333333129
25.8365,26.5158,Macrophage,0.3152499999999819
25.5675,27.0106,Macrophage,0.345083333333312
23.0691,25.9965,Macrophage,0.1844166666666629
25.7175,22.9251,Macrophage,0.2863333333333184
24.689,26.6611,Macrophage,0.2054166666666606
23.9135,24.9882,Macrophage,0.2802499999999858
27.0444,23.0174,Macrophage,0.1832499999999964
26.3407,26.3888,Macrophage,0.1290000000000024
25.0866,26.9786,Macrophage,0.0969166666666679
20.8242,35.8627,Macrophage,0.0
37.0713,35.816,Macrophage,0.0
47.8346,13.6001,Macrophage,0.0
36.7448,44.4659,Macrophage,0.0
