points_x,points_y,celltypes,phenotypes
36.991,12.5165,Macrophage,0.6986666666666064
36.9823,11.4397,Macrophage,0.7519166666666005
36.4795,11.0886,Macrophage,0.6848333333332746
30.9757,6.98893,Macrophage,0.737916666666602
36.4898,11.9918,Macrophage,0.7629999999999326
36.4898,13.4774,Macrophage,0.692666666666607
38.229,11.807,Macrophage,0.7497499999999341
36.9411,13.1171,Macrophage,0.7314166666666028
37.6559,11.4483,Macrophage,0.7636666666665992
37.1846,10.8272,Macrophage,0.7739166666665981
36.317,12.7275,Macrophage,0.7747499999999313
30.0538,7.978,Macrophage,0.7406666666666017
37.5401,11.979,Macrophage,0.8596666666665886
36.9783,11.9798,Macrophage,0.8271666666665922
41.3273,17.374,Macrophage,0.7613333333332661
37.5688,13.1613,Macrophage,0.7911666666665962
30.0826,22.7884,Macrophage,0.768999999999932
35.7881,15.4344,Macrophage,0.874666666666587
35.6106,12.3529,Macrophage,0.8518333333332562
35.9263,11.4339,Macrophage,0.72633333333327
31.8717,19.5498,Macrophage,0.6944166666666068
29.6239,21.0533,Macrophage,0.6089166666666163
36.0696,17.8209,Macrophage,0.5940833333332846
31.2681,21.491,Macrophage,0.6379999999999464
24.5544,23.4579,Macrophage,0.4796666666666305
26.2851,21.3096,Macrophage,0.6095833333332829
26.9101,25.7612,Macrophage,0.4333333333333022
24.8241,21.6566,Macrophage,0.5235833333332923
25.8061,23.1461,Macrophage,0.5861666666666188
26.5792,19.6507,Macrophage,0.5194999999999594
24.0316,24.8903,Macrophage,0.2849166666666519
25.6196,24.6875,Macrophage,0.456416666666633
27.0075,24.8939,Macrophage,0.2769999999999861
22.2256,24.3653,Macrophage,0.3910833333333069
24.7762,26.2685,Macrophage,0.3371666666666462
27.6127,23.0071,Macrophage,0.3222499999999811
27.9763,20.3336,Macrophage,0.1909999999999956
30.8746,18.5209,Macrophage,0.1531666666666664
22.5812,23.4937,Macrophage,0.2050833333333273
26.9843,21.4571,Macrophage,0.2526666666666555
28.2881,21.8706,Macrophage,0.2215833333333255
13.1799,18.198,Macrophage,0.0
28.9485,19.6168,Macrophage,0.1105833333333353
24.9534,29.5681,Macrophage,0.0817500000000004
29.2949,16.1996,Macrophage,0.0093333333333333
41.9999,11.2934,Macrophage,0.0
10.5464,33.4842,Macrophage,0.0
18.4047,13.3184,Macrophage,0.0
43.4975,25.7051,Macrophage,0.0
14.2689,46.5146,Macrophage,0.0
25.9646,6.9476,Macrophage,0.0
10.1504,46.6272,Macrophage,0.0
5.35086,37.3492,Macrophage,0.0
25.9717,5.00663,Macrophage,0.0
7.8837,37.2513,Macrophage,0.0
41.0419,18.9663,Macrophage,0.0
41.9676,17.842,Macrophage,0.0
