points_x,points_y,celltypes,phenotypes
14.9965,11.0089,Macrophage,0.7953333333332624
18.9492,16.0152,Macrophage,0.8881666666665855
18.1241,17.5803,Macrophage,0.7224166666666038
24.4093,23.8433,Macrophage,0.5104999999999604
25.3093,21.6334,Macrophage,0.3214166666666479
23.2109,26.1791,Macrophage,0.2145833333333263
22.6681,23.2969,Macrophage,0.3500833333333114
26.4731,30.9049,Macrophage,0.0753333333333334
32.4717,21.498,Macrophage,0.0320833333333335
14.9969,20.1162,Macrophage,0.0
35.0916,5.11105,Macrophage,0.0
