points_x,points_y,celltypes,phenotypes
24.3135,25.0506,Macrophage,0.3429999999999789
24.8717,24.9883,Macrophage,0.2848333333333186
25.3325,23.7369,Macrophage,0.0650833333333328
32.2526,19.6897,Macrophage,0.0
27.774,21.6289,Macrophage,0.02075
19.9958,8.72522,Macrophage,0.0
33.6016,16.4799,Macrophage,0.0
35.3427,35.1971,Macrophage,0.0
