points_x,points_y,celltypes,phenotypes
7.64259,27.0161,Macrophage,0.8014166666665951
11.007,11.9927,Macrophage,0.7904166666665963
8.09457,26.9965,Macrophage,0.8194999999999264
12.5258,11.4666,Macrophage,0.7969999999999289
21.1776,7.99994,Macrophage,0.8126666666665938
22.008,7.99848,Macrophage,0.7834999999999304
20.4465,9.02135,Macrophage,0.8211666666665929
7.01147,24.9994,Macrophage,0.8551666666665891
8.80513,27.0038,Macrophage,0.8313333333332584
8.35953,26.3379,Macrophage,0.8400833333332575
16.2961,14.795,Macrophage,0.8222499999999261
11.8243,26.31,Macrophage,0.8689166666665876
10.4945,25.1108,Macrophage,0.8537499999999226
19.8461,17.1102,Macrophage,0.7929999999999293
16.8543,24.3951,Macrophage,0.7586666666665998
18.9525,22.1299,Macrophage,0.7516666666666005
24.4833,19.9814,Macrophage,0.7287499999999364
17.3725,26.2098,Macrophage,0.7513333333332672
22.7481,22.1742,Macrophage,0.7191666666666041
23.346,21.5848,Macrophage,0.6235833333332813
22.7044,26.9323,Macrophage,0.6314999999999471
21.175,22.4518,Macrophage,0.6099999999999495
21.9197,25.911,Macrophage,0.5172499999999597
20.9964,23.7163,Macrophage,0.5578333333332886
26.1596,24.1416,Macrophage,0.4869166666666297
25.1506,23.8203,Macrophage,0.5072499999999608
26.3824,25.7009,Macrophage,0.4125833333333045
20.9361,24.9671,Macrophage,0.4389999999999683
25.0409,24.9989,Macrophage,0.3855833333333075
25.5242,26.472,Macrophage,0.3893333333333071
21.4422,24.6449,Macrophage,0.3607499999999769
25.4269,25.4543,Macrophage,0.3472499999999784
23.8325,26.2089,Macrophage,0.223249999999992
23.0881,24.1851,Macrophage,0.1595833333333323
23.5142,23.6215,Macrophage,0.1553333333333328
24.9682,23.113,Macrophage,0.1205833333333359
32.1527,25.7482,Macrophage,0.0043333333333333
5.97985,46.0986,Macrophage,0.0
4.67161,46.9132,Macrophage,0.0
