points_x,points_y,celltypes,phenotypes
43.9765,24.0044,Macrophage,0.8542499999999226
39.6921,26.0914,Macrophage,0.8714166666665873
38.3676,22.4115,Macrophage,0.8879999999999189
29.0475,22.9838,Macrophage,0.6730833333332759
25.9657,23.1338,Macrophage,0.6870833333332743
27.4634,23.1632,Macrophage,0.6169999999999487
23.1936,27.2513,Macrophage,0.641749999999946
28.3894,24.778,Macrophage,0.6167499999999487
25.5582,26.3308,Macrophage,0.5861666666666188
27.0237,25.9875,Macrophage,0.5655833333332877
26.4395,24.465,Macrophage,0.378249999999975
24.0052,24.385,Macrophage,0.3850833333333076
26.012,24.4095,Macrophage,0.3349166666666464
23.9797,25.3451,Macrophage,0.1914166666666622
24.6703,23.355,Macrophage,0.086583333333334
24.1847,23.8508,Macrophage,0.0723333333333332
31.7443,16.165,Macrophage,0.0
22.7569,24.8961,Macrophage,0.0313333333333335
15.5734,10.8177,Macrophage,0.0
33.3669,7.96166,Macrophage,0.0
