points_x,points_y,celltypes,phenotypes
44.354,11.2446,Macrophage,0.0
46.1015,11.1229,Macrophage,0.0
41.3737,1.69771,Macrophage,0.0
4.04183,31.7183,Macrophage,0.0
7.80257,40.5377,Macrophage,0.0
18.7423,4.79567,Macrophage,0.0
15.909,10.3741,Macrophage,0.0
4.82633,36.7016,Macrophage,0.0
17.0776,8.40251,Macrophage,0.0
6.76596,21.9105,Macrophage,0.0
36.5366,40.8164,Macrophage,0.0
3.27231,33.3113,Macrophage,0.0
45.0888,14.69,Macrophage,0.0
9.1112,45.9188,Macrophage,0.0
6.73922,21.04,Macrophage,0.0
