points_x,points_y,celltypes,phenotypes
17.2262,29.167,Macrophage,0.6721666666666093
22.3331,29.0473,Macrophage,0.6862499999999411
24.526,25.8157,Macrophage,0.4635833333332989
23.9959,24.0619,Macrophage,0.2845833333333186
30.1952,19.8936,Macrophage,0.0
27.4542,18.947,Macrophage,0.0
25.9806,24.0348,Macrophage,0.1440000000000007
41.2869,10.3154,Macrophage,0.0
15.7577,42.2735,Macrophage,0.0
40.2477,31.3386,Macrophage,0.0
