points_x,points_y,celltypes,phenotypes
8.53543,31.4481,Macrophage,0.671833333333276
30.0087,43.991,Macrophage,0.6885833333332742
12.9835,39.9977,Macrophage,0.7457499999999345
9.34182,31.4658,Macrophage,0.7536666666666003
8.98732,31.0074,Macrophage,0.7151666666666046
9.44987,30.565,Macrophage,0.8421666666665906
10.6775,30.9873,Macrophage,0.7489999999999342
8.55278,30.551,Macrophage,0.7501666666666007
20.5697,36.5659,Macrophage,0.7308333333332695
20.986,25.9259,Macrophage,0.6308333333332805
21.4707,29.2763,Macrophage,0.6066666666666165
16.7658,27.8941,Macrophage,0.7181666666666042
25.6003,30.3561,Macrophage,0.7536666666666003
24.3012,26.1187,Macrophage,0.490333333333296
23.7607,24.0775,Macrophage,0.2681666666666538
24.1978,24.9293,Macrophage,0.3583333333333105
22.9387,24.8191,Macrophage,0.3078333333333161
23.7922,22.5196,Macrophage,0.1701666666666645
23.0565,26.2359,Macrophage,0.254083333333322
25.4773,24.5315,Macrophage,0.2113333333333266
13.9578,13.7565,Macrophage,0.0
25.4604,26.6159,Macrophage,0.1571666666666659
38.133,13.8577,Macrophage,0.0
25.4098,33.475,Macrophage,0.0
29.5666,13.3011,Macrophage,0.0
10.5766,8.51032,Macrophage,0.0
29.1914,36.7008,Macrophage,0.0
16.241,19.2091,Macrophage,0.0
36.0955,40.9833,Macrophage,0.0
33.6371,41.3911,Macrophage,0.0
41.4229,18.0284,Macrophage,0.0
4.81602,2.78053,Macrophage,0.0
26.7877,45.2877,Macrophage,0.0
