points_x,points_y,celltypes,phenotypes
38.8867,28.8396,Macrophage,0.7326666666666026
32.7295,26.5538,Macrophage,0.7478333333332676
30.7061,25.6832,Macrophage,0.7696666666665986
26.3442,26.2199,Macrophage,0.5984999999999507
25.4281,24.4069,Macrophage,0.4616666666666325
24.5481,24.5526,Macrophage,0.3824999999999745
31.7064,32.1171,Macrophage,0.0
37.3293,27.2641,Macrophage,0.0
