points_x,points_y,celltypes,phenotypes
25.0014,24.8888,Macrophage,0.432249999999969
26.1334,25.4464,Macrophage,0.0354166666666667
