points_x,points_y,celltypes,phenotypes
27.6096,27.7235,Macrophage,0.8654999999999213
24.8083,25.0394,Macrophage,0.5161666666666265
28.2052,22.9011,Macrophage,0.4531666666666334
23.6592,28.5584,Macrophage,0.1224166666666694
26.1939,25.2982,Macrophage,0.1858333333333295
33.743,16.1352,Macrophage,0.0
32.9444,24.5508,Macrophage,0.0039166666666666
19.5808,15.9606,Macrophage,0.0
28.3736,11.016,Macrophage,0.0
40.9005,37.9684,Macrophage,0.0
