points_x,points_y,celltypes,phenotypes
25.9334,7.91528,Macrophage,0.795499999999929
25.5622,8.44885,Macrophage,0.8244166666665925
26.4011,8.3747,Macrophage,0.8369166666665911
24.8347,14.4261,Macrophage,0.8489999999999231
22.842,22.2536,Macrophage,0.5976666666666175
26.5273,22.3153,Macrophage,0.6185833333332819
26.058,24.8029,Macrophage,0.4442499999999677
23.973,24.2314,Macrophage,0.3001666666666502
24.0098,25.2821,Macrophage,0.250749999999989
25.027,25.3002,Macrophage,0.2124166666666599
24.8889,23.1015,Macrophage,0.1960833333333283
27.2727,23.8205,Macrophage,0.0712499999999998
34.6935,36.6863,Macrophage,0.0
17.8944,19.152,Macrophage,0.0019999999999999
16.2462,18.4904,Macrophage,0.0
40.9961,39.0298,Macrophage,0.0
