points_x,points_y,celltypes,phenotypes
43.9998,33.9968,Macrophage,0.7634166666665992
41.0204,30.8893,Macrophage,0.7770833333332644
29.0255,26.2594,Macrophage,0.6690833333332763
27.3648,24.4434,Macrophage,0.5369166666666242
25.5108,23.1315,Macrophage,0.5182499999999596
26.3504,25.8247,Macrophage,0.5222499999999591
26.2629,23.3698,Macrophage,0.489833333333296
25.9481,23.1234,Macrophage,0.4784999999999639
26.8443,26.0995,Macrophage,0.4730833333332979
25.8817,25.8577,Macrophage,0.4525833333333001
24.1167,23.5595,Macrophage,0.368999999999976
23.9827,23.9981,Macrophage,0.159749999999999
24.0174,25.1296,Macrophage,0.1463333333333338
25.4338,25.4521,Macrophage,0.1190833333333358
23.9729,25.9221,Macrophage,0.0905000000000009
29.1882,28.9034,Macrophage,0.0045
