points_x,points_y,celltypes,phenotypes
7.88872,21.9282,Macrophage,0.893166666666585
13.0134,11.0149,Macrophage,0.9136666666665828
7.96459,22.4762,Macrophage,0.8934999999999182
8.38436,21.5809,Macrophage,0.9023333333332506
8.69933,22.1486,Macrophage,0.9172499999999156
14.7674,20.7092,Macrophage,0.8778333333332533
15.7254,17.8286,Macrophage,0.8609166666665885
29.6801,20.4311,Macrophage,0.8177499999999266
25.8091,19.4897,Macrophage,0.7559999999999334
20.3432,24.6013,Macrophage,0.6977499999999398
22.2778,26.7272,Macrophage,0.5837499999999524
23.1733,25.4579,Macrophage,0.4967499999999619
26.33,22.858,Macrophage,0.4826666666666301
26.3784,25.6962,Macrophage,0.3858333333333075
25.822,25.9392,Macrophage,0.3449999999999786
25.0144,25.6227,Macrophage,0.3375833333333128
23.1444,26.019,Macrophage,0.341249999999979
25.065,26.4592,Macrophage,0.2498333333333224
22.6959,22.9947,Macrophage,0.2413333333333233
24.6606,26.6248,Macrophage,0.2219166666666588
25.7571,23.7889,Macrophage,0.1721666666666643
26.6496,26.6315,Macrophage,0.1887499999999958
22.2488,24.998,Macrophage,0.1087500000000019
25.029,26.0234,Macrophage,0.144333333333334
27.084,23.8561,Macrophage,0.1259166666666694
24.849,22.9013,Macrophage,0.1278333333333358
25.2147,23.1515,Macrophage,0.1132500000000022
22.974,25.0528,Macrophage,0.1138333333333355
22.0961,31.4019,Macrophage,0.0155833333333333
14.7195,40.4099,Macrophage,0.0
