points_x,points_y,celltypes,phenotypes
33.8562,43.0316,Macrophage,0.0
12.0827,8.89594,Macrophage,0.0
32.5945,6.99155,Macrophage,0.0
15.5688,1.71272,Macrophage,0.0
16.9357,42.6578,Macrophage,0.0
24.8422,44.2964,Macrophage,0.0
11.3156,21.5361,Macrophage,0.0
7.94908,44.0363,Macrophage,0.0
6.59323,45.0958,Macrophage,0.0
30.9244,4.16927,Macrophage,0.0
