points_x,points_y,celltypes,phenotypes
5.25377,25.135,Macrophage,0.0
32.1085,12.6366,Macrophage,0.0
37.7373,13.7316,Macrophage,0.0
48.2977,8.24561,Macrophage,0.0
44.1273,16.9026,Macrophage,0.0
19.7105,6.30268,Macrophage,0.0
9.99339,19.3859,Macrophage,0.0
5.24806,12.2619,Macrophage,0.0
