points_x,points_y,celltypes,phenotypes
34.6029,3.30436,Macrophage,0.0
47.5844,30.501,Macrophage,0.0
44.3473,38.0597,Macrophage,0.0
7.09056,34.7796,Macrophage,0.0
19.0324,11.0583,Macrophage,0.0
44.2423,18.3887,Macrophage,0.0
2.49142,16.5503,Macrophage,0.0
42.0896,5.49209,Macrophage,0.0
29.2917,10.4353,Macrophage,0.0
21.4059,5.41932,Macrophage,0.0
7.12489,38.1646,Macrophage,0.0
3.90878,28.7319,Macrophage,0.0
18.6039,9.41998,Macrophage,0.0
40.0071,45.9799,Macrophage,0.0
5.48296,34.8485,Macrophage,0.0
37.1554,3.30957,Macrophage,0.0
34.3972,11.4976,Macrophage,0.0
38.808,11.2483,Macrophage,0.0
35.8001,43.8421,Macrophage,0.0
39.5564,9.59612,Macrophage,0.0
41.5587,44.6957,Macrophage,0.0
45.0972,39.5054,Macrophage,0.0
17.8742,7.80708,Macrophage,0.0
46.7211,42.4473,Macrophage,0.0
3.35502,35.679,Macrophage,0.0
2.71074,29.8076,Macrophage,0.0
6.85161,46.2859,Macrophage,0.0
26.012,4.89742,Macrophage,0.0
27.6622,8.4627,Macrophage,0.0
37.5364,10.1747,Macrophage,0.0
4.92687,37.1796,Macrophage,0.0
44.3841,16.7967,Macrophage,0.0
43.0754,13.8768,Macrophage,0.0
30.9804,10.0132,Macrophage,0.0
29.9965,8.59454,Macrophage,0.0
2.44588,31.275,Macrophage,0.0
28.8131,7.34806,Macrophage,0.0
10.0066,33.262,Macrophage,0.0
46.7817,37.0807,Macrophage,0.0
3.29191,37.3356,Macrophage,0.0
29.3739,6.4818,Macrophage,0.0
30.8771,8.42244,Macrophage,0.0
