points_x,points_y,celltypes,phenotypes
24.7781,20.3085,Macrophage,1.0
30.0728,24.6674,Macrophage,1.0
21.5222,22.8517,Macrophage,1.0
27.2762,20.8315,Macrophage,1.0
25.6627,29.385,Macrophage,1.0
24.231,25.606,Macrophage,1.0
28.6018,23.8077,Macrophage,0.9552499999999114
25.7831,26.5939,Macrophage,0.774916666666598
25.8379,25.9683,Macrophage,0.7271666666666032
26.7678,25.2372,Macrophage,0.710666666666605
27.0806,24.2468,Macrophage,0.6901666666666073
24.8464,22.9393,Macrophage,0.5640833333332879
23.0553,24.4422,Macrophage,0.6081666666666163
25.0622,27.1346,Macrophage,0.520416666666626
26.6333,24.6421,Macrophage,0.5162499999999598
25.5564,23.5466,Macrophage,0.508833333333294
25.2734,26.6707,Macrophage,0.4737499999999645
24.3433,23.6796,Macrophage,0.4547499999999665
24.649,26.6493,Macrophage,0.395999999999973
22.9838,23.6353,Macrophage,0.2879166666666516
24.2826,22.9827,Macrophage,0.2725833333333199
23.349,23.0276,Macrophage,0.2122499999999932
24.4262,24.2308,Macrophage,0.2221666666666588
24.9538,24.2212,Macrophage,0.1924999999999954
26.4962,25.4927,Macrophage,0.1725833333333309
26.1968,25.7717,Macrophage,0.1280000000000025
25.8605,23.8727,Macrophage,0.0825833333333338
26.2999,24.3553,Macrophage,0.0741666666666666
23.7692,24.4095,Macrophage,0.0787500000000002
26.9641,23.2358,Macrophage,0.0437499999999998
26.9911,24.957,Macrophage,0.0509166666666663
20.7023,17.8162,Macrophage,0.0
14.5337,27.0107,Macrophage,0.0
28.8024,41.0855,Macrophage,0.0
45.7378,32.3387,Macrophage,0.0
