points_x,points_y,celltypes,phenotypes
28.6095,19.5016,Macrophage,1.0
29.6674,26.1912,Macrophage,1.0
28.4915,21.343,Macrophage,1.0
24.641,20.2655,Macrophage,1.0
24.7298,26.4718,Macrophage,0.8969999999999179
26.1632,25.8927,Macrophage,0.6523333333332781
27.0458,24.735,Macrophage,0.6298333333332806
23.18,23.2162,Macrophage,0.456416666666633
26.5474,24.7135,Macrophage,0.3904999999999736
25.9819,23.4607,Macrophage,0.3077499999999827
24.5158,23.4938,Macrophage,0.2934999999999843
23.0909,25.0313,Macrophage,0.280833333333319
23.6846,25.0065,Macrophage,0.068833333333333
26.1659,24.3258,Macrophage,0.0756666666666667
20.0406,17.5555,Macrophage,0.0
32.8275,26.589,Macrophage,0.0
16.6191,34.7812,Macrophage,0.0
32.4249,17.5495,Macrophage,0.0
