points_x,points_y,celltypes,phenotypes
10.0029,17.003,Macrophage,0.8307499999999252
12.0033,20.7251,Macrophage,0.868999999999921
12.9333,17.8186,Macrophage,0.8804999999999197
25.6596,24.3596,Macrophage,0.3724166666666423
24.2776,24.271,Macrophage,0.1446666666666673
