points_x,points_y,celltypes,phenotypes
41.9752,29.9984,Macrophage,0.768499999999932
33.9671,29.5166,Macrophage,0.7771666666665977
31.5606,24.8894,Macrophage,0.768749999999932
31.3862,27.3036,Macrophage,0.7804166666665974
23.4924,20.4307,Macrophage,0.7183333333332709
27.3862,26.915,Macrophage,0.6029999999999502
27.8111,25.4786,Macrophage,0.5545833333332889
26.2593,23.0198,Macrophage,0.5089999999999606
27.6641,23.6985,Macrophage,0.5253333333332921
26.8135,24.739,Macrophage,0.4807499999999637
23.2098,23.2867,Macrophage,0.3543333333333109
25.1122,25.6224,Macrophage,0.3421666666666456
25.6619,24.8903,Macrophage,0.3198333333333147
25.3924,23.2441,Macrophage,0.3330833333333133
23.9868,25.5565,Macrophage,0.259999999999988
26.189,24.933,Macrophage,0.2288333333333247
15.8621,20.0204,Macrophage,0.0
21.0922,35.0387,Macrophage,0.0
31.0649,30.4454,Macrophage,0.0
