points_x,points_y,celltypes,phenotypes
44.8443,29.3253,Macrophage,0.0
3.18554,21.7407,Macrophage,0.0
45.0122,45.8172,Macrophage,0.0
9.71677,6.58688,Macrophage,0.0
42.7684,44.3504,Macrophage,0.0
46.4253,29.8044,Macrophage,0.0
36.0543,7.75319,Macrophage,0.0
45.331,22.426,Macrophage,0.0
24.1383,44.82,Macrophage,0.0
21.7834,5.50009,Macrophage,0.0
