points_x,points_y,celltypes,phenotypes
24.8669,24.8575,Macrophage,0.1379166666666681
25.7877,24.1938,Macrophage,0.0660833333333328
9.98737,19.1113,Macrophage,0.0
2.58592,43.2302,Macrophage,0.0
43.3802,23.0208,Macrophage,0.0
