points_x,points_y,celltypes,phenotypes
22.0151,27.4866,Macrophage,0.7015833333332727
24.7421,28.7369,Macrophage,0.6522499999999448
24.9441,27.0102,Macrophage,0.2794166666666525
23.453,25.0073,Macrophage,0.3187499999999815
25.6191,24.3884,Macrophage,0.2411666666666567
26.9312,24.9439,Macrophage,0.3079166666666494
26.1378,25.8707,Macrophage,0.2749999999999863
24.0131,25.3886,Macrophage,0.1849166666666629
23.9853,23.9881,Macrophage,0.141750000000001
25.3651,26.6909,Macrophage,0.1030833333333349
