points_x,points_y,celltypes,phenotypes
27.0409,6.96118,Macrophage,0.8079166666665943
26.9817,7.50638,Macrophage,0.7929999999999293
27.1727,8.90228,Macrophage,0.8581666666665888
26.1381,11.7104,Macrophage,0.8299999999999252
12.3823,32.2811,Macrophage,0.8432499999999238
14.8434,31.2294,Macrophage,0.8131666666665938
24.4711,21.3818,Macrophage,0.566166666666621
23.0729,23.5378,Macrophage,0.5129999999999602
23.0046,24.9394,Macrophage,0.5156666666666265
23.897,25.8501,Macrophage,0.435333333333302
26.0195,22.9032,Macrophage,0.4074999999999718
26.0369,22.0077,Macrophage,0.4136666666666377
24.7294,22.7628,Macrophage,0.3550833333333109
25.9949,23.8382,Macrophage,0.2364999999999905
26.993,24.9385,Macrophage,0.254333333333322
26.205,24.3261,Macrophage,0.2192499999999924
24.3263,22.5443,Macrophage,0.0988333333333347
25.9081,26.0606,Macrophage,0.0840000000000005
27.3776,25.8975,Macrophage,0.0204166666666667
27.4937,11.4296,Macrophage,0.0
20.3105,27.3116,Macrophage,0.00825
13.3827,29.4433,Macrophage,0.0
26.9985,5.05548,Macrophage,0.0
