points_x,points_y,celltypes,phenotypes
25.0328,7.97292,Macrophage,0.7570833333332666
24.4561,8.03805,Macrophage,0.7843333333332636
25.0131,24.9393,Macrophage,0.410916666666638
23.825,23.7884,Macrophage,0.1310833333333355
25.0377,23.4619,Macrophage,0.163083333333332
25.043,20.0615,Macrophage,0.0768333333333334
