points_x,points_y,celltypes,phenotypes
18.0256,9.34252,Macrophage,0.72608333333327
22.1204,19.7734,Macrophage,0.750249999999934
23.9986,24.1231,Macrophage,0.447166666666634
25.0094,25.5574,Macrophage,0.1707499999999978
24.6209,24.9646,Macrophage,0.0791666666666669
17.495,30.4302,Macrophage,0.0
30.6583,27.3789,Macrophage,0.0023333333333333
12.914,17.2931,Macrophage,0.0
14.0102,28.9564,Macrophage,0.0
