points_x,points_y,celltypes,phenotypes
6.83185,21.9923,Macrophage,0.5763333333332865
30.9995,5.24846,Macrophage,0.5674999999999542
31.0067,5.98112,Macrophage,0.5732499999999535
24.9716,6.9904,Macrophage,0.5549166666666222
25.4571,7.4414,Macrophage,0.5469166666666231
5.99581,24.0017,Macrophage,0.6398333333332795
30.9793,6.63348,Macrophage,0.6342499999999468
7.37008,22.0023,Macrophage,0.5974999999999508
39.5719,18.0459,Macrophage,0.5658333333332877
41.0025,18.0028,Macrophage,0.4664166666666319
8.02021,22.0279,Macrophage,0.6064999999999499
31.8613,16.6336,Macrophage,0.6009166666666171
24.1713,12.6806,Macrophage,0.6609166666666105
28.6498,16.967,Macrophage,0.607833333333283
20.6479,22.3176,Macrophage,0.5281666666666252
27.0221,23.1443,Macrophage,0.3742499999999754
28.8977,15.1566,Macrophage,0.5587499999999551
28.0577,24.3481,Macrophage,0.3541666666666443
30.4198,22.167,Macrophage,0.4579999999999662
25.124,22.2197,Macrophage,0.3392499999999793
23.8928,22.5464,Macrophage,0.2889166666666515
28.4409,25.8714,Macrophage,0.3104999999999824
27.9929,22.241,Macrophage,0.1706666666666645
25.567,20.841,Macrophage,0.3151666666666486
27.0772,26.6242,Macrophage,0.250999999999989
21.4977,25.2516,Macrophage,0.0770000000000001
23.4573,24.1792,Macrophage,0.177999999999997
29.0726,18.9689,Macrophage,0.0359166666666667
24.3478,26.3133,Macrophage,0.1128333333333355
23.7723,18.7198,Macrophage,0.0365833333333333
27.0232,25.4931,Macrophage,0.1949166666666618
19.2579,19.3294,Macrophage,0.0295000000000001
24.5791,30.2725,Macrophage,0.0504999999999996
26.2321,23.8161,Macrophage,0.1764999999999972
25.594,25.276,Macrophage,0.1574999999999992
25.0946,24.1293,Macrophage,0.147916666666667
10.8527,17.8543,Macrophage,0.0
6.02103,32.8998,Macrophage,0.0
13.3464,3.81933,Macrophage,0.0
7.70716,18.6269,Macrophage,0.0
38.6711,41.8601,Macrophage,0.0
8.05019,27.3248,Macrophage,0.0
40.2411,7.07208,Macrophage,0.0
43.9396,40.5808,Macrophage,0.0
3.98751,12.6957,Macrophage,0.0
7.01526,22.7414,Macrophage,0.0
11.9846,40.9183,Macrophage,0.0
