points_x,points_y,celltypes,phenotypes
14.4156,40.4149,Macrophage,0.7974999999999288
14.4766,39.5309,Macrophage,0.8159999999999268
8.00462,25.9745,Macrophage,0.7952499999999291
12.0023,39.0167,Macrophage,0.8274166666665922
33.9802,40.9905,Macrophage,0.8119166666665939
11.972,38.3347,Macrophage,0.8607499999999219
14.0055,39.9949,Macrophage,0.8456666666665902
13.5682,40.0463,Macrophage,0.8774166666665867
13.7571,39.2384,Macrophage,0.8421666666665906
13.6631,37.3505,Macrophage,0.8541666666665892
13.7549,35.1145,Macrophage,0.8598333333332553
16.0092,33.4394,Macrophage,0.8815833333332529
20.5872,30.1351,Macrophage,0.7104999999999384
25.5174,29.0908,Macrophage,0.7059166666666056
21.2858,24.5561,Macrophage,0.6812499999999416
20.5826,25.8953,Macrophage,0.6519999999999448
23.5877,29.2225,Macrophage,0.6058333333332833
22.2301,28.6624,Macrophage,0.5464166666666231
24.1135,22.99,Macrophage,0.4922499999999624
25.8676,27.0328,Macrophage,0.490083333333296
23.0424,24.1397,Macrophage,0.4934999999999623
22.7545,27.7209,Macrophage,0.4521666666666335
26.433,26.9867,Macrophage,0.4348333333333021
22.3919,25.6368,Macrophage,0.4239999999999699
24.7284,25.0958,Macrophage,0.4222499999999701
23.5548,23.0303,Macrophage,0.3546666666666442
27.0723,24.5803,Macrophage,0.3584166666666438
21.6377,27.6496,Macrophage,0.3514999999999779
25.4634,25.4692,Macrophage,0.3145833333333153
26.9964,22.9994,Macrophage,0.2760833333333196
27.3404,23.8488,Macrophage,0.2848333333333186
25.6483,23.0603,Macrophage,0.2673333333333205
26.1433,23.3851,Macrophage,0.154083333333333
25.0894,23.0045,Macrophage,0.1434166666666675
25.3843,26.9697,Macrophage,0.1247500000000028
26.4968,22.9516,Macrophage,0.0430833333333332
24.3232,27.0173,Macrophage,0.0316666666666668
39.2362,3.33098,Macrophage,0.0
31.3154,42.5173,Macrophage,0.0
