points_x,points_y,celltypes,phenotypes
29.7955,23.0287,Macrophage,0.7695833333332652
26.3553,26.5522,Macrophage,0.5870833333332853
26.8792,25.0882,Macrophage,0.5156666666666265
24.4644,24.1593,Macrophage,0.3044999999999831
24.0251,25.9731,Macrophage,0.1972499999999949
25.3593,24.9342,Macrophage,0.1290000000000024
24.4878,25.4457,Macrophage,0.0623333333333326
23.4329,25.4677,Macrophage,0.0713333333333331
32.868,37.4779,Macrophage,0.0
7.03149,13.2124,Macrophage,0.0
