points_x,points_y,celltypes,phenotypes
34.5437,26.2448,Macrophage,0.6689166666666096
26.5528,24.0773,Macrophage,0.5776666666666197
26.3296,25.7296,Macrophage,0.3826666666666412
21.9106,31.1044,Macrophage,0.0
28.5971,25.3143,Macrophage,0.2820833333333189
20.5762,17.864,Macrophage,0.0
24.8753,14.5634,Macrophage,0.0
24.4416,25.3635,Macrophage,0.1470833333333337
18.991,35.9554,Macrophage,0.0
31.5221,22.9228,Macrophage,0.0
20.5173,33.404,Macrophage,0.0
24.7567,28.3913,Macrophage,0.0196666666666666
38.6132,6.36957,Macrophage,0.0
33.9705,24.8761,Macrophage,0.0
18.6939,13.5342,Macrophage,0.0
35.5618,26.7926,Macrophage,0.0
15.5524,44.4214,Macrophage,0.0
17.0783,37.3142,Macrophage,0.0
37.6916,14.1555,Macrophage,0.0
39.1255,12.7839,Macrophage,0.0
15.2616,11.3009,Macrophage,0.0
14.8108,46.6716,Macrophage,0.0
11.8296,45.778,Macrophage,0.0
16.4065,12.748,Macrophage,0.0
4.73109,39.6072,Macrophage,0.0
32.3631,41.9916,Macrophage,0.0
24.736,4.6251,Macrophage,0.0
13.4906,9.72009,Macrophage,0.0
42.0945,41.2611,Macrophage,0.0
23.0538,45.7824,Macrophage,0.0
