points_x,points_y,celltypes,phenotypes
25.1851,23.2108,Macrophage,0.4466666666666341
26.0716,24.0771,Macrophage,0.4279166666666362
24.3478,25.6741,Macrophage,0.4110833333333047
22.3699,24.868,Macrophage,0.3287499999999804
25.4116,25.4131,Macrophage,0.2428333333333232
23.4851,23.3717,Macrophage,0.247916666666656
23.5319,23.9878,Macrophage,0.2258333333333251
25.9239,25.3763,Macrophage,0.1809166666666633
26.01,25.9105,Macrophage,0.0952500000000012
23.0648,25.9574,Macrophage,0.07525
19.3584,30.4066,Macrophage,0.00775
