points_x,points_y,celltypes,phenotypes
24.0964,29.729,Macrophage,1.0
29.3939,29.4649,Macrophage,1.0
29.3356,24.5439,Macrophage,1.0
27.6925,29.8437,Macrophage,1.0
26.6083,20.5256,Macrophage,1.0
23.2385,24.5297,Macrophage,0.8961666666665846
25.5711,22.2922,Macrophage,0.7914166666665962
22.3724,26.3723,Macrophage,0.8407499999999241
23.9375,26.1875,Macrophage,0.7459999999999345
24.335,26.5188,Macrophage,0.7310833333332695
23.8743,23.824,Macrophage,0.547416666666623
25.5944,24.1027,Macrophage,0.6031666666666169
22.9981,24.9941,Macrophage,0.5271666666666253
23.4389,23.0832,Macrophage,0.381333333333308
24.802,25.6294,Macrophage,0.3740833333333088
24.4446,24.4116,Macrophage,0.2579166666666549
24.6051,23.7443,Macrophage,0.2054166666666606
25.1917,25.8234,Macrophage,0.0947500000000011
26.0113,23.9893,Macrophage,0.0915000000000009
25.4337,27.3751,Macrophage,0.0530833333333329
26.483,25.1661,Macrophage,0.0785000000000002
27.3183,26.5968,Macrophage,0.0618333333333327
26.0087,28.8806,Macrophage,0.0325000000000001
12.9962,30.8414,Macrophage,0.0
35.6266,29.0791,Macrophage,0.0
37.4771,14.8092,Macrophage,0.0
31.5059,8.88316,Macrophage,0.0
12.5,40.1909,Macrophage,0.0
32.1971,5.53476,Macrophage,0.0
13.6303,0.815277,Macrophage,0.0
