points_x,points_y,celltypes,phenotypes
36.2748,35.1011,Macrophage,0.0
25.5656,47.5109,Macrophage,0.0
9.42497,7.22936,Macrophage,0.0
39.9256,45.1594,Macrophage,0.0
37.8869,35.8055,Macrophage,0.0
32.9569,2.5197,Macrophage,0.0
16.3883,9.40769,Macrophage,0.0
25.8824,49.1617,Macrophage,0.0
27.1835,48.2224,Macrophage,0.0
11.9891,9.26807,Macrophage,0.0
17.8736,49.1182,Macrophage,0.0
