points_x,points_y,celltypes,phenotypes
42.0009,18.98,Macrophage,0.7053333333332723
27.5617,22.4041,Macrophage,0.538416666666624
24.8031,21.3852,Macrophage,0.5449166666666233
26.7416,23.9533,Macrophage,0.4410833333333014
23.5361,22.4959,Macrophage,0.3839999999999743
25.1164,22.9316,Macrophage,0.3683333333333094
25.7405,25.6677,Macrophage,0.3503333333333114
22.0151,25.2313,Macrophage,0.3346666666666464
26.9545,24.6787,Macrophage,0.3908333333333069
24.1816,23.7669,Macrophage,0.3289999999999804
23.9191,25.8522,Macrophage,0.3185833333333149
22.7037,26.6739,Macrophage,0.2172499999999927
22.0374,24.0271,Macrophage,0.1532499999999997
25.0728,26.4112,Macrophage,0.1549999999999995
23.4939,25.4989,Macrophage,0.1375000000000014
26.066,20.9239,Macrophage,0.0112499999999999
