points_x,points_y,celltypes,phenotypes
23.9945,6.00061,Macrophage,0.8059166666665946
36.6101,15.0676,Macrophage,0.8011666666665951
38.466,25.959,Macrophage,0.8615833333332551
24.3705,16.6514,Macrophage,0.7842499999999303
24.2341,20.8857,Macrophage,0.7391666666666019
27.6347,23.9854,Macrophage,0.6643333333332768
29.6591,18.9006,Macrophage,0.7244166666666035
27.1216,22.4366,Macrophage,0.5159166666666265
25.5275,24.4901,Macrophage,0.3470833333333117
25.5931,25.5511,Macrophage,0.4258333333333031
24.3261,23.7417,Macrophage,0.0859166666666673
25.8501,23.5978,Macrophage,0.208583333333327
24.4748,25.2727,Macrophage,0.1315833333333354
33.9809,22.8526,Macrophage,0.0277500000000001
19.4216,17.1773,Macrophage,0.0006666666666666
36.5547,43.9181,Macrophage,0.0
