points_x,points_y,celltypes,phenotypes
41.0283,47.5255,Macrophage,0.0
30.2505,5.20502,Macrophage,0.0
40.3071,20.5571,Macrophage,0.0
8.20538,48.3486,Macrophage,0.0
10.4048,4.60939,Macrophage,0.0
42.6052,12.5727,Macrophage,0.0
5.20916,40.559,Macrophage,0.0
22.5815,40.3365,Macrophage,0.0
3.40443,26.7574,Macrophage,0.0
46.4038,17.632,Macrophage,0.0
