points_x,points_y,celltypes,phenotypes
41.621,18.3583,Macrophage,0.7982499999999287
41.0063,19.0023,Macrophage,0.8345833333332581
40.4937,19.2995,Macrophage,0.8665833333332545
41.0054,18.3149,Macrophage,0.9035833333332504
41.4894,19.0024,Macrophage,0.883416666666586
41.631,19.6164,Macrophage,0.8870833333332523
40.4457,18.5661,Macrophage,0.8629999999999216
41.0389,19.6937,Macrophage,0.8943333333332515
33.6543,21.3743,Macrophage,0.7840833333332636
38.1077,21.9939,Macrophage,0.8204999999999263
35.3934,20.8896,Macrophage,0.7588333333332664
23.3827,27.8084,Macrophage,0.5336666666666245
27.0414,27.8637,Macrophage,0.590333333333285
28.8606,25.2442,Macrophage,0.6044999999999501
26.7244,22.1186,Macrophage,0.6071666666666165
29.614,22.6573,Macrophage,0.5034166666666279
25.7815,22.0495,Macrophage,0.5188333333332928
27.301,20.8317,Macrophage,0.5075833333332941
23.9314,20.918,Macrophage,0.474666666666631
23.3173,22.6569,Macrophage,0.2997499999999836
26.4475,23.6757,Macrophage,0.4062499999999719
23.557,25.5334,Macrophage,0.2648333333333208
24.7124,27.0326,Macrophage,0.2892499999999848
22.6129,23.3956,Macrophage,0.3276666666666472
24.1684,22.8137,Macrophage,0.3034166666666499
23.1942,25.1899,Macrophage,0.2846666666666519
26.3067,25.3545,Macrophage,0.2748333333333197
24.9308,25.7131,Macrophage,0.2377499999999904
27.1709,21.9901,Macrophage,0.3215833333333145
25.1631,27.5427,Macrophage,0.205249999999994
25.1919,26.9258,Macrophage,0.1654999999999984
28.0287,24.0238,Macrophage,0.2519166666666556
25.0593,26.4715,Macrophage,0.1909166666666622
26.309,25.8603,Macrophage,0.1271666666666693
23.0995,26.2699,Macrophage,0.0971666666666679
22.8471,24.8501,Macrophage,0.1437500000000008
24.3512,22.0147,Macrophage,0.1388333333333346
23.0008,23.0033,Macrophage,0.1435000000000008
21.758,26.949,Macrophage,0.0709166666666664
25.6438,20.9308,Macrophage,0.0766666666666668
22.3497,24.3563,Macrophage,0.098416666666668
20.9655,24.8384,Macrophage,0.0805000000000003
35.0001,22.8679,Macrophage,0.0771666666666668
19.6645,36.2653,Macrophage,0.0
37.0357,21.6095,Macrophage,0.048083333333333
8.82362,29.6245,Macrophage,0.0
4.02955,24.1785,Macrophage,0.0
