points_x,points_y,celltypes,phenotypes
22.3884,43.6014,Macrophage,0.7840833333332636
22.9892,42.9752,Macrophage,0.838416666666591
10.1949,40.1601,Macrophage,0.8172499999999266
5.95476,37.0139,Macrophage,0.8161666666665934
23.0392,42.2724,Macrophage,0.7771666666665977
23.2347,43.5313,Macrophage,0.84716666666659
22.4646,42.9841,Macrophage,0.8313333333332584
22.3044,42.4117,Macrophage,0.8494166666665898
35.9651,41.0158,Macrophage,0.8152499999999269
23.4539,42.6541,Macrophage,0.8860833333332524
23.8827,43.1959,Macrophage,0.853083333333256
12.0138,35.5491,Macrophage,0.8629999999999216
27.9951,43.9865,Macrophage,0.871833333333254
22.9162,41.7274,Macrophage,0.8897499999999187
23.8104,40.4999,Macrophage,0.9099166666665832
30.2049,32.3171,Macrophage,0.8237499999999259
26.9591,32.9298,Macrophage,0.7648333333332658
20.4901,27.8368,Macrophage,0.6372499999999465
23.705,30.6523,Macrophage,0.6364166666666132
21.3608,29.6732,Macrophage,0.6193333333332818
21.6645,31.9028,Macrophage,0.6784999999999419
25.9505,29.2418,Macrophage,0.6172499999999487
24.3496,28.3606,Macrophage,0.5812499999999526
21.5367,25.5625,Macrophage,0.5576666666666219
22.916,25.4271,Macrophage,0.4535833333333
26.0109,25.2755,Macrophage,0.3935833333333066
22.4013,23.6233,Macrophage,0.4084166666666383
23.7918,22.842,Macrophage,0.3919166666666401
22.0353,27.2013,Macrophage,0.3918333333333068
22.9022,26.8235,Macrophage,0.3330833333333133
25.7237,23.8012,Macrophage,0.2211666666666589
25.4294,22.0233,Macrophage,0.2554999999999885
24.5937,22.6871,Macrophage,0.2020833333333277
25.569,27.5323,Macrophage,0.1748333333333307
26.0054,26.8599,Macrophage,0.2101666666666601
25.9755,22.388,Macrophage,0.1188333333333358
23.0009,28.0017,Macrophage,0.1189166666666692
28.1076,33.8345,Macrophage,0.0093333333333333
24.6859,30.7119,Macrophage,0.0757500000000001
33.526,29.179,Macrophage,0.0021666666666666
24.8582,32.219,Macrophage,0.0583333333333328
24.0346,34.3973,Macrophage,0.0566666666666661
30.2538,35.4256,Macrophage,0.0
38.2428,27.5327,Macrophage,0.0
