points_x,points_y,celltypes,phenotypes
8.39044,18.4424,Macrophage,0.7326666666666026
14.7647,39.1768,Macrophage,0.7186666666666042
8.5291,19.2371,Macrophage,0.762083333333266
15.0548,38.6535,Macrophage,0.7494999999999341
8.99573,18.343,Macrophage,0.7428333333332682
8.8403,19.8685,Macrophage,0.7185833333332708
9.00239,18.9888,Macrophage,0.7464999999999344
17.0124,41.0177,Macrophage,0.7569166666666
9.74568,18.2443,Macrophage,0.8024999999999283
9.35657,19.3924,Macrophage,0.7961666666665956
9.75837,19.7836,Macrophage,0.7719166666665983
17.753,32.8862,Macrophage,0.7104999999999384
15.6108,39.1118,Macrophage,0.7423333333332682
9.53062,18.8327,Macrophage,0.8244999999999258
11.538,21.729,Macrophage,0.8339999999999248
18.8179,23.7739,Macrophage,0.8086666666665943
21.2193,28.3975,Macrophage,0.7092499999999385
18.0485,19.5909,Macrophage,0.6977499999999398
15.4272,22.2733,Macrophage,0.6674999999999431
18.1375,25.2057,Macrophage,0.6859999999999411
18.0181,21.8744,Macrophage,0.5524999999999558
16.8216,25.9243,Macrophage,0.6390833333332796
22.9856,23.7806,Macrophage,0.4850833333332965
20.5417,23.1726,Macrophage,0.3821666666666412
21.1567,26.034,Macrophage,0.190333333333329
22.395,22.3863,Macrophage,0.4659999999999653
26.2863,23.8902,Macrophage,0.2262499999999917
24.852,23.1343,Macrophage,0.3453333333333119
23.5696,26.1254,Macrophage,0.3104166666666491
24.7474,22.3897,Macrophage,0.2077499999999937
22.2333,24.8493,Macrophage,0.3462499999999785
26.3701,23.1775,Macrophage,0.2732499999999865
25.1682,25.0419,Macrophage,0.1483333333333336
24.59,23.989,Macrophage,0.1921666666666621
23.1274,20.1287,Macrophage,0.0778333333333335
26.7394,28.2631,Macrophage,0.0905000000000009
12.8455,32.3186,Macrophage,0.0
28.7866,20.8217,Macrophage,0.0732499999999999
16.7879,21.2023,Macrophage,0.0820833333333337
30.4945,19.6071,Macrophage,0.0294166666666668
30.3797,35.0552,Macrophage,0.0
26.4921,34.0917,Macrophage,0.0
33.8667,15.6219,Macrophage,0.0
31.0815,38.4192,Macrophage,0.0
39.2646,13.7341,Macrophage,0.0
21.3295,36.2747,Macrophage,0.0
5.75249,37.0931,Macrophage,0.0
21.9246,39.0701,Macrophage,0.0
7.34944,11.7302,Macrophage,0.0
15.7867,40.6204,Macrophage,0.0
12.4406,18.776,Macrophage,0.0
5.5045,18.0413,Macrophage,0.0
20.5505,2.98171,Macrophage,0.0
24.0257,45.2842,Macrophage,0.0
5.00098,17.4596,Macrophage,0.0
3.611,16.802,Macrophage,0.0
19.9368,1.39359,Macrophage,0.0
