points_x,points_y,celltypes,phenotypes
22.0289,8.02127,Macrophage,0.8197499999999264
9.99279,32.9867,Macrophage,0.8517499999999228
22.0112,9.11447,Macrophage,0.8308333333332585
22.0067,14.4278,Macrophage,0.8859999999999191
12.3919,30.2085,Macrophage,0.8648333333332547
22.9506,21.3916,Macrophage,0.7716666666665983
23.983,25.7185,Macrophage,0.5491666666666228
23.4109,24.5289,Macrophage,0.5239166666666256
24.7976,24.7562,Macrophage,0.2166666666666594
20.6024,31.0383,Macrophage,0.0086666666666666
