points_x,points_y,celltypes,phenotypes
24.0168,6.00632,Macrophage,0.7719166666665983
19.9715,5.97636,Macrophage,0.8114999999999273
20.7715,7.013,Macrophage,0.7944166666665958
22.8056,9.26908,Macrophage,0.8362499999999246
20.3625,12.146,Macrophage,0.8134999999999271
21.8264,14.8612,Macrophage,0.7828333333332638
25.0374,16.7367,Macrophage,0.774916666666598
20.8618,19.887,Macrophage,0.7688333333332653
22.958,17.4132,Macrophage,0.7621666666665994
26.2123,19.0808,Macrophage,0.7478333333332676
24.32,20.9047,Macrophage,0.6542499999999446
25.6155,21.3706,Macrophage,0.5798333333332861
26.0836,24.0609,Macrophage,0.5203333333332927
23.2246,22.6048,Macrophage,0.5463333333332898
22.2878,24.2731,Macrophage,0.5300833333332916
26.8539,24.8568,Macrophage,0.4292499999999694
24.7551,25.9957,Macrophage,0.4104166666666381
25.4492,23.1682,Macrophage,0.356416666666644
25.216,25.9686,Macrophage,0.2914166666666512
25.5952,24.0406,Macrophage,0.2834999999999854
24.2391,24.0065,Macrophage,0.2236666666666586
23.3969,25.3026,Macrophage,0.1515833333333332
22.9965,24.5829,Macrophage,0.1752499999999973
26.4284,26.0165,Macrophage,0.0710833333333331
25.8161,25.997,Macrophage,0.087083333333334
23.3906,21.4833,Macrophage,0.0333333333333334
23.0023,23.1288,Macrophage,0.0394999999999999
20.7594,20.5886,Macrophage,0.00675
29.616,15.9567,Macrophage,0.0
23.6424,22.6887,Macrophage,0.0474166666666664
39.4305,8.69417,Macrophage,0.0
9.2048,16.2083,Macrophage,0.0
9.74441,28.8799,Macrophage,0.0
