points_x,points_y,celltypes,phenotypes
26.984,9.01944,Macrophage,0.7264999999999366
29.0117,35.1558,Macrophage,0.6734166666666092
24.6736,12.1154,Macrophage,0.7349999999999357
24.2832,21.4831,Macrophage,0.677999999999942
24.8383,19.2505,Macrophage,0.6608333333332772
25.6081,23.5716,Macrophage,0.4536666666666333
26.2884,25.7005,Macrophage,0.3074999999999828
23.9916,24.2319,Macrophage,0.3087499999999826
24.0047,25.8482,Macrophage,0.2061666666666606
32.0681,37.4147,Macrophage,0.0
