points_x,points_y,celltypes,phenotypes
24.0512,35.4166,Macrophage,0.8277499999999255
26.4066,31.0443,Macrophage,0.7936666666665959
23.7046,32.6791,Macrophage,0.780833333333264
23.3308,27.0366,Macrophage,0.5235833333332923
26.0632,24.4502,Macrophage,0.3054166666666497
22.9695,24.6541,Macrophage,0.2359999999999906
25.6748,23.6817,Macrophage,0.2400833333333235
25.422,26.5894,Macrophage,0.1830833333333298
23.8433,25.9251,Macrophage,0.1492500000000002
24.3985,26.1599,Macrophage,0.1123333333333354
24.3112,22.9699,Macrophage,0.1009166666666681
23.3687,25.4653,Macrophage,0.110500000000002
26.0827,25.8012,Macrophage,0.0884166666666674
17.4763,19.0899,Macrophage,0.0
