points_x,points_y,celltypes,phenotypes
22.3792,23.6415,Macrophage,0.4851666666666299
23.4707,19.7297,Macrophage,0.0276666666666668
32.0808,32.0418,Macrophage,0.0
32.4384,22.9393,Macrophage,0.0
17.9686,12.4808,Macrophage,0.0
36.8252,35.4954,Macrophage,0.0
36.3571,22.1604,Macrophage,0.0
6.75802,19.9969,Macrophage,0.0
48.2262,8.10801,Macrophage,0.0
10.794,36.5294,Macrophage,0.0
33.5237,12.4797,Macrophage,0.0
41.6787,23.4614,Macrophage,0.0
