points_x,points_y,celltypes,phenotypes
24.7369,12.0118,Macrophage,0.8354166666665913
24.8404,22.7058,Macrophage,0.6114999999999493
26.0166,23.7448,Macrophage,0.4514999999999669
25.5533,25.0028,Macrophage,0.2056666666666606
24.9134,24.9214,Macrophage,0.0955833333333345
5.83186,42.3058,Macrophage,0.0
