points_x,points_y,celltypes,phenotypes
20.2083,13.7095,Macrophage,0.6449999999999456
23.2886,19.6726,Macrophage,0.6759166666666089
26.0419,23.8848,Macrophage,0.3134166666666488
24.441,23.1738,Macrophage,0.3346666666666464
25.3245,24.6252,Macrophage,0.1394166666666679
25.969,25.6919,Macrophage,0.1079166666666685
24.1322,25.3384,Macrophage,0.0905000000000009
27.7029,27.7848,Macrophage,0.0156666666666666
30.0741,31.4255,Macrophage,0.0
12.6862,15.3828,Macrophage,0.0
