points_x,points_y,celltypes,phenotypes
22.1971,22.1798,Macrophage,0.6789999999999419
25.9806,24.0243,Macrophage,0.3816666666666413
24.2186,23.8361,Macrophage,0.2336666666666575
24.3366,24.3095,Macrophage,0.1759166666666639
25.0536,25.3249,Macrophage,0.087333333333334
24.0261,24.9533,Macrophage,0.0691666666666663
23.5849,26.4986,Macrophage,0.0492499999999997
24.8136,21.3585,Macrophage,0.0381666666666666
