points_x,points_y,celltypes,phenotypes
35.9705,39.0236,Macrophage,0.8059166666665946
37.9791,34.783,Macrophage,0.7563333333332667
36.2897,37.1783,Macrophage,0.7828333333332638
33.7084,35.6493,Macrophage,0.7878333333332632
36.4769,35.0767,Macrophage,0.837916666666591
34.1754,24.9563,Macrophage,0.8018333333332617
23.258,32.7574,Macrophage,0.8571666666665889
30.8651,32.3525,Macrophage,0.853583333333256
29.0905,26.5581,Macrophage,0.6620833333332771
26.1552,28.3281,Macrophage,0.6460833333332788
28.7039,24.6181,Macrophage,0.6438333333332791
27.2683,27.173,Macrophage,0.6248333333332812
25.4463,26.0136,Macrophage,0.5685833333332874
27.112,24.2309,Macrophage,0.5168333333332931
26.6128,24.0345,Macrophage,0.4018333333333057
23.5702,26.0214,Macrophage,0.317583333333315
24.4377,25.999,Macrophage,0.2371666666666571
24.0144,26.0044,Macrophage,0.2184166666666592
25.8912,24.1471,Macrophage,0.1060833333333351
24.0547,23.9999,Macrophage,0.1232500000000027
26.9428,25.3805,Macrophage,0.109750000000002
26.6845,25.6976,Macrophage,0.0579166666666661
25.972,23.7687,Macrophage,0.0289166666666668
20.6172,12.7528,Macrophage,0.0
22.5153,15.5344,Macrophage,0.0
40.0458,22.5405,Macrophage,0.0
4.56661,17.4005,Macrophage,0.0
