points_x,points_y,celltypes,phenotypes
7.99899,33.0309,Macrophage,0.7906666666665962
16.1628,37.9779,Macrophage,0.8010833333332618
19.2225,28.1449,Macrophage,0.8077499999999277
21.0906,29.4494,Macrophage,0.7685833333332653
22.3396,25.75,Macrophage,0.6209999999999483
24.1174,25.5177,Macrophage,0.1090000000000019
23.9945,26.0123,Macrophage,0.1142500000000022
8.95101,33.1566,Macrophage,0.0
