points_x,points_y,celltypes,phenotypes
27.3642,27.2022,Macrophage,0.777499999999931
27.5077,24.1594,Macrophage,0.6802499999999417
25.5276,25.0341,Macrophage,0.6149166666666156
23.9798,24.1108,Macrophage,0.0745833333333333
24.4167,24.5451,Macrophage,0.0931666666666677
24.6514,25.9859,Macrophage,0.0401666666666666
29.2779,22.2403,Macrophage,0.0021666666666666
