points_x,points_y,celltypes,phenotypes
21.7872,15.5184,Macrophage,0.6859999999999411
32.5084,26.9336,Macrophage,0.5161666666666265
22.2848,14.0741,Macrophage,0.3770833333333084
11.0992,37.8599,Macrophage,0.0
34.6216,6.92414,Macrophage,0.0
36.978,4.31992,Macrophage,0.0
14.3386,43.6115,Macrophage,0.0
10.424,8.93227,Macrophage,0.0
19.7291,7.51317,Macrophage,0.0
44.8558,17.2307,Macrophage,0.0
28.8522,7.22065,Macrophage,0.0
