points_x,points_y,celltypes,phenotypes
44.0347,25.9942,Macrophage,0.8026666666665949
7.97767,21.4422,Macrophage,0.7145833333332713
43.4447,25.9932,Macrophage,0.9116666666665828
43.0093,26.0144,Macrophage,1.0
44.0241,17.9658,Macrophage,0.8824166666665861
41.0051,10.9862,Macrophage,0.7566666666666
7.98641,20.7628,Macrophage,0.7964999999999289
42.5349,25.9774,Macrophage,1.0
43.018,25.3265,Macrophage,0.8974999999999178
42.7667,26.6777,Macrophage,0.93866666666658
39.8661,23.5726,Macrophage,0.8163333333332601
37.4125,23.2966,Macrophage,0.8306666666665918
33.0763,21.1145,Macrophage,0.7169166666666044
26.1378,26.0988,Macrophage,0.4948333333332955
20.5704,21.2436,Macrophage,0.6837499999999413
36.3286,27.8176,Macrophage,0.7063333333332722
32.2637,25.4535,Macrophage,0.7284999999999364
34.3413,25.4617,Macrophage,0.6219999999999481
28.0896,24.0534,Macrophage,0.3772499999999751
27.6203,25.521,Macrophage,0.4519166666666335
23.0434,21.1528,Macrophage,0.4128333333333045
22.3035,24.1763,Macrophage,0.3581666666666439
29.7567,24.4643,Macrophage,0.3107499999999824
26.1289,24.5076,Macrophage,0.3729999999999756
22.753,25.6211,Macrophage,0.3293333333333137
29.1596,26.3999,Macrophage,0.3675833333333095
21.4578,23.1733,Macrophage,0.2933333333333177
22.6572,29.3476,Macrophage,0.1472500000000004
35.3995,24.3603,Macrophage,0.2011666666666611
26.1761,22.7814,Macrophage,0.1519999999999998
19.6972,18.352,Macrophage,0.1277500000000025
40.2165,15.6367,Macrophage,0.0
24.8082,19.9687,Macrophage,0.1214166666666693
24.8976,18.1355,Macrophage,0.0847500000000006
32.6987,27.554,Macrophage,0.0686666666666663
18.2023,36.6324,Macrophage,0.0
30.0024,12.1626,Macrophage,0.0
12.5356,19.9452,Macrophage,0.0
15.3775,28.2083,Macrophage,0.0253333333333334
23.4806,8.63128,Macrophage,0.0
36.5111,15.4314,Macrophage,0.0
31.0024,43.248,Macrophage,0.0
11.3485,16.0097,Macrophage,0.0
31.0318,44.1481,Macrophage,0.0
2.68758,14.659,Macrophage,0.0
