points_x,points_y,celltypes,phenotypes
41.3557,30.6378,Macrophage,0.5136666666666267
35.9822,38.9897,Macrophage,0.5639166666666212
40.9977,31.0207,Macrophage,0.5524999999999558
40.5331,30.5286,Macrophage,0.5759999999999532
38.9953,39.0047,Macrophage,0.4864166666666297
40.541,31.4782,Macrophage,0.5804166666666194
29.7472,27.9744,Macrophage,0.2754999999999863
28.7956,26.4971,Macrophage,0.399333333333306
26.6967,23.7077,Macrophage,0.2174999999999926
20.8289,23.4066,Macrophage,0.0944166666666678
27.6452,24.989,Macrophage,0.3342499999999798
25.7185,25.2274,Macrophage,0.250499999999989
26.0598,26.7406,Macrophage,0.3548333333333109
29.3111,21.6928,Macrophage,0.1242500000000028
18.8346,16.5371,Macrophage,0.0
32.4441,17.0552,Macrophage,0.0
34.1882,31.7441,Macrophage,0.0
21.226,17.3875,Macrophage,0.005
40.665,36.0946,Macrophage,0.0
33.0576,28.8282,Macrophage,0.0405833333333332
36.1138,36.4995,Macrophage,0.0
42.955,40.7692,Macrophage,0.0
26.6345,45.7336,Macrophage,0.0
26.1357,1.86951,Macrophage,0.0
