points_x,points_y,celltypes,phenotypes
10.6786,38.5881,Macrophage,0.9784999999999088
13.899,34.0602,Macrophage,0.9675833333332434
33.9198,24.6932,Macrophage,0.9826666666665752
16.1136,26.1407,Macrophage,0.929166666666581
19.9338,33.5473,Macrophage,0.9910833333332408
17.6846,27.8099,Macrophage,0.9759999999999092
26.1728,31.4505,Macrophage,0.8789166666665865
17.9242,30.8221,Macrophage,0.929166666666581
23.7328,32.0167,Macrophage,0.9003333333332508
31.483,24.5831,Macrophage,0.90683333333325
21.3443,31.353,Macrophage,0.886999999999919
21.7009,25.5825,Macrophage,0.7909166666665962
27.4718,29.2704,Macrophage,0.7884999999999298
22.2239,27.0865,Macrophage,0.7407499999999351
27.1687,26.8115,Macrophage,0.6762499999999422
21.3757,28.5697,Macrophage,0.7156666666666045
25.7835,28.2874,Macrophage,0.6707499999999428
24.4436,29.4894,Macrophage,0.6044999999999501
24.0857,26.551,Macrophage,0.6529166666666114
20.3762,27.4522,Macrophage,0.6890833333332741
22.4343,29.9532,Macrophage,0.6460833333332788
21.9609,28.7843,Macrophage,0.6524166666666115
20.9084,28.3579,Macrophage,0.6044999999999501
27.9957,24.162,Macrophage,0.6088333333332829
23.6995,28.2059,Macrophage,0.5528333333332891
26.8199,24.3047,Macrophage,0.4334166666666356
23.4463,28.5552,Macrophage,0.4311666666666358
24.9584,24.9544,Macrophage,0.387249999999974
25.0191,27.1578,Macrophage,0.3775833333333084
27.0055,25.2697,Macrophage,0.2759999999999862
26.929,24.7926,Macrophage,0.2989999999999837
24.5126,24.4707,Macrophage,0.2557499999999885
27.5031,24.4749,Macrophage,0.2702499999999869
26.5836,25.5221,Macrophage,0.2373333333333238
24.9551,27.6826,Macrophage,0.2391666666666569
26.2425,24.2783,Macrophage,0.259749999999988
24.6014,23.4344,Macrophage,0.1764166666666638
26.0051,26.0551,Macrophage,0.1163333333333357
23.9225,25.0288,Macrophage,0.1767499999999971
25.4667,23.4886,Macrophage,0.1363333333333349
21.9741,26.6398,Macrophage,0.168999999999998
25.0261,22.9987,Macrophage,0.1125000000000021
27.5192,25.0151,Macrophage,0.0844166666666672
21.84,28.3494,Macrophage,0.0948333333333345
25.4733,25.5247,Macrophage,0.093000000000001
29.0021,27.7132,Macrophage,0.0030833333333333
30.5286,24.4554,Macrophage,0.0060833333333333
27.7704,26.566,Macrophage,0.0206666666666667
7.74123,16.5629,Macrophage,0.0
9.14355,34.1306,Macrophage,0.0
24.5846,37.7528,Macrophage,0.0
28.5688,4.36201,Macrophage,0.0
34.9653,6.59788,Macrophage,0.0
