points_x,points_y,celltypes,phenotypes
31.255,10.8114,Macrophage,0.7984999999999287
26.3052,12.7178,Macrophage,0.6130833333332825
25.8812,14.1946,Macrophage,0.7157499999999378
26.5561,20.6677,Macrophage,0.6461666666666122
23.7808,21.8171,Macrophage,0.5629166666666213
25.0276,23.7008,Macrophage,0.3728333333333089
26.8026,23.0202,Macrophage,0.562333333333288
18.5011,20.8821,Macrophage,0.0
24.0067,25.5762,Macrophage,0.3149166666666486
25.787,25.0964,Macrophage,0.4288333333333027
34.5983,18.657,Macrophage,0.0
21.3665,22.7334,Macrophage,0.0539166666666662
32.4015,37.7273,Macrophage,0.0
21.8099,18.3438,Macrophage,0.0
35.9478,16.671,Macrophage,0.0
46.4547,11.9615,Macrophage,0.0
3.57474,7.19676,Macrophage,0.0
45.6867,33.0457,Macrophage,0.0
23.0344,7.68187,Macrophage,0.0
