points_x,points_y,celltypes,phenotypes
7.41833,19.0202,Macrophage,0.5894166666666184
8.02127,18.9861,Macrophage,0.5697499999999539
8.02672,18.5087,Macrophage,0.5788333333332862
8.5731,19.0048,Macrophage,0.6242499999999479
7.99401,19.5056,Macrophage,0.6099999999999495
9.04406,19.0158,Macrophage,0.5964166666666176
8.54847,18.2957,Macrophage,0.6942499999999402
7.98046,20.0326,Macrophage,0.6321666666666137
8.82448,19.7013,Macrophage,0.6245833333332812
10.3132,19.25,Macrophage,0.6638333333332769
14.5555,18.8286,Macrophage,0.6505833333332783
11.8349,19.5885,Macrophage,0.6731666666666092
17.1421,19.9539,Macrophage,0.6384999999999463
15.9571,21.5044,Macrophage,0.6274166666666142
22.2784,23.293,Macrophage,0.4636666666666322
24.7662,23.0686,Macrophage,0.3398333333333125
23.263,25.3024,Macrophage,0.2884166666666515
25.989,24.3377,Macrophage,0.1778333333333303
23.0328,24.6754,Macrophage,0.1272500000000026
25.3238,26.0147,Macrophage,0.1250000000000028
24.8402,24.5548,Macrophage,0.0838333333333338
18.6009,30.028,Macrophage,0.0
21.5501,27.8096,Macrophage,0.0020833333333333
23.7596,27.2653,Macrophage,0.0114166666666666
32.8715,18.6292,Macrophage,0.0
19.0536,22.5594,Macrophage,0.048583333333333
7.78672,30.0457,Macrophage,0.0
13.135,12.9646,Macrophage,0.0
42.5274,17.2571,Macrophage,0.0
