points_x,points_y,celltypes,phenotypes
28.6704,22.6715,Macrophage,0.2462499999999895
9.13435,11.1584,Macrophage,0.0
28.351,8.90974,Macrophage,0.0
8.70177,31.6399,Macrophage,0.0
44.3038,37.7686,Macrophage,0.0
26.3961,12.0088,Macrophage,0.0
9.94217,3.74026,Macrophage,0.0
