points_x,points_y,celltypes,phenotypes
13.9512,12.9544,Macrophage,0.0
16.8321,6.9282,Macrophage,0.0
39.1314,13.0582,Macrophage,0.0
7.49037,25.6844,Macrophage,0.0
40.8881,28.6358,Macrophage,0.0
5.01679,5.74288,Macrophage,0.0
8.12683,19.6262,Macrophage,0.0
20.8814,2.61099,Macrophage,0.0
7.38063,18.123,Macrophage,0.0
31.5228,8.67967,Macrophage,0.0
9.20329,45.9971,Macrophage,0.0
12.5258,9.93963,Macrophage,0.0
