points_x,points_y,celltypes,phenotypes
20.3396,20.1665,Macrophage,0.2218333333333255
15.9336,18.7311,Macrophage,0.0
27.2182,34.3922,Macrophage,0.0
18.6639,28.8974,Macrophage,0.0385833333333333
29.1209,36.9829,Macrophage,0.0
22.7664,29.9425,Macrophage,0.1329166666666686
33.4902,6.77001,Macrophage,0.0
11.9821,32.1753,Macrophage,0.0
43.0963,37.4018,Macrophage,0.0
13.5135,16.6312,Macrophage,0.0
21.4247,44.6983,Macrophage,0.0
30.4195,39.9955,Macrophage,0.0
33.6173,46.1765,Macrophage,0.0
