points_x,points_y,celltypes,phenotypes
25.2187,24.825,Macrophage,0.1163333333333357
28.3057,24.2269,Macrophage,0.0254166666666667
17.5069,29.956,Macrophage,0.0
28.8139,13.5349,Macrophage,0.0
36.0075,15.0116,Macrophage,0.0
5.87825,29.0005,Macrophage,0.0
42.3176,32.5915,Macrophage,0.0
4.27158,18.4745,Macrophage,0.0
