points_x,points_y,celltypes,phenotypes
8.0107,14.9788,Macrophage,0.8182499999999265
23.5427,25.5395,Macrophage,0.2932499999999843
24.497,23.991,Macrophage,0.2932499999999843
24.3082,25.8854,Macrophage,0.250749999999989
25.9137,25.037,Macrophage,0.1711666666666644
29.1971,16.6847,Macrophage,0.0
