points_x,points_y,celltypes,phenotypes
25.1748,36.0916,Macrophage,0.8595833333332553
25.3751,27.8561,Macrophage,0.7249166666666035
24.4892,25.6245,Macrophage,0.6712499999999427
