points_x,points_y,celltypes,phenotypes
25.0616,41.9872,Macrophage,0.768749999999932
32.027,41.8464,Macrophage,0.8042499999999281
22.9952,7.99429,Macrophage,0.8091666666665942
32.0315,41.0159,Macrophage,0.8454999999999235
24.5026,41.9763,Macrophage,0.7444999999999347
23.3778,42.6473,Macrophage,0.850499999999923
28.606,29.2423,Macrophage,0.6676666666666098
22.8271,32.2541,Macrophage,0.7325833333332693
27.0143,27.4395,Macrophage,0.7123333333332715
24.5362,22.135,Macrophage,0.63508333333328
21.4321,30.0329,Macrophage,0.6883333333332742
22.3979,26.9057,Macrophage,0.5011666666666281
26.3847,28.9869,Macrophage,0.4298333333333026
25.2063,28.3675,Macrophage,0.532999999999958
24.1402,27.3931,Macrophage,0.4708333333332981
22.2198,22.483,Macrophage,0.4009166666666391
25.01,25.1297,Macrophage,0.3179999999999816
26.8188,20.7884,Macrophage,0.1619999999999987
27.8489,25.7157,Macrophage,0.2698333333333202
25.063,29.733,Macrophage,0.3728333333333089
29.73,27.9786,Macrophage,0.1260000000000027
26.6044,30.2085,Macrophage,0.1210833333333359
27.1963,27.9139,Macrophage,0.208333333333327
30.8454,34.9288,Macrophage,0.0
18.9425,17.0555,Macrophage,0.0119166666666666
28.7674,33.3818,Macrophage,0.0266666666666667
31.0766,22.7769,Macrophage,0.1286666666666691
22.9812,28.3782,Macrophage,0.1886666666666625
23.7836,30.5315,Macrophage,0.1666666666666649
24.2721,20.7923,Macrophage,0.2176666666666593
22.1374,17.8941,Macrophage,0.0968333333333346
25.0611,31.5746,Macrophage,0.1141666666666689
20.2382,40.3601,Macrophage,0.0
24.9746,34.45,Macrophage,0.0489999999999997
18.565,13.4787,Macrophage,0.0
5.59264,22.6217,Macrophage,0.0
25.6111,7.66305,Macrophage,0.0
13.8849,42.0249,Macrophage,0.0
37.0141,12.0839,Macrophage,0.0
37.5081,46.757,Macrophage,0.0
