points_x,points_y,celltypes,phenotypes
9.17328,18.981,Macrophage,0.804499999999928
18.9598,26.5043,Macrophage,0.7214166666666039
18.3656,31.3744,Macrophage,0.7799999999999307
20.545,17.8448,Macrophage,0.750249999999934
19.5259,23.4631,Macrophage,0.6963333333332733
26.3989,26.1292,Macrophage,0.4958333333332954
22.5181,24.341,Macrophage,0.5299999999999583
27.2781,23.4384,Macrophage,0.4565833333332997
25.8242,23.7291,Macrophage,0.3550833333333109
24.708,26.465,Macrophage,0.3437499999999788
27.26,24.8444,Macrophage,0.2467499999999894
23.2574,26.1086,Macrophage,0.3003333333333169
24.4429,24.3552,Macrophage,0.2449166666666563
23.1627,25.6176,Macrophage,0.2141666666666597
25.8441,26.1863,Macrophage,0.2380833333333237
26.4175,24.5599,Macrophage,0.2366666666666572
26.8206,25.0615,Macrophage,0.2124999999999932
23.1973,23.0089,Macrophage,0.2108333333333267
24.4056,22.0239,Macrophage,0.0579999999999994
24.4125,30.3261,Macrophage,0.0389166666666666
27.0477,29.4965,Macrophage,0.0385833333333333
23.987,32.3848,Macrophage,0.0166666666666666
40.0739,12.0035,Macrophage,0.0
19.359,19.7312,Macrophage,0.0143333333333333
23.3708,41.2112,Macrophage,0.0
35.5187,23.4552,Macrophage,0.0
17.7735,12.1186,Macrophage,0.0
