points_x,points_y,celltypes,phenotypes
28.8552,26.5798,Macrophage,0.7650833333332657
27.5295,28.97,Macrophage,0.7053333333332723
25.9915,24.2636,Macrophage,0.335833333333313
24.8595,25.5462,Macrophage,0.2684166666666537
24.3472,23.9801,Macrophage,0.2030833333333276
26.3322,25.9827,Macrophage,0.0529166666666662
19.3359,16.1653,Macrophage,0.0
25.1594,16.0071,Macrophage,0.0014166666666666
