points_x,points_y,celltypes,phenotypes
37.965,37.9812,Macrophage,0.7994999999999286
38.3731,38.3487,Macrophage,0.7811666666665973
41.9821,35.0534,Macrophage,0.7484999999999342
31.006,40.9904,Macrophage,0.7003333333332729
37.5351,38.3281,Macrophage,0.744333333333268
41.9932,34.5101,Macrophage,0.777999999999931
38.8265,38.0064,Macrophage,0.7884999999999298
37.3204,37.3332,Macrophage,0.7528333333332671
41.2431,33.2098,Macrophage,0.7814166666665973
36.5461,38.0346,Macrophage,0.7544999999999336
34.9514,13.0915,Macrophage,0.7277499999999365
37.8934,37.5498,Macrophage,0.7704999999999318
38.5807,37.4422,Macrophage,0.8008333333332618
39.463,34.677,Macrophage,0.7602499999999329
35.438,34.6936,Macrophage,0.8139166666665937
29.7983,14.814,Macrophage,0.7380833333332687
37.8834,34.7707,Macrophage,0.7927499999999293
35.5079,36.6129,Macrophage,0.7913333333332628
35.4143,32.5317,Macrophage,0.7933333333332626
36.3227,30.1739,Macrophage,0.7593333333332664
37.2221,32.5451,Macrophage,0.7574166666665999
34.6291,30.5944,Macrophage,0.7511666666666006
30.9197,25.707,Macrophage,0.6694999999999429
33.2969,28.6807,Macrophage,0.7309999999999361
33.0534,31.1316,Macrophage,0.7081666666666053
25.1785,20.1061,Macrophage,0.6438333333332791
27.2653,20.6469,Macrophage,0.6468333333332787
27.8175,23.9674,Macrophage,0.5791666666666195
30.8584,28.3621,Macrophage,0.5829166666666191
28.0117,25.9333,Macrophage,0.5702499999999538
24.7045,22.5184,Macrophage,0.5200833333332927
29.0551,25.8217,Macrophage,0.4599166666666326
24.5087,23.8494,Macrophage,0.3528333333333111
25.9116,24.9592,Macrophage,0.4734166666666312
28.6842,27.2795,Macrophage,0.4361666666666353
23.7292,22.6691,Macrophage,0.3489999999999782
24.7357,26.6669,Macrophage,0.2204999999999923
23.9424,25.2816,Macrophage,0.2598333333333213
24.4153,23.3743,Macrophage,0.2212499999999922
27.6164,26.361,Macrophage,0.1651666666666651
26.4015,26.9918,Macrophage,0.1825833333333298
23.8746,23.935,Macrophage,0.1216666666666693
27.753,27.5598,Macrophage,0.1292500000000024
23.607,27.4072,Macrophage,0.0375
19.1925,19.9079,Macrophage,0.0
21.5985,28.735,Macrophage,0.0107499999999999
22.0413,23.9992,Macrophage,0.0355833333333334
18.4327,30.4655,Macrophage,0.0
30.0272,27.0084,Macrophage,0.0522499999999996
37.9321,38.92,Macrophage,0.0
39.199,39.3788,Macrophage,0.0
14.312,22.2852,Macrophage,0.0
30.1263,29.5207,Macrophage,0.0322500000000001
8.08342,20.2694,Macrophage,0.0
43.1992,44.9497,Macrophage,0.0
