points_x,points_y,celltypes,phenotypes
30.3232,33.541,Macrophage,0.8048333333332613
14.2657,26.0286,Macrophage,0.7815833333332639
25.0351,25.9302,Macrophage,0.3339999999999798
24.46,25.979,Macrophage,0.3515833333333112
23.4268,25.4388,Macrophage,0.2413333333333233
25.9673,24.5325,Macrophage,0.2055833333333273
23.5815,24.451,Macrophage,0.1724166666666643
26.0075,25.2051,Macrophage,0.069583333333333
27.8171,24.831,Macrophage,0.0317500000000001
20.1885,16.4455,Macrophage,0.0
9.78396,46.5321,Macrophage,0.0
