points_x,points_y,celltypes,phenotypes
33.0266,25.251,Macrophage,0.5651666666666211
34.8586,32.5129,Macrophage,0.0
14.5735,10.6447,Macrophage,0.0
37.0779,33.3869,Macrophage,0.0
28.6845,10.8724,Macrophage,0.0
11.2354,13.0485,Macrophage,0.0
34.6279,5.53572,Macrophage,0.0
42.2948,23.2308,Macrophage,0.0
