points_x,points_y,celltypes,phenotypes
3.01664,18.0094,Macrophage,0.7307499999999362
31.9728,41.2104,Macrophage,0.7539999999999336
39.6734,36.0042,Macrophage,0.7679166666665987
31.9948,40.6605,Macrophage,0.8732499999999205
26.03,41.9982,Macrophage,0.8231666666665927
29.5767,45.0171,Macrophage,0.8164166666665934
42.0015,19.9809,Macrophage,0.7689166666665986
27.4438,43.4553,Macrophage,0.6478333333332786
38.4396,36.0134,Macrophage,0.8784166666665866
39.0074,36.0031,Macrophage,0.7329999999999359
33.6034,25.6939,Macrophage,0.8753333333332536
39.5303,23.7413,Macrophage,0.8532499999999227
28.5162,28.7954,Macrophage,0.8130833333332604
35.3727,36.8423,Macrophage,0.7452499999999346
36.9274,31.8079,Macrophage,0.7290833333332697
33.1844,30.3987,Macrophage,0.7483333333332676
24.5092,33.1862,Macrophage,0.7194999999999374
26.6499,31.0642,Macrophage,0.5980833333332841
25.1542,30.0174,Macrophage,0.6433333333332791
27.7085,24.0046,Macrophage,0.5653333333332877
21.5609,27.59,Macrophage,0.5923333333332848
28.9757,27.1531,Macrophage,0.502166666666628
25.1886,27.4086,Macrophage,0.5129166666666268
26.6629,29.1198,Macrophage,0.4264166666666363
24.8999,25.0065,Macrophage,0.3915833333333068
26.7406,25.1743,Macrophage,0.3306666666666469
25.0867,23.1626,Macrophage,0.2351666666666574
29.9127,28.5846,Macrophage,0.3562499999999774
28.6337,25.007,Macrophage,0.2895833333333181
18.7612,27.5197,Macrophage,0.156416666666666
27.9037,29.6425,Macrophage,0.1683333333333314
21.4784,24.2342,Macrophage,0.2449999999999896
30.3537,24.2219,Macrophage,0.1531666666666664
23.3786,27.032,Macrophage,0.262583333333321
34.2615,16.9964,Macrophage,0.0
22.9617,28.5104,Macrophage,0.2049166666666607
29.4284,30.1319,Macrophage,0.104083333333335
27.3615,21.6774,Macrophage,0.1594166666666657
18.3616,18.3806,Macrophage,0.0424166666666665
40.2689,38.1867,Macrophage,0.0
37.6103,37.5961,Macrophage,0.0
37.1206,20.5483,Macrophage,0.0
28.5986,17.8712,Macrophage,0.0375
31.9635,38.3626,Macrophage,0.0
29.4064,39.1472,Macrophage,0.0
35.6497,14.4601,Macrophage,0.0
43.5693,42.8661,Macrophage,0.0
15.8966,6.60549,Macrophage,0.0
32.7119,39.9788,Macrophage,0.0
