points_x,points_y,celltypes,phenotypes
14.5305,29.4511,Macrophage,0.5498333333332894
20.7938,18.753,Macrophage,0.4077499999999717
28.5788,17.2501,Macrophage,0.4092499999999716
19.069,19.2047,Macrophage,0.0533333333333329
26.8887,30.6526,Macrophage,0.2899999999999847
17.3131,24.2874,Macrophage,0.3316666666666468
37.2864,15.4526,Macrophage,0.0
5.29499,14.6573,Macrophage,0.0
39.6785,35.6816,Macrophage,0.0
41.3362,37.368,Macrophage,0.0
13.7596,36.2564,Macrophage,0.0
21.9616,12.1478,Macrophage,0.0
29.9098,41.001,Macrophage,0.0
30.5497,42.5885,Macrophage,0.0
22.5116,6.17208,Macrophage,0.0
