points_x,points_y,celltypes,phenotypes
22.9429,27.5895,Macrophage,0.2086666666666603
26.2193,28.3406,Macrophage,0.2436666666666564
25.6689,21.8446,Macrophage,0.1786666666666636
24.6157,23.5555,Macrophage,0.1758333333333306
29.7527,24.4251,Macrophage,0.1426666666666675
22.9803,31.1779,Macrophage,0.0115833333333333
44.1339,31.2622,Macrophage,0.0
27.347,33.8247,Macrophage,0.0
23.1966,35.7487,Macrophage,0.0
