points_x,points_y,celltypes,phenotypes
6.01159,33.032,Macrophage,0.8284166666665921
14.005,39.5145,Macrophage,0.8169166666665933
14.0069,39.0196,Macrophage,0.8794999999999198
23.9858,44.9721,Macrophage,0.7878333333332632
5.9762,32.2656,Macrophage,0.8456666666665902
12.3652,39.0034,Macrophage,0.8573333333332556
14.0572,38.56,Macrophage,0.8742499999999204
13.9247,37.9792,Macrophage,0.8685833333332543
13.6459,35.0574,Macrophage,0.8666666666665879
18.0871,27.2463,Macrophage,0.7309166666666028
21.5382,27.7239,Macrophage,0.7109999999999383
20.1871,27.8315,Macrophage,0.6966666666666066
23.0328,27.5855,Macrophage,0.5579999999999552
22.8705,25.7984,Macrophage,0.4553333333332998
25.657,26.371,Macrophage,0.3678333333333095
25.993,25.6094,Macrophage,0.3835833333333077
25.498,23.9631,Macrophage,0.3646666666666431
26.0282,23.8759,Macrophage,0.3357499999999797
23.5626,26.7432,Macrophage,0.3352499999999797
23.1747,24.7486,Macrophage,0.2917499999999845
26.0757,24.3701,Macrophage,0.2233333333333253
22.9539,25.0501,Macrophage,0.2449999999999896
22.2868,25.7456,Macrophage,0.1079166666666685
24.0157,23.994,Macrophage,0.0654166666666661
26.4696,24.7292,Macrophage,0.0285000000000001
25.4773,23.5408,Macrophage,0.0272500000000001
17.5758,30.392,Macrophage,0.0130833333333333
19.8866,28.1515,Macrophage,0.0252500000000001
23.3829,23.138,Macrophage,0.024
34.4425,27.2093,Macrophage,0.0
11.6388,34.5499,Macrophage,0.0
42.9843,27.1423,Macrophage,0.0
41.4201,29.3049,Macrophage,0.0
5.04549,28.3793,Macrophage,0.0
