points_x,points_y,celltypes,phenotypes
27.4954,26.6226,Macrophage,0.9198333333332488
25.9629,26.063,Macrophage,0.844583333333257
24.1041,25.304,Macrophage,0.7663333333332656
24.6689,26.8856,Macrophage,0.7840833333332636
22.9412,24.5018,Macrophage,0.6639166666666102
24.7549,24.6774,Macrophage,0.3806666666666414
25.9714,24.4586,Macrophage,0.377999999999975
25.9858,23.9701,Macrophage,0.290583333333318
24.8482,23.3029,Macrophage,0.1690833333333313
23.6924,25.7624,Macrophage,0.1495833333333334
40.2067,24.883,Macrophage,0.0
