points_x,points_y,celltypes,phenotypes
44.9769,28.989,Macrophage,0.5924999999999514
45.2207,21.2302,Macrophage,0.7428333333332682
46.8171,21.063,Macrophage,0.5945833333332845
43.998,34.0078,Macrophage,0.6014999999999504
39.8337,28.6488,Macrophage,0.6158333333332822
36.6807,31.9285,Macrophage,0.6435833333332791
37.4958,29.0821,Macrophage,0.6202499999999483
25.8501,24.5445,Macrophage,0.4647499999999654
22.34,21.3007,Macrophage,0.097916666666668
31.7859,21.5033,Macrophage,0.0080833333333333
30.6558,9.38075,Macrophage,0.0
35.4848,19.7283,Macrophage,0.0
