points_x,points_y,celltypes,phenotypes
13.9935,10.4171,Macrophage,0.7637499999999325
14.0024,11.0149,Macrophage,0.7759166666665979
8.83001,16.0219,Macrophage,0.747416666666601
42.9813,18.0122,Macrophage,0.790083333333263
9.50067,16.015,Macrophage,0.8038333333332615
13.3856,11.0393,Macrophage,0.7831666666665971
14.6801,11.0115,Macrophage,0.8073333333332611
8.98184,15.2691,Macrophage,0.8383333333332577
13.9935,11.6451,Macrophage,0.8094166666665942
10.6222,17.2498,Macrophage,0.7887499999999298
12.6334,14.9687,Macrophage,0.8458333333332568
25.7034,17.8161,Macrophage,0.7578333333332665
24.6558,20.9334,Macrophage,0.6373333333332798
24.6281,16.6837,Macrophage,0.6467499999999454
26.6405,22.5848,Macrophage,0.4256666666666364
23.5494,23.0661,Macrophage,0.4747499999999643
26.0006,26.0237,Macrophage,0.3465833333333118
25.4897,23.4985,Macrophage,0.4075833333333051
26.9484,24.4721,Macrophage,0.4029166666666389
25.642,25.512,Macrophage,0.3740833333333088
25.2986,23.1948,Macrophage,0.3369999999999795
24.5877,24.6064,Macrophage,0.2783333333333193
25.1885,25.1819,Macrophage,0.2604999999999879
24.1027,25.9579,Macrophage,0.2824999999999855
28.1215,26.781,Macrophage,0.1028333333333349
22.8315,23.8647,Macrophage,0.1658333333333317
23.4892,22.1675,Macrophage,0.1764166666666638
23.6328,20.6368,Macrophage,0.1207500000000026
30.9199,28.745,Macrophage,0.0385
21.7637,19.8817,Macrophage,0.0805833333333337
28.1086,22.6303,Macrophage,0.0953333333333345
21.0575,25.6824,Macrophage,0.1070000000000018
22.0982,22.0659,Macrophage,0.1330000000000019
26.9004,18.7406,Macrophage,0.0594999999999994
11.859,21.3659,Macrophage,0.0
36.1364,34.206,Macrophage,0.0
42.1833,38.1646,Macrophage,0.0
7.49019,39.611,Macrophage,0.0
31.0752,35.5748,Macrophage,0.0
17.6539,14.4482,Macrophage,0.0
