points_x,points_y,celltypes,phenotypes
25.2615,22.3793,Macrophage,0.5553333333332888
27.052,24.6583,Macrophage,0.3701666666666425
25.2515,23.8254,Macrophage,0.3603333333333103
24.203,23.7896,Macrophage,0.2439999999999897
24.0156,25.2061,Macrophage,0.2429166666666565
26.5235,24.8864,Macrophage,0.1742499999999974
24.4832,26.4863,Macrophage,0.1128333333333355
42.1241,14.4121,Macrophage,0.0
49.1777,17.7767,Macrophage,0.0
