points_x,points_y,celltypes,phenotypes
31.9909,40.9803,Macrophage,0.7823333333332638
31.5251,39.5531,Macrophage,0.7828333333332638
29.4284,34.4717,Macrophage,0.8085833333332609
26.6456,27.8985,Macrophage,0.6906666666666073
24.8175,25.4215,Macrophage,0.596499999999951
25.3356,25.3285,Macrophage,0.5135833333332934
26.0025,25.9891,Macrophage,0.4577499999999662
21.2783,36.7552,Macrophage,0.0
