points_x,points_y,celltypes,phenotypes
9.57917,18.9866,Macrophage,0.8503333333332563
9.00302,19.0077,Macrophage,0.7859999999999301
16.3368,21.0003,Macrophage,0.8027499999999282
30.5119,23.617,Macrophage,0.7739999999999314
26.7176,27.4577,Macrophage,0.6101666666666161
28.3979,27.4079,Macrophage,0.5871666666666187
27.6041,25.8973,Macrophage,0.6041666666666168
24.5276,26.5378,Macrophage,0.5318333333332914
25.7978,24.9918,Macrophage,0.5154166666666266
24.6215,23.3671,Macrophage,0.5043333333332944
22.239,24.3062,Macrophage,0.5213333333332926
25.8963,23.9507,Macrophage,0.365666666666643
25.4697,25.2182,Macrophage,0.2997499999999836
23.668,23.581,Macrophage,0.1013333333333348
28.1801,24.7759,Macrophage,0.0757500000000001
24.0146,25.0153,Macrophage,0.1626666666666653
22.2792,27.5735,Macrophage,0.062666666666666
25.8907,25.8775,Macrophage,0.1168333333333357
29.4574,26.2262,Macrophage,0.0599999999999994
20.2789,22.461,Macrophage,0.0637499999999994
29.0057,33.2486,Macrophage,0.0103333333333333
20.7562,40.0807,Macrophage,0.0
22.74,14.6868,Macrophage,0.0
42.4283,28.9382,Macrophage,0.0
26.0751,11.9583,Macrophage,0.0
