points_x,points_y,celltypes,phenotypes
39.0077,36.0102,Macrophage,0.765416666666599
36.9949,38.9792,Macrophage,0.7669166666665989
36.5092,35.0049,Macrophage,0.7954166666665957
33.579,37.9404,Macrophage,0.8365833333332579
31.0487,38.0959,Macrophage,0.7540833333332669
28.8612,35.3657,Macrophage,0.789833333333263
26.5914,31.1495,Macrophage,0.6949999999999401
24.5352,27.2196,Macrophage,0.5269999999999586
23.3442,28.7064,Macrophage,0.569249999999954
25.6991,27.7127,Macrophage,0.4800833333332971
25.872,25.1797,Macrophage,0.4741666666666311
25.5594,24.8083,Macrophage,0.3760833333333085
26.6018,26.0218,Macrophage,0.3361666666666463
23.9587,24.791,Macrophage,0.3544166666666443
25.629,26.7045,Macrophage,0.2549166666666552
24.4101,26.2443,Macrophage,0.259999999999988
22.95,25.2927,Macrophage,0.2766666666666528
23.3339,25.5338,Macrophage,0.2376666666666571
25.9397,24.1366,Macrophage,0.1488333333333335
23.7515,24.3124,Macrophage,0.1980833333333281
22.9375,24.7378,Macrophage,0.1994999999999946
27.3034,25.5069,Macrophage,0.1683333333333314
27.372,23.742,Macrophage,0.1135000000000022
35.5239,13.7792,Macrophage,0.0
21.5549,24.8013,Macrophage,0.1040000000000016
25.0007,28.7727,Macrophage,0.1028333333333349
27.2206,27.0832,Macrophage,0.141250000000001
33.6999,32.4867,Macrophage,0.0
32.1167,27.0739,Macrophage,0.0374166666666666
22.0305,20.5085,Macrophage,0.0464166666666664
26.5253,17.2438,Macrophage,0.0041666666666666
26.9172,19.0011,Macrophage,0.0247500000000001
24.2772,12.9482,Macrophage,0.0
15.4129,23.996,Macrophage,0.0151666666666666
32.9229,30.2377,Macrophage,0.0233333333333334
43.5352,33.8324,Macrophage,0.0
9.31382,10.1818,Macrophage,0.0
