points_x,points_y,celltypes,phenotypes
2.46057,40.4366,Macrophage,0.0
4.15521,23.7452,Macrophage,0.0
4.87987,28.5705,Macrophage,0.0
44.3951,16.1802,Macrophage,0.0
36.2262,12.5953,Macrophage,0.0
6.86122,11.543,Macrophage,0.0
2.46841,24.4979,Macrophage,0.0
46.8016,43.3665,Macrophage,0.0
1.73018,8.58814,Macrophage,0.0
44.4029,1.66739,Macrophage,0.0
23.3198,42.5269,Macrophage,0.0
44.4854,8.44653,Macrophage,0.0
