points_x,points_y,celltypes,phenotypes
39.0046,36.0707,Macrophage,0.7114999999999383
8.00942,29.0008,Macrophage,0.7323333333332693
25.0046,42.0386,Macrophage,0.717583333333271
39.0027,35.4307,Macrophage,0.7214999999999372
38.9938,33.9944,Macrophage,0.7116666666666049
25.0412,41.3659,Macrophage,0.7087499999999386
25.0439,39.3775,Macrophage,0.7864166666665967
37.058,18.2755,Macrophage,0.7326666666666026
10.7261,29.0044,Macrophage,0.6719166666666093
26.9457,24.6812,Macrophage,0.7624999999999327
29.8966,29.2645,Macrophage,0.7055833333332723
32.2443,16.4557,Macrophage,0.7517499999999339
40.0445,25.8388,Macrophage,0.7331666666666026
21.7867,24.4387,Macrophage,0.6530833333332781
22.5745,26.5708,Macrophage,0.7278333333332698
18.954,27.2724,Macrophage,0.6149166666666156
25.4599,23.0537,Macrophage,0.5889999999999518
22.8869,27.0289,Macrophage,0.5512499999999559
25.3123,25.5347,Macrophage,0.5158333333332932
26.2054,21.8117,Macrophage,0.5177499999999596
24.4517,24.6651,Macrophage,0.4760833333332975
27.7152,24.3351,Macrophage,0.5238333333332923
23.4438,22.8379,Macrophage,0.3624999999999767
21.3618,27.3193,Macrophage,0.3246666666666475
26.9778,22.9539,Macrophage,0.4820833333332969
27.9476,25.9279,Macrophage,0.2251666666666585
20.7745,25.4887,Macrophage,0.2862499999999851
23.9791,27.7718,Macrophage,0.3770833333333084
28.0063,23.7332,Macrophage,0.3581666666666439
26.1195,26.1564,Macrophage,0.2707499999999868
27.508,22.9567,Macrophage,0.313999999999982
20.1354,22.6515,Macrophage,0.0691666666666663
25.4042,27.2812,Macrophage,0.2121666666666599
20.5258,24.0316,Macrophage,0.1104166666666687
19.0098,21.067,Macrophage,0.0226666666666667
28.8644,23.4921,Macrophage,0.1345000000000018
34.0938,29.5887,Macrophage,0.0
15.3551,17.9085,Macrophage,0.0
24.5314,34.4893,Macrophage,0.0
25.0687,16.3988,Macrophage,0.0013333333333333
10.668,14.519,Macrophage,0.0
35.7413,34.8992,Macrophage,0.0
12.3409,17.8406,Macrophage,0.0
35.1575,23.3559,Macrophage,0.0042499999999999
36.8311,36.3884,Macrophage,0.0
21.6144,39.5781,Macrophage,0.0
11.4908,42.4972,Macrophage,0.0
5.60935,9.37287,Macrophage,0.0
5.81182,15.3396,Macrophage,0.0
25.0076,45.4389,Macrophage,0.0
24.0876,41.4861,Macrophage,0.0
15.7464,42.3542,Macrophage,0.0
