points_x,points_y,celltypes,phenotypes
16.4057,22.3978,Macrophage,0.780333333333264
23.5167,25.6005,Macrophage,0.4935833333332956
23.3872,24.0135,Macrophage,0.5658333333332877
25.0594,25.6523,Macrophage,0.3737499999999755
25.5274,23.9973,Macrophage,0.3194166666666481
25.1261,24.1448,Macrophage,0.2556666666666551
24.3183,23.2448,Macrophage,0.0513333333333329
20.3907,33.1081,Macrophage,0.0
24.4076,15.2782,Macrophage,0.0
25.0746,34.7999,Macrophage,0.0
27.6532,13.0669,Macrophage,0.0
