points_x,points_y,celltypes,phenotypes
42.0074,20.0196,Macrophage,0.753583333333267
20.013,6.9773,Macrophage,0.7512499999999339
40.2925,21.0014,Macrophage,0.7167499999999377
38.6593,19.4361,Macrophage,0.8103333333332607
38.7471,23.0623,Macrophage,0.7812499999999306
17.2843,17.088,Macrophage,0.7387499999999353
24.0403,14.2808,Macrophage,0.7749999999999313
31.9016,17.3937,Macrophage,0.7733333333332648
22.3586,20.3647,Macrophage,0.7344999999999358
29.6704,21.0745,Macrophage,0.6897499999999407
24.2711,22.9184,Macrophage,0.5119166666666269
22.7593,23.0708,Macrophage,0.5385833333332907
26.7221,23.2331,Macrophage,0.3734166666666422
26.9892,22.8483,Macrophage,0.2939999999999843
26.6548,24.5343,Macrophage,0.2784166666666526
26.7168,23.9493,Macrophage,0.2739166666666531
26.5719,25.4596,Macrophage,0.2490833333333225
26.3581,22.3799,Macrophage,0.1838333333333297
24.4169,25.973,Macrophage,0.1197500000000025
25.1839,25.9826,Macrophage,0.1469166666666671
26.3129,22.7828,Macrophage,0.085833333333334
25.9002,25.9784,Macrophage,0.104083333333335
24.9758,21.985,Macrophage,0.0588333333333327
17.4804,28.5461,Macrophage,0.0
28.9017,22.9656,Macrophage,0.0459166666666664
22.7451,15.0662,Macrophage,0.0
11.0033,17.9508,Macrophage,0.0
6.09306,23.176,Macrophage,0.0
44.0379,25.0802,Macrophage,0.0
5.65649,41.1368,Macrophage,0.0
31.9152,46.1993,Macrophage,0.0
47.4478,29.0621,Macrophage,0.0
