points_x,points_y,celltypes,phenotypes
20.5439,27.8028,Macrophage,0.07425
23.1739,21.8151,Macrophage,0.0800833333333336
19.9781,13.1907,Macrophage,0.0
29.7269,18.3379,Macrophage,0.0
34.5408,36.5252,Macrophage,0.0
29.7851,45.9348,Macrophage,0.0
31.459,47.9534,Macrophage,0.0
