points_x,points_y,celltypes,phenotypes
18.9153,25.9582,Macrophage,0.7361666666666022
20.8131,23.5886,Macrophage,0.641749999999946
27.9147,23.1455,Macrophage,0.5427499999999569
22.5997,25.8272,Macrophage,0.5562499999999554
28.4556,24.9598,Macrophage,0.5719166666666203
27.0444,23.1179,Macrophage,0.4664166666666319
23.9558,22.9767,Macrophage,0.3397499999999792
25.693,22.9446,Macrophage,0.3095833333333159
22.9927,24.8927,Macrophage,0.2194999999999924
26.5111,23.3969,Macrophage,0.2655833333333207
25.7713,26.2314,Macrophage,0.1558333333333328
23.0246,25.4823,Macrophage,0.1752499999999973
24.2555,25.7671,Macrophage,0.1992499999999946
25.6405,23.6053,Macrophage,0.1290000000000024
22.9954,23.8983,Macrophage,0.1160833333333357
26.0643,24.0496,Macrophage,0.1573333333333326
26.74,24.7215,Macrophage,0.1190000000000025
23.0147,26.4614,Macrophage,0.0427499999999998
24.7091,23.0035,Macrophage,0.0394999999999999
26.9269,31.7042,Macrophage,0.0
29.0083,23.2206,Macrophage,0.01875
13.4017,29.1083,Macrophage,0.0
