points_x,points_y,celltypes,phenotypes
42.4348,34.9995,Macrophage,0.7769999999999311
41.8107,35.0018,Macrophage,0.7994166666665953
45.0137,29.9859,Macrophage,0.7690833333332653
43.5861,29.6174,Macrophage,0.7542499999999336
37.9976,38.0139,Macrophage,0.7998333333332619
44.2633,30.9394,Macrophage,0.8141666666665937
36.6401,36.5793,Macrophage,0.7528333333332671
40.85,34.8075,Macrophage,0.81658333333326
39.1799,25.4916,Macrophage,0.7639999999999325
34.8953,27.731,Macrophage,0.7634999999999326
35.6241,30.3335,Macrophage,0.7992499999999286
31.0487,27.8357,Macrophage,0.7645833333332658
31.6202,21.5415,Macrophage,0.7987499999999287
35.3178,24.2953,Macrophage,0.7934166666665959
32.5812,28.4462,Macrophage,0.7733333333332648
32.4329,25.7086,Macrophage,0.7150833333332712
29.3604,24.4128,Macrophage,0.6039999999999501
26.847,28.046,Macrophage,0.6664999999999432
28.3866,27.1999,Macrophage,0.5764999999999532
25.8366,26.4836,Macrophage,0.5712499999999537
25.975,25.3263,Macrophage,0.2892499999999848
28.3191,25.6596,Macrophage,0.2283333333333248
23.7789,25.7232,Macrophage,0.3236666666666477
24.0764,23.9103,Macrophage,0.2954166666666508
26.0545,24.3631,Macrophage,0.281083333333319
23.1865,25.0403,Macrophage,0.2123333333333265
27.0021,23.0176,Macrophage,0.2376666666666571
24.9958,26.6832,Macrophage,0.186999999999996
25.3161,23.0089,Macrophage,0.1253333333333361
27.4426,23.4609,Macrophage,0.1642499999999985
23.2023,25.6018,Macrophage,0.0524999999999996
26.3738,22.9989,Macrophage,0.0935833333333344
22.0251,26.6827,Macrophage,0.0430833333333332
20.4152,24.0344,Macrophage,0.0311666666666668
12.7559,14.4245,Macrophage,0.0
17.2293,27.4428,Macrophage,0.0061666666666666
12.0984,35.7881,Macrophage,0.0
23.6634,19.394,Macrophage,0.0147499999999999
9.21504,4.41443,Macrophage,0.0
35.6312,33.0733,Macrophage,0.0
36.6745,34.5288,Macrophage,0.0
41.0838,35.1816,Macrophage,0.0
30.2534,44.6324,Macrophage,0.0
