points_x,points_y,celltypes,phenotypes
12.3314,15.4399,Macrophage,0.6844999999999413
17.7222,13.3732,Macrophage,0.7421666666666016
11.0015,20.3091,Macrophage,0.7581666666665998
16.4851,15.2507,Macrophage,0.7548333333332669
12.6843,24.5658,Macrophage,0.720416666666604
16.97,21.4095,Macrophage,0.66591666666661
24.4779,20.8325,Macrophage,0.5609166666666215
21.9008,19.151,Macrophage,0.6426666666666125
23.5266,21.9198,Macrophage,0.5245833333332922
20.1877,24.5928,Macrophage,0.5620833333332881
22.2182,26.4406,Macrophage,0.4255833333333031
26.0741,22.0151,Macrophage,0.3613333333333102
22.0569,22.0056,Macrophage,0.4675833333332985
24.5331,24.9178,Macrophage,0.3976666666666395
26.466,25.4384,Macrophage,0.3655833333333097
22.9484,23.1611,Macrophage,0.3691666666666426
23.1859,25.1601,Macrophage,0.299583333333317
23.343,27.0246,Macrophage,0.205499999999994
27.5426,23.6925,Macrophage,0.2473333333333227
22.6901,25.679,Macrophage,0.2359999999999906
28.1309,24.0573,Macrophage,0.2169166666666594
26.3247,23.4959,Macrophage,0.2542499999999886
23.9019,26.6026,Macrophage,0.1669999999999982
23.0018,26.5632,Macrophage,0.2341666666666575
26.7803,23.1058,Macrophage,0.1242500000000028
24.6758,27.0243,Macrophage,0.1429166666666675
22.2809,23.9973,Macrophage,0.1914999999999955
31.4146,14.9839,Macrophage,0.0
24.8209,25.4629,Macrophage,0.069333333333333
29.378,15.5892,Macrophage,0.0
16.8582,30.0322,Macrophage,0.0
19.632,14.6967,Macrophage,0.0
40.0084,35.2936,Macrophage,0.0
15.2332,41.3231,Macrophage,0.0
5.28125,31.5993,Macrophage,0.0
43.9137,38.2051,Macrophage,0.0
