points_x,points_y,celltypes,phenotypes
19.2385,31.0756,Macrophage,0.5577499999999552
26.7738,23.8891,Macrophage,0.5800833333332861
24.4531,22.2698,Macrophage,0.2923333333333178
28.0761,21.5084,Macrophage,0.4783333333332973
28.5116,29.1287,Macrophage,0.0892500000000008
26.9805,34.3797,Macrophage,0.0
28.7644,39.4525,Macrophage,0.0
33.0361,11.2796,Macrophage,0.0
29.4865,18.996,Macrophage,0.050583333333333
15.568,29.9817,Macrophage,0.0
8.51327,25.0824,Macrophage,0.0
