points_x,points_y,celltypes,phenotypes
3.30407,15.9702,Macrophage,0.0
39.8161,33.7934,Macrophage,0.0
48.3457,38.5763,Macrophage,0.0
4.80028,15.0062,Macrophage,0.0
45.2325,39.7581,Macrophage,0.0
2.54941,0.844271,Macrophage,0.0
17.3356,41.1455,Macrophage,0.0
8.80497,31.4574,Macrophage,0.0
