points_x,points_y,celltypes,phenotypes
10.6164,35.4015,Macrophage,0.8494999999999231
14.0038,44.0052,Macrophage,0.8171666666665933
11.3357,34.6166,Macrophage,0.8169999999999267
11.0211,35.0126,Macrophage,0.8071666666665944
10.502,34.5445,Macrophage,0.8570833333332556
31.0404,40.9963,Macrophage,0.8221666666665928
30.4458,40.985,Macrophage,0.8370833333332578
11.4592,35.4813,Macrophage,0.8237499999999259
11.7708,34.2387,Macrophage,0.8945833333332515
12.6421,34.9974,Macrophage,0.8149999999999269
22.3637,33.9135,Macrophage,0.8177499999999266
20.1012,31.0537,Macrophage,0.7749999999999313
23.37,25.5636,Macrophage,0.6516666666666115
20.4288,27.4918,Macrophage,0.6395833333332795
28.7068,25.5683,Macrophage,0.5732499999999535
21.7263,24.3051,Macrophage,0.5461666666666232
26.9022,27.1102,Macrophage,0.5479999999999563
23.793,24.1973,Macrophage,0.565666666666621
22.3159,28.4204,Macrophage,0.5503333333332894
25.0399,28.909,Macrophage,0.5371666666666242
22.7902,25.1572,Macrophage,0.4913333333332959
23.6592,27.6397,Macrophage,0.4545833333332999
26.1156,24.9644,Macrophage,0.4530833333333001
23.2739,27.2115,Macrophage,0.4483333333333006
21.995,26.3767,Macrophage,0.4119999999999713
24.3727,25.2285,Macrophage,0.2778333333333194
24.1249,23.6021,Macrophage,0.305499999999983
24.0531,27.9319,Macrophage,0.3134166666666488
22.0426,25.9475,Macrophage,0.2489999999999892
25.1236,24.8391,Macrophage,0.2264166666666583
25.3732,22.981,Macrophage,0.2149166666666596
26.7064,24.4942,Macrophage,0.1191666666666692
23.6631,26.7252,Macrophage,0.1276666666666692
26.7356,23.5307,Macrophage,0.0887500000000008
26.6789,25.1709,Macrophage,0.1249166666666695
18.7883,28.8508,Macrophage,0.0479999999999997
8.03492,33.3787,Macrophage,0.0
36.0386,22.3632,Macrophage,0.0
7.6067,19.7997,Macrophage,0.0
39.3897,33.0978,Macrophage,0.0
41.8549,27.765,Macrophage,0.0
