points_x,points_y,celltypes,phenotypes
11.0179,14.9884,Macrophage,1.0
14.7033,23.6861,Macrophage,1.0
16.948,20.9429,Macrophage,1.0
23.1156,20.2879,Macrophage,0.9955833333332405
23.7977,25.2528,Macrophage,0.8474999999999233
21.6178,22.9637,Macrophage,0.7782499999999309
23.0361,23.564,Macrophage,0.7276666666666032
22.3902,25.2279,Macrophage,0.704749999999939
24.809,22.6646,Macrophage,0.6638333333332769
25.9951,24.2932,Macrophage,0.511166666666627
25.9336,23.8686,Macrophage,0.5158333333332932
25.1586,24.2137,Macrophage,0.2941666666666509
24.0039,23.9659,Macrophage,0.3359166666666463
24.7894,25.1924,Macrophage,0.141750000000001
26.0023,25.6308,Macrophage,0.0923333333333343
25.9886,26.015,Macrophage,0.0637499999999994
20.1691,21.3107,Macrophage,0.0141666666666666
41.371,16.2565,Macrophage,0.0
4.92865,32.0169,Macrophage,0.0
