points_x,points_y,celltypes,phenotypes
35.0012,9.01634,Macrophage,0.8359166666665913
27.6055,20.0539,Macrophage,0.702166666666606
26.8901,22.7435,Macrophage,0.6041666666666168
27.4643,24.2316,Macrophage,0.5913333333332849
25.1733,22.8057,Macrophage,0.5880833333332852
24.3435,24.5951,Macrophage,0.3757499999999752
25.6538,25.0383,Macrophage,0.2809999999999857
14.9672,38.9211,Macrophage,0.0
27.0279,17.9543,Macrophage,0.0118333333333333
40.5243,34.9631,Macrophage,0.0
4.16341,27.9443,Macrophage,0.0
