points_x,points_y,celltypes,phenotypes
35.0421,8.99921,Macrophage,0.8007499999999285
37.9793,37.9948,Macrophage,0.820416666666593
27.0414,6.00166,Macrophage,0.7907499999999296
34.4543,9.05979,Macrophage,0.8299999999999252
17.006,41.9633,Macrophage,0.802416666666595
13.0237,38.9941,Macrophage,0.7996666666665952
43.2419,21.0214,Macrophage,0.8299999999999252
28.213,7.03742,Macrophage,0.8467499999999234
17.0131,33.4496,Macrophage,0.8675833333332544
31.3944,13.4857,Macrophage,0.8374999999999244
19.3445,34.6872,Macrophage,0.8441666666665903
29.2465,13.5031,Macrophage,0.8612499999999218
21.8679,30.7495,Macrophage,0.7789999999999309
25.6538,31.5964,Macrophage,0.8010833333332618
27.3714,21.9145,Macrophage,0.632499999999947
24.716,21.3418,Macrophage,0.5913333333332849
24.4883,23.508,Macrophage,0.3974999999999729
24.747,26.4929,Macrophage,0.3866666666666407
25.7963,24.1166,Macrophage,0.3812499999999746
24.1376,23.7995,Macrophage,0.353833333333311
25.0531,26.8942,Macrophage,0.3609999999999769
25.5406,25.8081,Macrophage,0.2823333333333189
25.0971,25.1571,Macrophage,0.2546666666666553
23.1581,24.5561,Macrophage,0.1771666666666637
23.676,24.0074,Macrophage,0.1651666666666651
24.9745,23.0499,Macrophage,0.0736666666666666
22.9842,25.9843,Macrophage,0.0864166666666673
25.4357,23.5638,Macrophage,0.0751666666666667
24.907,23.4461,Macrophage,0.1068333333333351
26.8721,24.6564,Macrophage,0.0591666666666661
23.0031,27.0151,Macrophage,0.093000000000001
33.1909,19.9812,Macrophage,0.0
