points_x,points_y,celltypes,phenotypes
13.165,10.7877,Macrophage,0.7414166666666017
6.0064,19.9774,Macrophage,0.856416666666589
25.0666,41.8561,Macrophage,0.6914999999999405
30.3437,8.00077,Macrophage,0.7637499999999325
12.7592,11.1839,Macrophage,0.6882499999999409
13.0003,12.4749,Macrophage,0.7629999999999326
21.6423,35.1239,Macrophage,0.7742499999999314
9.93677,18.1402,Macrophage,0.8164999999999267
24.9311,13.9779,Macrophage,0.7709166666665984
21.3083,23.1752,Macrophage,0.4255833333333031
22.7655,23.2658,Macrophage,0.5948333333332845
21.6729,17.9294,Macrophage,0.6724999999999426
24.8702,21.3518,Macrophage,0.5804999999999527
19.4946,21.6101,Macrophage,0.6330833333332803
22.9383,21.1611,Macrophage,0.4669999999999652
24.6991,25.6346,Macrophage,0.4434166666666345
26.4314,26.0339,Macrophage,0.5006666666666282
23.5101,24.5894,Macrophage,0.3398333333333125
24.2235,22.9959,Macrophage,0.3376666666666461
25.8985,23.4245,Macrophage,0.2964166666666507
25.535,21.7705,Macrophage,0.3138333333333154
24.0501,27.3073,Macrophage,0.2794999999999858
21.5807,20.4282,Macrophage,0.2051666666666607
27.0578,27.5147,Macrophage,0.1225000000000027
31.6807,21.4448,Macrophage,0.0681666666666663
21.9553,26.4786,Macrophage,0.1912499999999955
27.7429,23.814,Macrophage,0.1527499999999998
13.2015,32.3222,Macrophage,0.0
33.7993,20.1079,Macrophage,0.0019166666666666
19.7492,18.4326,Macrophage,0.0845000000000005
16.0598,15.9593,Macrophage,0.0
35.1588,13.0682,Macrophage,0.0
20.3004,40.926,Macrophage,0.0
28.7698,12.6665,Macrophage,0.0
6.68913,21.7549,Macrophage,0.0
5.07542,21.4836,Macrophage,0.0
30.9489,7.86307,Macrophage,0.0
