points_x,points_y,celltypes,phenotypes
42.001,28.0013,Macrophage,0.7778333333332643
41.9633,16.0456,Macrophage,0.7645833333332658
33.6239,12.8386,Macrophage,0.768499999999932
34.467,18.8775,Macrophage,0.7770833333332644
34.3218,16.6022,Macrophage,0.7632499999999326
29.4083,17.1637,Macrophage,0.7851666666665968
32.1883,19.0634,Macrophage,0.69574999999994
28.6172,20.4458,Macrophage,0.5401666666666238
30.5466,23.2009,Macrophage,0.5883333333332852
27.6173,24.7155,Macrophage,0.5742499999999534
30.1384,21.8135,Macrophage,0.5208333333332926
26.3238,23.4664,Macrophage,0.4804166666666304
29.0752,22.9848,Macrophage,0.4569999999999663
27.6613,22.3815,Macrophage,0.3849999999999742
26.1758,22.0155,Macrophage,0.3825833333333078
25.3666,23.3052,Macrophage,0.2756666666666529
28.5984,22.5642,Macrophage,0.4095833333333049
24.7274,22.9854,Macrophage,0.2273333333333249
27.8594,22.7927,Macrophage,0.2827499999999855
28.1717,22.1524,Macrophage,0.3043333333333164
23.9928,23.7162,Macrophage,0.2147499999999929
22.2075,23.7794,Macrophage,0.2515833333333223
24.2511,22.7316,Macrophage,0.2876666666666516
25.7212,22.2754,Macrophage,0.2585833333333215
24.5601,24.5209,Macrophage,0.2129166666666598
25.0635,24.7364,Macrophage,0.1924166666666621
22.5947,25.0785,Macrophage,0.1033333333333349
22.204,29.1736,Macrophage,0.0299166666666668
28.458,24.2183,Macrophage,0.0916666666666676
23.4985,23.8309,Macrophage,0.1869166666666627
26.3507,25.9565,Macrophage,0.0691666666666663
24.2249,24.1984,Macrophage,0.1361666666666683
14.7651,18.9437,Macrophage,0.0
21.8703,27.0407,Macrophage,0.0664166666666662
13.7653,17.6265,Macrophage,0.0
12.452,27.4789,Macrophage,0.0
34.1551,13.4932,Macrophage,0.0
13.1327,13.527,Macrophage,0.0
22.9108,11.184,Macrophage,0.0
17.3824,44.6728,Macrophage,0.0
10.526,37.9811,Macrophage,0.0
10.9854,12.5824,Macrophage,0.0
17.1951,42.2714,Macrophage,0.0
24.4479,8.2162,Macrophage,0.0
34.355,39.6026,Macrophage,0.0
16.2473,46.6393,Macrophage,0.0
9.04647,9.33432,Macrophage,0.0
