points_x,points_y,celltypes,phenotypes
6.99951,18.0283,Macrophage,0.6902499999999406
39.1874,34.8189,Macrophage,0.6579166666666109
18.9728,5.02714,Macrophage,0.6798333333332751
10.0335,13.0126,Macrophage,0.6572499999999443
29.0193,42.0192,Macrophage,0.6678333333332764
7.72329,17.9979,Macrophage,0.6905833333332739
19.0187,6.50946,Macrophage,0.6766666666666088
18.9992,5.89305,Macrophage,0.7128333333332715
29.017,41.3433,Macrophage,0.6910833333332739
26.0018,5.99646,Macrophage,0.7068333333332721
12.0363,8.06556,Macrophage,0.7064166666666055
38.8448,35.1888,Macrophage,0.7679166666665987
18.8518,19.7269,Macrophage,0.6659999999999433
25.3965,28.661,Macrophage,0.5584999999999551
21.379,23.3513,Macrophage,0.5620833333332881
25.7417,23.5635,Macrophage,0.447166666666634
23.013,24.0314,Macrophage,0.4439999999999677
23.34,25.6703,Macrophage,0.4307499999999692
23.4262,22.4955,Macrophage,0.4103333333333048
24.9184,25.0563,Macrophage,0.1414166666666677
21.8017,22.509,Macrophage,0.1049166666666684
