points_x,points_y,celltypes,phenotypes
7.97864,21.9857,Macrophage,0.7675833333332654
7.49789,22.4994,Macrophage,0.7639166666665992
8.43461,22.4056,Macrophage,0.7550833333332668
7.1444,22.0189,Macrophage,0.7738333333332648
16.9964,8.9771,Macrophage,0.7843333333332636
7.55042,21.5365,Macrophage,0.8129166666665938
9.01631,32.0215,Macrophage,0.8070833333332611
37.9713,36.0185,Macrophage,0.7589166666665997
8.33228,21.6864,Macrophage,0.8174999999999266
9.0903,22.0192,Macrophage,0.7799999999999307
10.0271,11.0217,Macrophage,0.8115833333332606
8.83979,22.8281,Macrophage,0.7932499999999293
8.72077,21.2947,Macrophage,0.8301666666665919
7.99302,22.9148,Macrophage,0.8336666666665915
15.8657,24.1259,Macrophage,0.7539166666666003
10.3635,25.0475,Macrophage,0.8369166666665911
17.548,21.8338,Macrophage,0.7552499999999335
20.2951,22.1812,Macrophage,0.6547499999999445
19.0653,24.1271,Macrophage,0.6649166666666101
19.8124,26.3987,Macrophage,0.6791666666666085
21.8676,25.8367,Macrophage,0.5248333333332922
24.3722,23.1759,Macrophage,0.5222499999999591
26.7232,25.3836,Macrophage,0.4629166666666323
24.129,26.5196,Macrophage,0.2737499999999865
22.1107,24.1099,Macrophage,0.3159999999999818
23.8846,23.8813,Macrophage,0.2634166666666543
24.9982,25.25,Macrophage,0.2649166666666541
22.6817,23.6651,Macrophage,0.1702499999999978
25.5127,24.5049,Macrophage,0.1928333333333287
22.4923,24.4864,Macrophage,0.1979999999999948
26.0043,24.0062,Macrophage,0.0900000000000009
23.3427,23.0764,Macrophage,0.0629999999999993
16.1235,22.1774,Macrophage,0.0244166666666667
30.2306,32.673,Macrophage,0.0
40.7945,17.9268,Macrophage,0.0
40.2192,28.5407,Macrophage,0.0
13.7349,4.93767,Macrophage,0.0
