points_x,points_y,celltypes,phenotypes
16.1561,15.0779,Macrophage,0.820416666666593
20.0207,17.9585,Macrophage,0.7692499999999319
25.3645,23.3295,Macrophage,0.3738333333333088
24.0983,23.8628,Macrophage,0.2753333333333196
25.396,24.7743,Macrophage,0.1999166666666612
24.6277,24.6716,Macrophage,0.104833333333335
18.9362,16.1522,Macrophage,0.0
33.5999,33.0974,Macrophage,0.0
40.488,16.658,Macrophage,0.0
21.0977,36.4611,Macrophage,0.0
14.0364,21.486,Macrophage,0.0
5.48458,21.5815,Macrophage,0.0
