points_x,points_y,celltypes,phenotypes
20.1189,32.3505,Macrophage,0.0
14.248,31.7772,Macrophage,0.0
35.1626,35.7694,Macrophage,0.0
10.8208,19.5868,Macrophage,0.0
46.6969,21.4871,Macrophage,0.0
13.8867,38.1049,Macrophage,0.0
47.3791,4.37154,Macrophage,0.0
4.73519,13.3132,Macrophage,0.0
44.4404,42.3569,Macrophage,0.0
16.787,36.8445,Macrophage,0.0
41.4103,47.4167,Macrophage,0.0
30.6985,45.8534,Macrophage,0.0
14.1597,44.2475,Macrophage,0.0
