points_x,points_y,celltypes,phenotypes
26.0554,34.8269,Macrophage,0.744583333333268
25.3669,31.6784,Macrophage,0.6124166666666159
25.3752,30.1904,Macrophage,0.6526666666666114
22.2712,26.1729,Macrophage,0.5059999999999609
27.2599,23.1268,Macrophage,0.5277499999999585
25.7284,23.7089,Macrophage,0.410916666666638
23.6085,22.9654,Macrophage,0.3927499999999734
25.5327,26.2521,Macrophage,0.3877499999999739
22.8011,24.1394,Macrophage,0.3006666666666502
23.7878,23.3889,Macrophage,0.1984166666666614
25.9795,25.8075,Macrophage,0.24174999999999
24.002,24.3619,Macrophage,0.1647499999999984
25.1965,25.8022,Macrophage,0.1529999999999997
23.1405,22.8579,Macrophage,0.2393333333333236
24.1231,24.8572,Macrophage,0.1391666666666679
25.2061,23.2484,Macrophage,0.1937499999999953
25.3035,23.7257,Macrophage,0.2051666666666607
25.4992,22.1267,Macrophage,0.1207500000000026
27.426,27.1594,Macrophage,0.0766666666666668
25.9183,24.8431,Macrophage,0.1498333333333334
24.0261,26.3375,Macrophage,0.0965000000000012
27.0796,24.3867,Macrophage,0.093000000000001
31.0212,27.4774,Macrophage,0.00775
27.3575,21.6438,Macrophage,0.080416666666667
18.0253,29.6059,Macrophage,0.0
21.3699,19.0428,Macrophage,0.0080833333333333
28.1946,35.2028,Macrophage,0.0
23.9824,31.4044,Macrophage,0.0147499999999999
9.75763,14.6855,Macrophage,0.0
33.9288,27.7843,Macrophage,0.0
13.7828,34.6105,Macrophage,0.0
38.9726,26.6974,Macrophage,0.0
24.9907,37.5649,Macrophage,0.0
30.4976,40.4496,Macrophage,0.0
32.6614,14.7053,Macrophage,0.0
34.1894,14.6812,Macrophage,0.0
42.4281,35.3487,Macrophage,0.0
9.1174,38.5617,Macrophage,0.0
20.9988,42.968,Macrophage,0.0
34.0944,13.8148,Macrophage,0.0
37.0218,9.15605,Macrophage,0.0
37.6321,34.7448,Macrophage,0.0
35.4514,10.5782,Macrophage,0.0
39.5246,46.9267,Macrophage,0.0
33.3844,47.6912,Macrophage,0.0
