points_x,points_y,celltypes,phenotypes
27.285,6.70476,Macrophage,0.868749999999921
37.6053,12.0059,Macrophage,0.8406666666665907
7.00904,18.9771,Macrophage,0.8363333333332579
7.93599,18.0293,Macrophage,0.8467499999999234
36.9806,12.0334,Macrophage,0.8430833333332571
26.8899,6.97645,Macrophage,0.8349999999999247
27.4959,7.45427,Macrophage,0.8549166666665892
36.2214,12.0058,Macrophage,0.849999999999923
8.41942,18.4405,Macrophage,0.8344999999999247
26.4922,7.50887,Macrophage,0.8467499999999234
31.0064,7.83969,Macrophage,0.8671666666665878
19.0268,17.4835,Macrophage,0.835333333333258
16.5671,23.8124,Macrophage,0.7524166666666005
25.9149,20.3241,Macrophage,0.6407499999999461
20.2353,22.8092,Macrophage,0.644583333333279
23.5035,20.0488,Macrophage,0.5977499999999508
29.0841,26.4515,Macrophage,0.6077499999999497
20.5791,25.152,Macrophage,0.5679166666666208
21.9325,25.9963,Macrophage,0.5117499999999603
21.9922,23.1292,Macrophage,0.4685833333332984
22.7462,24.4441,Macrophage,0.3876666666666406
26.696,22.674,Macrophage,0.4112499999999713
27.0126,23.029,Macrophage,0.4040833333333055
24.0197,21.9152,Macrophage,0.3499999999999781
25.0193,26.9807,Macrophage,0.3490833333333115
23.3532,22.0187,Macrophage,0.3465833333333118
26.224,25.7437,Macrophage,0.3275833333333139
22.3877,22.1857,Macrophage,0.3061666666666496
27.6077,24.3814,Macrophage,0.3208333333333146
27.3824,25.3588,Macrophage,0.2677499999999871
25.5379,26.9883,Macrophage,0.2937499999999843
24.2703,23.3811,Macrophage,0.2846666666666519
24.7335,21.9304,Macrophage,0.2729999999999866
23.9682,26.9793,Macrophage,0.2088333333333269
21.9942,21.8829,Macrophage,0.250749999999989
27.0353,24.6102,Macrophage,0.144833333333334
27.7184,25.7174,Macrophage,0.1614166666666655
26.9992,25.0032,Macrophage,0.07525
26.8602,20.8122,Macrophage,0.0417499999999999
25.6227,21.9939,Macrophage,0.0620833333333327
26.7354,27.0215,Macrophage,0.0458333333333331
18.8652,20.2279,Macrophage,0.0143333333333333
31.1829,16.6976,Macrophage,0.00925
36.5387,34.8066,Macrophage,0.0
26.3683,10.6938,Macrophage,0.0
