points_x,points_y,celltypes,phenotypes
25.9863,6.99831,Macrophage,0.659499999999944
25.7897,10.7324,Macrophage,0.5729166666666202
27.3145,9.30283,Macrophage,0.6609999999999439
27.618,17.2166,Macrophage,0.6309166666666138
21.2345,26.7072,Macrophage,0.477999999999964
26.3828,34.1027,Macrophage,0.5371666666666242
21.5533,30.0555,Macrophage,0.4773333333332974
22.9034,29.4672,Macrophage,0.7179999999999376
26.921,27.839,Macrophage,0.5729999999999535
25.821,20.5276,Macrophage,0.4865833333332964
19.6155,30.5201,Macrophage,0.6668333333332765
24.8388,27.8134,Macrophage,0.3806666666666414
32.6828,31.3285,Macrophage,0.0
27.6932,20.3144,Macrophage,0.2465833333333228
17.0256,19.4731,Macrophage,0.0
22.0639,23.6971,Macrophage,0.2308333333333245
26.1007,28.9991,Macrophage,0.2610833333333212
22.2339,31.7396,Macrophage,0.4002499999999725
20.5951,22.8656,Macrophage,0.1026666666666682
17.9661,23.593,Macrophage,0.0465833333333331
24.492,19.9319,Macrophage,0.135583333333335
20.6459,28.0746,Macrophage,0.2581666666666549
20.3737,31.7189,Macrophage,0.0795833333333336
28.3891,34.0951,Macrophage,0.0
24.9399,18.2521,Macrophage,0.0425833333333332
31.3101,21.1158,Macrophage,0.0596666666666661
29.2006,20.271,Macrophage,0.0655833333333328
32.8383,13.1133,Macrophage,0.0
20.9706,19.056,Macrophage,0.0543333333333329
29.3177,30.7744,Macrophage,0.0
25.8887,37.7648,Macrophage,0.0
15.8824,37.29,Macrophage,0.0
9.75083,43.491,Macrophage,0.0
37.4307,6.00064,Macrophage,0.0
21.6456,10.8599,Macrophage,0.0
14.5,45.0455,Macrophage,0.0
30.6783,44.1453,Macrophage,0.0
4.76413,16.8314,Macrophage,0.0
21.1417,7.18713,Macrophage,0.0
32.2528,45.672,Macrophage,0.0
39.0031,29.0282,Macrophage,0.0
11.0841,29.5087,Macrophage,0.0
44.5909,30.9415,Macrophage,0.0
20.8075,4.91575,Macrophage,0.0
13.4019,36.4722,Macrophage,0.0
6.57862,45.0613,Macrophage,0.0
41.5206,29.1144,Macrophage,0.0
35.5935,38.5716,Macrophage,0.0
12.2836,37.5933,Macrophage,0.0
