points_x,points_y,celltypes,phenotypes
23.9946,6.33904,Macrophage,0.6863333333332744
30.0135,7.95749,Macrophage,0.8031666666665949
23.9884,7.34172,Macrophage,0.7689166666665986
29.6686,8.35154,Macrophage,0.8147499999999269
24.0143,6.90791,Macrophage,0.8435833333332571
33.9979,39.978,Macrophage,0.7677499999999321
22.0417,6.04221,Macrophage,0.8956666666665847
23.3294,6.97294,Macrophage,0.8085833333332609
21.6977,5.66529,Macrophage,0.7542499999999336
23.9945,7.88435,Macrophage,0.8568333333332556
25.3472,7.36218,Macrophage,0.9251666666665814
10.0018,12.0066,Macrophage,0.8156666666665935
24.682,7.01655,Macrophage,0.7317499999999361
22.5197,12.4224,Macrophage,0.8477499999999233
20.7389,16.1726,Macrophage,0.7143333333332713
22.2624,7.94623,Macrophage,0.7509999999999339
21.9825,17.5411,Macrophage,0.753833333333267
27.5765,9.3663,Macrophage,0.762583333333266
19.8722,12.5037,Macrophage,0.8250833333332591
20.6049,22.8372,Macrophage,0.6317499999999471
28.4451,25.2926,Macrophage,0.6429166666666125
23.9107,11.484,Macrophage,0.6235833333332813
23.6065,21.4894,Macrophage,0.6966666666666066
25.3811,23.6413,Macrophage,0.5827499999999525
25.4993,18.201,Macrophage,0.5961666666666177
26.6198,27.3847,Macrophage,0.5379166666666241
28.0055,26.7309,Macrophage,0.2977499999999838
22.7937,27.6814,Macrophage,0.4825833333332968
24.8962,22.3244,Macrophage,0.4210833333333036
23.402,24.1239,Macrophage,0.5423333333332903
29.6255,26.1211,Macrophage,0.3864999999999741
23.9884,18.2936,Macrophage,0.4406666666666348
22.967,23.7426,Macrophage,0.350749999999978
26.9509,19.5509,Macrophage,0.2583333333333215
24.7399,26.0615,Macrophage,0.3225833333333144
22.0651,21.968,Macrophage,0.3076666666666494
21.5281,26.1483,Macrophage,0.168499999999998
25.7328,28.3688,Macrophage,0.2558333333333218
27.9723,28.7908,Macrophage,0.2251666666666585
21.9681,15.0499,Macrophage,0.0830000000000005
16.2678,30.2699,Macrophage,0.0136666666666666
20.5088,19.0209,Macrophage,0.0975000000000013
32.2856,19.028,Macrophage,0.0190833333333333
17.7783,21.4512,Macrophage,0.0894166666666675
26.776,35.705,Macrophage,0.0
19.412,46.7949,Macrophage,0.0
44.1063,21.503,Macrophage,0.0
23.7635,9.65273,Macrophage,0.0
23.0106,47.2711,Macrophage,0.0
22.703,7.48343,Macrophage,0.0
31.6366,6.27303,Macrophage,0.0
31.6774,5.67535,Macrophage,0.0
