points_x,points_y,celltypes,phenotypes
21.4219,41.9857,Macrophage,0.7515833333332672
10.6973,26.3034,Macrophage,0.7335833333332692
10.4325,24.1491,Macrophage,0.7748333333332647
22.5717,23.0935,Macrophage,0.4858333333332965
24.4099,26.6928,Macrophage,0.4684166666666317
21.9848,24.5566,Macrophage,0.4155833333333042
22.029,25.539,Macrophage,0.2574999999999883
26.6975,25.3431,Macrophage,0.2026666666666609
26.3573,24.8836,Macrophage,0.2991666666666503
23.3376,23.7128,Macrophage,0.2655833333333207
25.6462,26.2393,Macrophage,0.1986666666666614
25.0019,26.9781,Macrophage,0.0944166666666678
25.497,23.779,Macrophage,0.1150833333333356
24.9836,23.6313,Macrophage,0.1543333333333329
24.7143,22.7139,Macrophage,0.1342500000000018
25.2771,26.6355,Macrophage,0.1221666666666693
25.0124,23.026,Macrophage,0.0682499999999996
23.4614,24.3767,Macrophage,0.1086666666666686
24.2218,26.2337,Macrophage,0.1140000000000022
23.077,25.9778,Macrophage,0.0798333333333336
27.4962,30.1285,Macrophage,0.0019999999999999
25.0427,28.4072,Macrophage,0.0258333333333334
19.6037,25.9272,Macrophage,0.0169999999999999
35.1496,34.7787,Macrophage,0.0
18.3471,20.6205,Macrophage,0.0
15.8026,19.8045,Macrophage,0.0
18.0905,42.9262,Macrophage,0.0
10.1006,15.7917,Macrophage,0.0
