points_x,points_y,celltypes,phenotypes
24.3011,23.5458,Macrophage,0.4645833333332988
22.7406,25.1037,Macrophage,0.5999166666666172
24.847,25.0204,Macrophage,0.3269166666666473
16.8023,13.7286,Macrophage,0.0
29.0575,27.3356,Macrophage,0.1013333333333348
20.5007,25.4291,Macrophage,0.1804999999999967
36.4,36.8126,Macrophage,0.0
21.4127,7.11383,Macrophage,0.0
17.0853,46.2665,Macrophage,0.0
