points_x,points_y,celltypes,phenotypes
42.0218,22.9739,Macrophage,0.7714166666665984
43.9717,24.0033,Macrophage,0.7604999999999329
15.995,8.99866,Macrophage,0.7987499999999287
39.1034,29.8336,Macrophage,0.7452499999999346
32.8436,26.498,Macrophage,0.8018333333332617
31.7329,30.6427,Macrophage,0.7704999999999318
29.2105,24.2908,Macrophage,0.7314166666666028
26.7047,20.96,Macrophage,0.6874999999999409
25.5896,22.8849,Macrophage,0.5866666666666187
25.0025,25.6148,Macrophage,0.3427499999999789
24.6199,23.9794,Macrophage,0.1663333333333316
23.4208,24.0568,Macrophage,0.0679166666666663
26.6032,25.4115,Macrophage,0.1021666666666682
20.6862,11.029,Macrophage,0.0
26.8042,13.6358,Macrophage,0.0
16.8818,11.5007,Macrophage,0.0
