points_x,points_y,celltypes,phenotypes
26.9948,7.35595,Macrophage,0.7264999999999366
31.606,41.485,Macrophage,0.6734166666666092
26.9752,7.98052,Macrophage,0.7349999999999357
25.981,8.03443,Macrophage,0.8205833333332596
26.506,7.99898,Macrophage,0.7681666666665987
27.6585,7.9902,Macrophage,0.8214999999999262
45.0007,25.0048,Macrophage,0.7790833333332642
27.7358,8.55159,Macrophage,0.859749999999922
27.0036,8.49261,Macrophage,0.8664166666665879
26.9848,9.58949,Macrophage,0.9140833333332492
24.5726,19.3983,Macrophage,0.5758333333332866
26.0576,21.8245,Macrophage,0.5104999999999604
25.6227,21.3044,Macrophage,0.4273333333333029
24.5045,23.8184,Macrophage,0.3712499999999757
25.1928,24.7807,Macrophage,0.2784166666666526
24.0045,21.8597,Macrophage,0.3624999999999767
23.9367,24.9621,Macrophage,0.2346666666666574
26.0004,23.7611,Macrophage,0.216833333333326
24.5138,25.7216,Macrophage,0.1819166666666632
24.3814,22.3797,Macrophage,0.1112500000000021
26.0399,24.2772,Macrophage,0.1941666666666619
26.6907,24.4103,Macrophage,0.0779166666666668
25.395,25.6333,Macrophage,0.080916666666667
27.0293,25.0174,Macrophage,0.0794166666666669
33.7648,33.9678,Macrophage,0.0
34.8366,29.9626,Macrophage,0.0
14.5559,43.7557,Macrophage,0.0
18.443,6.57674,Macrophage,0.0
