points_x,points_y,celltypes,phenotypes
18.0184,42.9793,Macrophage,0.7141666666666047
15.9792,39.992,Macrophage,0.7442499999999347
17.2395,35.0282,Macrophage,0.7154999999999379
20.1898,32.7628,Macrophage,0.7344166666666024
26.0564,28.5807,Macrophage,0.6255833333332811
20.8435,22.0651,Macrophage,0.6032499999999502
27.8092,30.3882,Macrophage,0.6750833333332756
26.4186,22.3561,Macrophage,0.4162499999999708
25.9495,26.0158,Macrophage,0.283916666666652
23.312,24.6278,Macrophage,0.3449999999999786
24.7252,27.1666,Macrophage,0.3362499999999796
25.6786,23.7489,Macrophage,0.1731666666666642
23.8948,25.8372,Macrophage,0.2264999999999916
23.0761,27.3789,Macrophage,0.1423333333333342
26.0238,25.0162,Macrophage,0.2154166666666595
12.3026,19.2632,Macrophage,0.0
31.8243,35.9829,Macrophage,0.0
15.2504,44.7246,Macrophage,0.0
10.5619,26.6987,Macrophage,0.0
22.4019,36.8602,Macrophage,0.0
6.83826,27.1204,Macrophage,0.0
45.1605,46.1539,Macrophage,0.0
