points_x,points_y,celltypes,phenotypes
17.0067,10.0017,Macrophage,0.7969999999999289
24.3207,24.395,Macrophage,0.5174999999999597
34.6581,36.5017,Macrophage,0.0
15.5428,19.4224,Macrophage,0.0
13.551,18.4295,Macrophage,0.0
11.6395,24.0551,Macrophage,0.0
7.25486,23.5366,Macrophage,0.0
41.6523,27.7684,Macrophage,0.0
