points_x,points_y,celltypes,phenotypes
10.0028,35.5989,Macrophage,0.7969166666665956
9.98952,35.0038,Macrophage,0.7673333333332655
7.98624,30.9772,Macrophage,0.825833333333259
10.6546,34.9857,Macrophage,0.8043333333332614
26.9894,6.04594,Macrophage,0.777749999999931
10.0007,34.3149,Macrophage,0.8159166666665935
8.65947,30.9844,Macrophage,0.8542499999999226
18.9902,42.986,Macrophage,0.7851666666665968
32.0236,7.98397,Macrophage,0.7744999999999314
8.00194,31.6211,Macrophage,0.871833333333254
30.6808,8.4665,Macrophage,0.7949166666665958
42.6121,25.2898,Macrophage,0.7650833333332657
31.9765,9.21296,Macrophage,0.7527499999999337
39.5596,33.1642,Macrophage,0.8130833333332604
30.5578,12.1565,Macrophage,0.7815833333332639
13.1527,32.1987,Macrophage,0.8101666666665941
35.5854,16.3224,Macrophage,0.8175833333332599
24.9174,15.906,Macrophage,0.7846666666665969
16.2583,30.2608,Macrophage,0.789833333333263
28.7638,16.5408,Macrophage,0.765666666666599
24.2787,29.3964,Macrophage,0.6039999999999501
21.5037,30.5828,Macrophage,0.6806666666666084
23.1576,28.2115,Macrophage,0.6101666666666161
21.5316,28.3182,Macrophage,0.6458333333332789
26.994,25.635,Macrophage,0.5016666666666281
27.3156,23.2344,Macrophage,0.4734999999999645
28.5777,22.3167,Macrophage,0.5654999999999544
24.7104,27.1001,Macrophage,0.4714999999999647
25.9895,22.4193,Macrophage,0.3482499999999783
23.5017,24.7519,Macrophage,0.3306666666666469
23.588,24.123,Macrophage,0.3477499999999783
24.7582,23.227,Macrophage,0.2219999999999921
25.2392,25.7081,Macrophage,0.3479999999999783
24.1466,25.2113,Macrophage,0.3022499999999833
27.0892,24.404,Macrophage,0.1579166666666659
23.2493,25.9957,Macrophage,0.2615833333333212
22.2892,26.0878,Macrophage,0.168499999999998
26.8144,22.0236,Macrophage,0.2334999999999909
26.1404,21.9819,Macrophage,0.2073333333333271
19.7736,21.2756,Macrophage,0.047583333333333
20.2573,28.2331,Macrophage,0.0919166666666676
20.3065,13.0946,Macrophage,0.0
22.3358,31.1914,Macrophage,0.0585833333333327
29.9011,21.9934,Macrophage,0.0739166666666666
20.7534,26.9426,Macrophage,0.1237500000000028
14.5088,29.9216,Macrophage,0.0361666666666667
18.7114,10.4456,Macrophage,0.0
11.4318,12.0353,Macrophage,0.0
19.0372,35.8084,Macrophage,0.0
37.0589,18.1455,Macrophage,0.0
31.9719,35.9486,Macrophage,0.0
44.5284,5.84951,Macrophage,0.0
