points_x,points_y,celltypes,phenotypes
4.89138,22.8869,Macrophage,0.0
28.2442,6.32366,Macrophage,0.0
33.0448,6.31153,Macrophage,0.0
38.6734,24.3503,Macrophage,0.0
46.0678,47.8131,Macrophage,0.0
5.17866,11.6758,Macrophage,0.0
43.6689,35.7779,Macrophage,0.0
41.5931,25.5026,Macrophage,0.0
9.30932,7.57167,Macrophage,0.0
45.8701,46.2187,Macrophage,0.0
4.74137,16.5129,Macrophage,0.0
8.29938,8.95791,Macrophage,0.0
45.838,33.9718,Macrophage,0.0
41.1407,2.45406,Macrophage,0.0
19.4137,48.3857,Macrophage,0.0
29.7818,39.4651,Macrophage,0.0
6.30447,43.3548,Macrophage,0.0
6.82799,9.9131,Macrophage,0.0
32.5485,40.8443,Macrophage,0.0
33.5139,42.1989,Macrophage,0.0
29.198,4.96131,Macrophage,0.0
46.6084,3.27699,Macrophage,0.0
5.84905,40.7061,Macrophage,0.0
45.1978,35.7308,Macrophage,0.0
41.8938,37.5961,Macrophage,0.0
42.7864,2.49233,Macrophage,0.0
26.1553,2.4486,Macrophage,0.0
17.1915,47.4449,Macrophage,0.0
13.9393,47.6034,Macrophage,0.0
39.9326,13.8549,Macrophage,0.0
12.5201,3.24968,Macrophage,0.0
24.1901,49.147,Macrophage,0.0
4.40391,10.1887,Macrophage,0.0
40.4758,24.2679,Macrophage,0.0
40.8431,38.8665,Macrophage,0.0
7.86543,6.81467,Macrophage,0.0
31.3713,39.8212,Macrophage,0.0
41.7592,38.5318,Macrophage,0.0
3.80361,16.2625,Macrophage,0.0
