points_x,points_y,celltypes,phenotypes
35.0051,9.00213,Macrophage,0.838166666666591
33.5576,7.99335,Macrophage,0.9001666666665842
21.309,6.99474,Macrophage,0.8175833333332599
21.8858,6.99613,Macrophage,0.8579999999999222
32.9907,7.99939,Macrophage,0.8644166666665881
21.9632,7.70446,Macrophage,0.8643333333332548
22.3018,6.98486,Macrophage,0.9034166666665838
32.4563,7.99695,Macrophage,0.9195833333332488
22.9843,7.07269,Macrophage,0.8764999999999201
23.924,5.93466,Macrophage,0.9089999999999164
30.394,11.4987,Macrophage,0.8818333333332529
23.4319,15.541,Macrophage,0.8351666666665913
26.6709,13.7281,Macrophage,0.8272499999999255
26.6527,17.2794,Macrophage,0.6984166666666064
23.396,20.4822,Macrophage,0.6419166666666126
24.7126,21.3195,Macrophage,0.5992499999999507
28.0121,19.3464,Macrophage,0.6374999999999464
25.777,20.385,Macrophage,0.5663333333332876
26.5539,19.7027,Macrophage,0.5340833333332912
27.0108,21.0598,Macrophage,0.5473333333332897
23.3013,21.9929,Macrophage,0.5191666666666261
26.9718,21.7203,Macrophage,0.4343333333333021
22.3379,24.4229,Macrophage,0.4189999999999705
26.9893,22.3569,Macrophage,0.3435833333333121
23.4267,27.4042,Macrophage,0.2992499999999837
21.9292,26.5728,Macrophage,0.3259166666666474
22.6454,23.3745,Macrophage,0.3596666666666437
24.8384,25.1411,Macrophage,0.3309166666666469
23.002,27.0348,Macrophage,0.3287499999999804
25.2411,26.2822,Macrophage,0.2854166666666519
22.2692,26.2816,Macrophage,0.2784166666666526
26.6715,24.9949,Macrophage,0.2755833333333196
25.8993,27.0783,Macrophage,0.2668333333333206
23.9287,27.4048,Macrophage,0.2367499999999905
24.8608,24.2772,Macrophage,0.2199999999999924
24.2839,23.9852,Macrophage,0.1742499999999974
24.5668,22.4173,Macrophage,0.2274999999999915
23.8027,24.8576,Macrophage,0.1361666666666683
26.7176,23.8202,Macrophage,0.1470000000000004
22.939,26.2349,Macrophage,0.1117500000000021
24.9123,22.8022,Macrophage,0.1015833333333348
24.8734,22.1069,Macrophage,0.0644166666666661
22.5936,25.7602,Macrophage,0.047833333333333
25.0436,20.2504,Macrophage,0.0502499999999996
12.5182,12.7765,Macrophage,0.0
37.4589,28.1961,Macrophage,0.0
38.3876,34.3597,Macrophage,0.0
6.44591,29.9702,Macrophage,0.0
