points_x,points_y,celltypes,phenotypes
25.0509,21.9471,Macrophage,0.6708333333332761
22.8761,23.3842,Macrophage,0.6259999999999477
23.6055,26.2801,Macrophage,0.538666666666624
25.6044,26.0004,Macrophage,0.4438333333333011
24.0083,24.958,Macrophage,0.3684166666666427
24.4531,24.8928,Macrophage,0.1559999999999994
25.9944,24.5007,Macrophage,0.1105833333333353
15.9467,18.2901,Macrophage,0.0
19.528,33.8927,Macrophage,0.0
