points_x,points_y,celltypes,phenotypes
8.00153,30.9717,Macrophage,0.7509166666666006
9.39267,36.9748,Macrophage,0.7405833333332684
10.0183,37.5982,Macrophage,0.759499999999933
10.7015,36.9992,Macrophage,0.78699999999993
17.9679,41.5105,Macrophage,0.7662499999999323
9.98644,36.9916,Macrophage,0.8129166666665938
17.9944,41.0053,Macrophage,0.738416666666602
10.0009,36.3496,Macrophage,0.799083333333262
18.0222,39.9838,Macrophage,0.8089166666665942
17.9898,40.5228,Macrophage,0.7411666666666017
10.0455,34.2649,Macrophage,0.8354999999999246
17.9407,38.0748,Macrophage,0.792916666666596
17.587,32.3818,Macrophage,0.7514166666666006
19.8125,31.2527,Macrophage,0.6971666666666065
18.9487,29.5433,Macrophage,0.7208333333332706
24.2683,32.0267,Macrophage,0.713999999999938
21.3625,26.7284,Macrophage,0.6219999999999481
23.5621,29.8914,Macrophage,0.6174166666666153
21.5711,30.5471,Macrophage,0.5984166666666174
24.801,28.8883,Macrophage,0.6377499999999464
23.8424,25.4416,Macrophage,0.5736666666666201
26.3844,27.8999,Macrophage,0.583666666666619
27.4633,25.8608,Macrophage,0.4824999999999635
27.8985,27.2933,Macrophage,0.5514166666666226
22.9031,28.4282,Macrophage,0.4272499999999696
21.318,28.6919,Macrophage,0.4834166666666301
25.713,26.0321,Macrophage,0.3624166666666434
27.5777,23.5659,Macrophage,0.2737499999999865
25.4741,25.6336,Macrophage,0.3337499999999799
23.8933,27.9373,Macrophage,0.3354999999999797
21.8869,28.301,Macrophage,0.2797499999999858
24.4914,24.0939,Macrophage,0.2613333333333212
27.7175,24.2681,Macrophage,0.2830833333333188
22.9687,26.0189,Macrophage,0.2506666666666557
25.9985,22.7626,Macrophage,0.1835833333333297
27.326,24.6622,Macrophage,0.2121666666666599
25.427,24.4838,Macrophage,0.1767499999999971
26.0085,26.4706,Macrophage,0.1587499999999991
24.8469,22.4585,Macrophage,0.0760833333333334
22.2512,29.0241,Macrophage,0.15025
26.8871,29.2177,Macrophage,0.0294166666666668
20.5399,21.8119,Macrophage,0.0036666666666666
28.6954,25.3157,Macrophage,0.0375
18.5528,13.1772,Macrophage,0.0
21.8301,9.74606,Macrophage,0.0
22.0108,39.7131,Macrophage,0.0
34.382,37.6597,Macrophage,0.0
11.3328,39.7594,Macrophage,0.0
41.459,29.7968,Macrophage,0.0
