points_x,points_y,celltypes,phenotypes
20.7421,12.1174,Macrophage,0.0
20.6347,22.5247,Macrophage,0.0783333333333335
24.3473,26.3242,Macrophage,0.3257499999999808
22.7213,25.6311,Macrophage,0.3584166666666438
38.5264,18.8632,Macrophage,0.0
34.0597,20.392,Macrophage,0.0
23.4627,13.496,Macrophage,0.0
35.6332,25.0686,Macrophage,0.0
9.7303,2.73307,Macrophage,0.0
6.47599,26.5297,Macrophage,0.0
42.4919,21.0626,Macrophage,0.0
