points_x,points_y,celltypes,phenotypes
16.0133,40.0099,Macrophage,0.7970833333332622
32.012,41.0003,Macrophage,0.7949166666665958
16.4775,38.8966,Macrophage,0.8149166666665936
17.5283,39.9943,Macrophage,0.7784999999999309
18.8723,39.223,Macrophage,0.8069999999999278
20.4012,37.3992,Macrophage,0.811416666666594
27.4329,33.3751,Macrophage,0.7425833333332682
19.8904,35.249,Macrophage,0.7814166666665973
21.6959,32.9281,Macrophage,0.7884166666665965
23.3453,32.878,Macrophage,0.7504166666666007
26.9615,30.6336,Macrophage,0.7112499999999383
28.3652,27.9513,Macrophage,0.7167499999999377
24.4637,31.2984,Macrophage,0.7059166666666056
26.484,28.8153,Macrophage,0.6834999999999414
23.0562,29.1475,Macrophage,0.6090833333332829
22.93,30.6577,Macrophage,0.6283333333332808
26.8706,25.35,Macrophage,0.5940833333332846
23.8894,28.7594,Macrophage,0.5629166666666213
23.3518,28.7108,Macrophage,0.5300833333332916
23.3484,27.0574,Macrophage,0.5395833333332906
22.8202,27.5943,Macrophage,0.5138333333332934
27.1485,23.2576,Macrophage,0.5124999999999602
24.9955,27.0561,Macrophage,0.4785833333332973
26.6924,26.9547,Macrophage,0.4473333333333007
26.2038,21.9666,Macrophage,0.3577499999999772
25.9099,23.4968,Macrophage,0.329666666666647
25.0863,22.9335,Macrophage,0.3311666666666468
22.9801,25.0858,Macrophage,0.3379166666666461
23.0616,23.3528,Macrophage,0.3364166666666462
26.4325,23.2587,Macrophage,0.2346666666666574
26.9917,22.4379,Macrophage,0.2466666666666561
24.0034,26.504,Macrophage,0.2245833333333252
25.7989,22.1802,Macrophage,0.1885833333333292
26.2235,24.9065,Macrophage,0.1789166666666636
24.0297,23.0109,Macrophage,0.1617499999999988
26.6779,21.7571,Macrophage,0.1454166666666672
23.9032,23.5212,Macrophage,0.0553333333333328
24.3261,25.3917,Macrophage,0.0753333333333334
23.9945,26.9874,Macrophage,0.0664999999999995
23.8626,24.1405,Macrophage,0.074
25.4978,22.5083,Macrophage,0.0571666666666661
24.7717,27.3626,Macrophage,0.0280000000000001
34.3554,9.91499,Macrophage,0.0
37.3752,4.79324,Macrophage,0.0
