points_x,points_y,celltypes,phenotypes
6.50442,27.3608,Macrophage,0.9906666666665742
7.22545,27.389,Macrophage,1.0
7.69408,27.8398,Macrophage,1.0
7.58792,26.9825,Macrophage,1.0
8.0122,27.4665,Macrophage,1.0
8.37526,27.8213,Macrophage,1.0
5.00745,22.1146,Macrophage,0.8966666666665846
4.98571,22.9638,Macrophage,0.896249999999918
8.00233,21.9768,Macrophage,0.90783333333325
6.33149,26.4215,Macrophage,1.0
8.00215,26.9964,Macrophage,1.0
7.00344,26.9732,Macrophage,1.0
7.99181,26.6007,Macrophage,1.0
7.99869,26.1646,Macrophage,0.9963333333332404
7.471,25.8085,Macrophage,0.9339166666665804
9.21573,26.1906,Macrophage,0.8919166666665851
15.1304,24.6057,Macrophage,0.8543333333332559
10.4991,26.4674,Macrophage,0.8816666666665862
16.353,29.0766,Macrophage,0.87799999999992
14.2393,26.7682,Macrophage,0.819666666666593
16.1002,26.2848,Macrophage,0.8144166666665936
13.6682,24.969,Macrophage,0.8011666666665951
17.3326,24.7768,Macrophage,0.7883333333332632
19.238,26.4724,Macrophage,0.7032499999999392
21.0057,25.1428,Macrophage,0.5471666666666231
21.5797,24.0135,Macrophage,0.5916666666666182
25.3464,22.4636,Macrophage,0.5420833333332903
23.0494,27.0426,Macrophage,0.5516666666666226
27.0721,26.9053,Macrophage,0.5128333333332935
23.5117,23.4866,Macrophage,0.4423333333333012
27.5372,25.6442,Macrophage,0.3953333333333064
25.4722,27.0289,Macrophage,0.3708333333333091
23.032,23.7508,Macrophage,0.3528333333333111
27.984,23.9868,Macrophage,0.3680833333333094
21.8222,25.9993,Macrophage,0.3600833333333103
26.0871,24.9399,Macrophage,0.3314999999999801
24.956,24.5541,Macrophage,0.3402499999999792
28.0568,24.4088,Macrophage,0.3118333333333156
26.1982,22.7872,Macrophage,0.3179999999999816
21.1793,26.4129,Macrophage,0.2717499999999867
22.4926,25.9438,Macrophage,0.2792499999999859
27.6404,23.6137,Macrophage,0.1773333333333304
26.4709,25.3933,Macrophage,0.1052500000000017
20.9874,16.8173,Macrophage,0.0024999999999999
17.0285,38.664,Macrophage,0.0
18.8415,39.5011,Macrophage,0.0
40.6439,38.0034,Macrophage,0.0
