points_x,points_y,celltypes,phenotypes
30.0585,43.4068,Macrophage,0.7897499999999297
9.96997,34.0207,Macrophage,0.7314999999999361
30.0239,42.8543,Macrophage,0.7619999999999327
29.5894,42.2777,Macrophage,0.7714999999999317
30.0107,41.9386,Macrophage,0.7964166666665956
25.9156,45.0132,Macrophage,0.7666666666665989
30.399,42.4256,Macrophage,0.7955833333332624
26.51,45.0199,Macrophage,0.7419166666666016
10.3467,33.6416,Macrophage,0.8089999999999276
22.3845,11.78,Macrophage,0.7699166666665985
30.5037,41.5755,Macrophage,0.8128333333332605
29.0007,42.5929,Macrophage,0.7124999999999382
27.4623,42.5414,Macrophage,0.8709166666665874
28.9157,40.9531,Macrophage,0.7708333333332651
26.7774,30.9214,Macrophage,0.7127499999999382
22.5973,28.076,Macrophage,0.5527499999999558
24.2406,27.8108,Macrophage,0.5356666666666243
22.934,29.6935,Macrophage,0.5589999999999551
24.0423,26.2464,Macrophage,0.4130833333333045
25.0255,29.1599,Macrophage,0.4598333333332993
22.6902,24.4922,Macrophage,0.2743333333333198
25.0468,24.9344,Macrophage,0.3536666666666443
26.4726,28.1216,Macrophage,0.2224999999999921
24.8817,20.7764,Macrophage,0.2878333333333183
22.067,21.9448,Macrophage,0.1204166666666692
25.7918,25.9983,Macrophage,0.2389166666666569
24.7323,30.7478,Macrophage,0.253583333333322
30.7378,38.1056,Macrophage,0.0
16.9437,24.0145,Macrophage,0.0287500000000001
22.8444,33.8958,Macrophage,0.0749166666666667
25.8912,15.8297,Macrophage,0.0
28.955,29.1753,Macrophage,0.0782500000000002
33.2617,30.0381,Macrophage,0.0
26.4694,37.6264,Macrophage,0.0134166666666666
14.7869,8.47768,Macrophage,0.0
18.2217,6.6602,Macrophage,0.0
26.1632,32.9575,Macrophage,0.0649999999999994
7.64498,20.6157,Macrophage,0.0
16.4101,29.7702,Macrophage,0.0175833333333333
15.5151,44.3167,Macrophage,0.0
31.6582,39.3737,Macrophage,0.0
13.1786,7.0755,Macrophage,0.0
14.3944,45.6693,Macrophage,0.0
2.90738,18.357,Macrophage,0.0
12.7822,31.2625,Macrophage,0.0
36.0425,3.36291,Macrophage,0.0
