points_x,points_y,celltypes,phenotypes
20.9933,8.02291,Macrophage,0.7560833333332667
21.6926,8.00922,Macrophage,0.8364999999999245
32.5637,8.96496,Macrophage,0.7516666666666005
31.9825,8.8645,Macrophage,0.8211666666665929
31.328,8.96114,Macrophage,0.8428333333332572
31.9721,9.46557,Macrophage,0.7738333333332648
31.8483,10.1279,Macrophage,0.8553333333332558
9.66962,31.7602,Macrophage,0.8313333333332584
24.9282,12.3742,Macrophage,0.8136666666665937
30.3351,20.4311,Macrophage,0.7399166666666018
22.427,21.9824,Macrophage,0.5787499999999529
25.7718,22.1468,Macrophage,0.5928333333332847
27.859,21.4971,Macrophage,0.6227499999999481
25.1005,28.2902,Macrophage,0.478249999999964
25.7066,20.8423,Macrophage,0.4487499999999672
27.02,27.9648,Macrophage,0.5220833333332925
27.4302,22.3378,Macrophage,0.4068333333333052
26.5927,23.7416,Macrophage,0.4247499999999699
26.7654,24.1139,Macrophage,0.3685833333333094
26.5063,23.4218,Macrophage,0.3586666666666438
26.1398,25.4394,Macrophage,0.3286666666666471
25.8131,21.5868,Macrophage,0.3739166666666421
25.2341,22.1476,Macrophage,0.2744166666666531
24.7524,23.3497,Macrophage,0.30241666666665
27.3396,20.015,Macrophage,0.0866666666666673
25.7277,24.3777,Macrophage,0.2365833333333239
24.0131,21.8814,Macrophage,0.1281666666666691
26.8096,24.7557,Macrophage,0.216833333333326
23.1063,25.0922,Macrophage,0.1525833333333331
27.174,26.6196,Macrophage,0.1501666666666667
17.3358,17.3316,Macrophage,0.0039166666666666
24.9084,26.7627,Macrophage,0.151
24.2823,24.4068,Macrophage,0.198833333333328
28.6842,26.727,Macrophage,0.1208333333333359
19.2845,30.736,Macrophage,0.0401666666666666
29.5352,16.8743,Macrophage,0.0356666666666667
20.7732,22.9479,Macrophage,0.0684166666666663
21.3094,32.3913,Macrophage,0.0245833333333334
19.4021,17.4506,Macrophage,0.0323333333333335
17.4259,32.8063,Macrophage,0.0
31.1683,29.6174,Macrophage,0.0392499999999999
33.9539,9.25241,Macrophage,0.0
14.3541,29.8684,Macrophage,0.0009166666666666
11.0693,19.562,Macrophage,0.0
40.3732,5.69959,Macrophage,0.0
7.29788,43.8476,Macrophage,0.0
40.6599,36.7174,Macrophage,0.0
