points_x,points_y,celltypes,phenotypes
37.9608,29.7996,Macrophage,0.8248333333332591
35.459,31.4397,Macrophage,0.7787499999999309
29.9939,23.778,Macrophage,0.729166666666603
30.0449,26.1895,Macrophage,0.6604166666666106
26.1732,23.544,Macrophage,0.5286666666666251
25.376,25.0018,Macrophage,0.2457499999999895
24.8608,24.5239,Macrophage,0.2122499999999932
24.3806,24.4927,Macrophage,0.1707499999999978
27.2971,28.1966,Macrophage,0.0711666666666665
27.68,23.5613,Macrophage,0.0834166666666672
21.493,28.2099,Macrophage,0.0416666666666665
20.461,29.4946,Macrophage,0.0141666666666666
15.2346,29.2873,Macrophage,0.0
8.48232,31.8524,Macrophage,0.0
45.0399,8.06974,Macrophage,0.0
12.0325,41.6954,Macrophage,0.0
7.46528,13.6522,Macrophage,0.0
