points_x,points_y,celltypes,phenotypes
29.2116,14.2486,Macrophage,0.7250833333332701
29.3993,18.2788,Macrophage,0.7838333333332637
22.3587,24.9149,Macrophage,0.6826666666666081
24.1845,23.2695,Macrophage,0.6388333333332796
28.1686,24.0095,Macrophage,0.6761666666666089
37.786,16.6463,Macrophage,0.0
4.81463,20.0841,Macrophage,0.0
