points_x,points_y,celltypes,phenotypes
31.5801,41.9896,Macrophage,0.8309999999999251
25.996,44.0101,Macrophage,0.822749999999926
42.0332,24.9746,Macrophage,0.8584999999999221
30.966,41.9826,Macrophage,0.8388333333332576
26.4736,43.5438,Macrophage,0.8847499999999192
30.3444,42.022,Macrophage,0.8653333333332547
41.2541,25.032,Macrophage,0.8444166666665903
26.6792,38.7791,Macrophage,0.881083333333253
34.4005,25.4901,Macrophage,0.8049166666665947
26.7464,32.9177,Macrophage,0.7678333333332654
26.3562,35.527,Macrophage,0.8194999999999264
36.6753,25.9565,Macrophage,0.7997499999999286
29.9435,29.0437,Macrophage,0.7493333333332675
31.2766,30.1694,Macrophage,0.7356666666666023
27.924,31.1922,Macrophage,0.6982499999999398
24.6353,29.7305,Macrophage,0.6969999999999399
30.7507,25.4598,Macrophage,0.6797499999999418
26.7626,22.2948,Macrophage,0.6256666666666144
28.5554,24.0777,Macrophage,0.5944999999999512
25.4133,27.4906,Macrophage,0.554083333333289
28.5805,27.3249,Macrophage,0.5447499999999567
27.9115,25.632,Macrophage,0.4854999999999632
25.479,23.1603,Macrophage,0.4856666666666298
23.1933,27.0504,Macrophage,0.4780833333332973
27.2428,26.9704,Macrophage,0.4679166666666318
23.9877,23.9931,Macrophage,0.4068333333333052
25.0173,23.8915,Macrophage,0.3837499999999744
24.39,24.6285,Macrophage,0.3980833333333061
26.5037,24.4511,Macrophage,0.3134999999999821
23.9085,24.9293,Macrophage,0.171833333333331
26.4555,25.7685,Macrophage,0.1819166666666632
26.8006,26.8472,Macrophage,0.0794166666666669
24.2122,26.2988,Macrophage,0.0906666666666676
28.4235,21.6154,Macrophage,0.0371666666666667
26.5445,27.4575,Macrophage,0.059916666666666
32.4404,30.9823,Macrophage,0.0107499999999999
24.7813,32.3762,Macrophage,0.0195
32.7123,19.2996,Macrophage,0.0015833333333333
