points_x,points_y,celltypes,phenotypes
34.4762,19.4296,Macrophage,0.8762499999999201
31.7202,20.0821,Macrophage,0.8452499999999236
25.009,23.1268,Macrophage,0.5252499999999588
24.2089,25.791,Macrophage,0.3350833333333131
24.6706,24.808,Macrophage,0.1917499999999955
25.0318,24.9668,Macrophage,0.1232500000000027
24.0171,22.1267,Macrophage,0.0279166666666668
16.4061,13.1246,Macrophage,0.0
14.9447,26.9649,Macrophage,0.0
19.8232,7.54485,Macrophage,0.0
33.5547,14.7283,Macrophage,0.0
