points_x,points_y,celltypes,phenotypes
14.9935,10.998,Macrophage,0.777749999999931
16.4445,12.4582,Macrophage,0.8359999999999246
25.0321,22.0921,Macrophage,0.5924999999999514
23.5873,22.6936,Macrophage,0.5857499999999521
25.9699,24.0106,Macrophage,0.2615833333333212
23.389,24.6263,Macrophage,0.244833333333323
22.9888,25.031,Macrophage,0.0477499999999997
24.2904,24.2903,Macrophage,0.0709999999999998
25.2094,24.8176,Macrophage,0.0564999999999995
19.8417,29.4895,Macrophage,0.0
