points_x,points_y,celltypes,phenotypes
17.5758,31.985,Macrophage,0.8477499999999233
22.8098,27.6423,Macrophage,0.7511666666666006
24.5687,24.5838,Macrophage,0.4256666666666364
24.1116,24.8535,Macrophage,0.213749999999993
25.9769,23.9983,Macrophage,0.1935833333333286
26.3735,24.9257,Macrophage,0.1250000000000028
26.0077,24.5538,Macrophage,0.1250833333333361
25.425,23.5161,Macrophage,0.1138333333333355
18.455,29.6641,Macrophage,0.0036666666666666
