points_x,points_y,celltypes,phenotypes
16.0232,40.9951,Macrophage,0.7622499999999327
25.8017,24.6152,Macrophage,0.3784166666666416
24.54,25.6285,Macrophage,0.2554166666666552
