points_x,points_y,celltypes,phenotypes
25.0059,6.95158,Macrophage,0.7705833333332651
27.0181,7.99021,Macrophage,0.7655833333332657
25.3743,7.36735,Macrophage,0.8276666666665922
26.3066,9.12237,Macrophage,0.7108333333332717
25.0374,22.9742,Macrophage,0.2586666666666548
24.3829,24.3772,Macrophage,0.3689166666666427
25.9759,24.6165,Macrophage,0.3973333333333062
24.2987,26.0,Macrophage,0.1819166666666632
24.5629,25.4962,Macrophage,0.1091666666666686
11.0428,16.1084,Macrophage,0.0
17.2674,8.5885,Macrophage,0.0
37.8951,47.5854,Macrophage,0.0
