points_x,points_y,celltypes,phenotypes
21.5641,21.1055,Macrophage,0.5563333333332887
24.9242,25.2016,Macrophage,0.3177499999999816
23.431,25.0571,Macrophage,0.1804999999999967
6.19557,5.8894,Macrophage,0.0
