points_x,points_y,celltypes,phenotypes
39.0127,36.998,Macrophage,0.7676666666665988
31.1773,38.8215,Macrophage,0.7169166666666044
26.2518,25.9889,Macrophage,0.6663333333332766
24.8627,24.9848,Macrophage,0.0912500000000009
21.1695,28.0821,Macrophage,0.02175
20.1097,14.1481,Macrophage,0.0
