points_x,points_y,celltypes,phenotypes
10.0072,15.9841,Macrophage,0.8304999999999252
19.747,17.6604,Macrophage,0.8370833333332578
21.1798,21.1357,Macrophage,0.7844999999999303
21.7125,19.4976,Macrophage,0.7463333333332678
23.3907,22.3385,Macrophage,0.6454166666666122
25.7406,24.2339,Macrophage,0.4241666666666366
25.5497,23.5796,Macrophage,0.4043333333333054
23.8969,24.4706,Macrophage,0.3549166666666442
25.9901,25.7459,Macrophage,0.2258333333333251
24.3847,26.3712,Macrophage,0.2058333333333273
24.0043,26.0311,Macrophage,0.1542499999999996
25.7732,26.1841,Macrophage,0.1083333333333352
25.3819,26.6185,Macrophage,0.0997500000000014
23.9787,25.1756,Macrophage,0.1275000000000025
23.9928,25.6971,Macrophage,0.1335833333333352
24.5207,23.3689,Macrophage,0.0851666666666672
23.7303,26.2856,Macrophage,0.0644166666666661
27.4914,24.2765,Macrophage,0.0281666666666668
26.4787,25.8219,Macrophage,0.0353333333333334
39.1689,19.9932,Macrophage,0.0
38.1014,28.3718,Macrophage,0.0
