points_x,points_y,celltypes,phenotypes
15.9961,43.0458,Macrophage,0.6284166666666141
15.9998,42.3603,Macrophage,0.5619999999999548
9.00953,16.0016,Macrophage,0.6028333333332836
41.7923,18.9997,Macrophage,0.644833333333279
34.34,9.81304,Macrophage,0.553333333333289
9.00624,16.815,Macrophage,0.5825833333332858
19.6978,10.5226,Macrophage,0.5831666666666191
6.01339,19.0147,Macrophage,0.7349166666666024
15.4541,19.7197,Macrophage,0.5963333333332843
33.4122,31.6285,Macrophage,0.6704999999999428
7.40743,19.285,Macrophage,0.5845833333332856
27.6644,32.5402,Macrophage,0.3740833333333088
8.00793,24.9872,Macrophage,0.7020833333332727
31.1269,17.6651,Macrophage,0.5280833333332918
18.8633,17.5424,Macrophage,0.5766666666666198
30.6998,15.7493,Macrophage,0.3459166666666452
11.6393,22.0392,Macrophage,0.4987499999999617
18.5629,39.149,Macrophage,0.538166666666624
26.0982,14.7627,Macrophage,0.608083333333283
28.1922,34.0101,Macrophage,0.1329166666666686
20.8916,29.8942,Macrophage,0.2223333333333254
36.0998,22.469,Macrophage,0.3673333333333095
22.7192,20.6992,Macrophage,0.3634999999999766
18.926,31.0619,Macrophage,0.1455833333333339
15.0566,21.3173,Macrophage,0.402166666666639
22.6169,18.5129,Macrophage,0.2767499999999862
18.4162,17.0004,Macrophage,0.0328333333333334
20.8037,35.2053,Macrophage,0.1789999999999969
21.0683,17.7122,Macrophage,0.1954166666666617
14.2742,16.0738,Macrophage,0.0
25.92,13.0107,Macrophage,0.0
8.60004,34.088,Macrophage,0.0
10.0356,21.984,Macrophage,0.0
34.8801,21.241,Macrophage,0.1850833333333295
25.4923,39.2452,Macrophage,0.0
18.3708,35.9108,Macrophage,0.022
32.1,38.2517,Macrophage,0.0
17.5952,37.3511,Macrophage,0.0
32.944,41.1443,Macrophage,0.0
12.8682,20.5864,Macrophage,0.0399999999999999
15.8957,40.0846,Macrophage,0.0
18.5051,14.548,Macrophage,0.0
10.1605,14.7503,Macrophage,0.0
12.7383,25.4008,Macrophage,0.0155833333333333
10.6595,17.8526,Macrophage,0.0
42.3831,18.8703,Macrophage,0.0
43.1812,18.5809,Macrophage,0.0
36.1881,47.4788,Macrophage,0.0
