points_x,points_y,celltypes,phenotypes
31.0096,8.01799,Macrophage,0.7467499999999344
26.7129,7.59351,Macrophage,0.7301666666666029
27.0082,7.00146,Macrophage,0.7556666666666001
27.4373,6.54039,Macrophage,0.7915833333332628
27.9761,6.00478,Macrophage,0.780833333333264
29.1976,7.15895,Macrophage,0.865166666666588
30.9652,8.67698,Macrophage,0.8018333333332617
30.1685,11.9626,Macrophage,0.8193333333332598
28.0473,12.3562,Macrophage,0.7330833333332692
30.1081,18.5436,Macrophage,0.7356666666666023
28.4858,16.8655,Macrophage,0.6708333333332761
27.5728,18.1347,Macrophage,0.6844999999999413
28.6391,20.343,Macrophage,0.577749999999953
28.0007,24.5901,Macrophage,0.4902499999999626
22.0523,24.0509,Macrophage,0.4873333333332963
25.5211,21.9719,Macrophage,0.4797499999999638
26.0141,20.4181,Macrophage,0.5034999999999612
27.9216,26.1024,Macrophage,0.4480833333333006
28.0209,22.9744,Macrophage,0.3739166666666421
27.2731,23.4887,Macrophage,0.4342499999999688
27.0037,22.0055,Macrophage,0.3467499999999784
25.9229,26.1419,Macrophage,0.3685833333333094
23.9375,23.9725,Macrophage,0.3374166666666461
22.9277,25.0268,Macrophage,0.3438333333333121
22.8164,24.3789,Macrophage,0.3067499999999828
22.5374,26.4987,Macrophage,0.2266666666666583
22.3598,25.016,Macrophage,0.2284166666666581
25.0617,24.7213,Macrophage,0.2975833333333172
24.7936,27.0347,Macrophage,0.1949999999999951
25.7029,27.0558,Macrophage,0.2617499999999878
26.229,25.7952,Macrophage,0.2251666666666585
24.1452,27.0182,Macrophage,0.1730833333333309
25.133,26.888,Macrophage,0.1610833333333322
21.9946,26.0424,Macrophage,0.1160833333333357
26.7416,25.2689,Macrophage,0.2354166666666573
27.3737,21.8209,Macrophage,0.1445000000000007
23.9966,23.2437,Macrophage,0.0440833333333331
27.1687,21.3866,Macrophage,0.1524999999999998
27.5634,20.0153,Macrophage,0.0440833333333331
20.772,25.7135,Macrophage,0.0391666666666666
20.3835,34.3091,Macrophage,0.0
13.0599,20.1086,Macrophage,0.0
34.1147,35.9102,Macrophage,0.0
16.1689,8.35192,Macrophage,0.0
29.5517,41.6803,Macrophage,0.0
44.505,45.3141,Macrophage,0.0
46.3029,47.5909,Macrophage,0.0
