points_x,points_y,celltypes,phenotypes
42.6711,16.203,Macrophage,0.0
4.20812,1.64057,Macrophage,0.0
16.9923,41.1479,Macrophage,0.0
17.5347,46.2177,Macrophage,0.0
9.97146,41.6943,Macrophage,0.0
6.17696,37.2152,Macrophage,0.0
9.00324,43.0104,Macrophage,0.0
1.4908,12.5837,Macrophage,0.0
47.6979,24.048,Macrophage,0.0
10.9891,46.6741,Macrophage,0.0
48.4076,8.515,Macrophage,0.0
41.603,46.7433,Macrophage,0.0
3.24841,1.6057,Macrophage,0.0
49.1584,11.7645,Macrophage,0.0
3.17899,21.1937,Macrophage,0.0
