points_x,points_y,celltypes,phenotypes
33.2718,41.3144,Macrophage,0.7089999999999386
39.6338,38.0323,Macrophage,0.7424166666666016
33.003,40.8222,Macrophage,0.765416666666599
39.0036,37.2678,Macrophage,0.7748333333332647
38.9694,37.9849,Macrophage,0.7658333333332656
38.295,37.9864,Macrophage,0.7937499999999292
38.9995,38.5809,Macrophage,0.7886666666665965
7.99744,21.0006,Macrophage,0.7964166666665956
32.4504,41.1525,Macrophage,0.7994166666665953
33.0003,39.7326,Macrophage,0.8529999999999227
25.6944,28.0859,Macrophage,0.6084166666666163
28.5237,27.0084,Macrophage,0.5245833333332922
27.3195,28.486,Macrophage,0.5824166666666192
26.9437,25.4175,Macrophage,0.250499999999989
24.5202,26.4009,Macrophage,0.2364999999999905
24.6752,26.9628,Macrophage,0.2612499999999879
25.97,25.3464,Macrophage,0.3368333333333129
23.6629,25.6109,Macrophage,0.2104999999999934
26.9501,26.984,Macrophage,0.2544999999999886
24.1429,24.1221,Macrophage,0.1640833333333319
25.6758,24.0283,Macrophage,0.159999999999999
22.046,25.2591,Macrophage,0.0830833333333338
28.3448,24.9053,Macrophage,0.0515833333333329
21.296,28.525,Macrophage,0.0452499999999998
40.2974,14.8028,Macrophage,0.0
18.5274,22.4613,Macrophage,0.0158333333333333
27.7774,30.1636,Macrophage,0.0516666666666663
38.1377,17.2731,Macrophage,0.0
37.874,34.7908,Macrophage,0.0
2.90234,43.7831,Macrophage,0.0
38.4225,6.90527,Macrophage,0.0
39.6179,18.9012,Macrophage,0.0
40.0192,5.37256,Macrophage,0.0
41.0047,3.58695,Macrophage,0.0
41.929,28.6611,Macrophage,0.0
