points_x,points_y,celltypes,phenotypes
14.604,25.6671,Macrophage,0.3198333333333147
12.423,25.2871,Macrophage,0.0
19.0625,25.696,Macrophage,0.3588333333333104
19.6815,33.3244,Macrophage,0.0
28.1815,13.1747,Macrophage,0.0
17.8437,21.1552,Macrophage,0.0356666666666667
30.5331,42.4163,Macrophage,0.0
35.3591,26.64,Macrophage,0.0
25.3747,34.2994,Macrophage,0.0
25.1529,39.9219,Macrophage,0.0
15.4074,19.7046,Macrophage,0.0
18.2834,35.942,Macrophage,0.0
35.3953,20.3597,Macrophage,0.0
8.88215,26.2286,Macrophage,0.0
17.9142,24.7814,Macrophage,0.0953333333333345
16.5134,24.1169,Macrophage,0.0
11.704,23.0815,Macrophage,0.0
14.487,10.4994,Macrophage,0.0
36.1057,33.1944,Macrophage,0.0
11.9161,9.65056,Macrophage,0.0
9.98706,40.0073,Macrophage,0.0
8.62816,23.9534,Macrophage,0.0
39.4769,36.2824,Macrophage,0.0
8.59374,6.61532,Macrophage,0.0
28.4891,10.1192,Macrophage,0.0
29.234,7.93993,Macrophage,0.0
16.2676,38.3536,Macrophage,0.0
8.24898,41.9546,Macrophage,0.0
37.4715,24.5639,Macrophage,0.0
9.7413,16.4115,Macrophage,0.0
15.8094,40.5152,Macrophage,0.0
30.1482,5.59033,Macrophage,0.0
39.9139,20.0308,Macrophage,0.0
5.28395,43.719,Macrophage,0.0
10.9984,49.1993,Macrophage,0.0
22.1209,39.9704,Macrophage,0.0
41.9956,41.2385,Macrophage,0.0
21.6005,41.9354,Macrophage,0.0
14.8389,41.9418,Macrophage,0.0
6.9594,24.2763,Macrophage,0.0
12.8596,47.7266,Macrophage,0.0
44.3594,5.47326,Macrophage,0.0
