points_x,points_y,celltypes,phenotypes
24.3008,24.7546,Macrophage,0.469249999999965
24.2732,25.9891,Macrophage,0.3847499999999743
25.9997,25.0017,Macrophage,0.2833333333333188
23.9858,25.3107,Macrophage,0.1494166666666668
