points_x,points_y,celltypes,phenotypes
38.0056,36.0151,Macrophage,0.6922499999999404
29.9758,42.0188,Macrophage,0.7288333333332697
36.5363,35.9713,Macrophage,0.7151666666666046
24.1195,26.6206,Macrophage,0.6269999999999476
29.9062,30.5169,Macrophage,0.7600833333332663
19.0965,19.5607,Macrophage,0.680583333333275
23.2423,29.8679,Macrophage,0.5998333333332839
28.4396,28.1851,Macrophage,0.6433333333332791
24.5005,26.8054,Macrophage,0.569249999999954
25.0107,28.5588,Macrophage,0.5056666666666276
29.3781,25.5056,Macrophage,0.5709999999999538
21.5254,25.4687,Macrophage,0.5339166666666245
21.08,23.676,Macrophage,0.4796666666666305
27.0077,23.9918,Macrophage,0.3588333333333104
22.8003,23.2307,Macrophage,0.3714999999999757
27.3548,25.2601,Macrophage,0.4378333333333017
25.6484,25.7826,Macrophage,0.383916666666641
24.0032,23.4819,Macrophage,0.3554999999999775
23.6091,28.0299,Macrophage,0.4824166666666302
25.5219,22.9979,Macrophage,0.3177499999999816
28.2904,26.4136,Macrophage,0.1146666666666689
25.6195,24.3739,Macrophage,0.3174166666666483
26.533,28.7669,Macrophage,0.0648333333333328
25.7114,26.226,Macrophage,0.1775833333333304
21.0376,17.0296,Macrophage,0.0
21.8629,29.1373,Macrophage,0.0432499999999998
20.1181,21.5243,Macrophage,0.0119999999999999
24.32,22.0295,Macrophage,0.1195833333333359
24.0349,13.2664,Macrophage,0.0
16.1101,7.11315,Macrophage,0.0
8.72701,27.8419,Macrophage,0.0
38.7967,14.7785,Macrophage,0.0
11.0395,40.4601,Macrophage,0.0
12.7461,28.4296,Macrophage,0.0
40.7361,13.2068,Macrophage,0.0
5.37672,16.0279,Macrophage,0.0
15.7514,40.4992,Macrophage,0.0
36.377,30.1271,Macrophage,0.0
37.1785,12.0812,Macrophage,0.0
22.1473,40.7138,Macrophage,0.0
11.0717,13.7748,Macrophage,0.0
41.6904,39.6726,Macrophage,0.0
33.3389,44.16,Macrophage,0.0
