points_x,points_y,celltypes,phenotypes
35.8643,16.4774,Macrophage,0.7369166666666022
35.3738,19.6767,Macrophage,0.7728333333332649
32.4987,21.9531,Macrophage,0.789583333333263
29.3838,19.1089,Macrophage,0.7910833333332629
26.4194,25.3817,Macrophage,0.5818333333332859
24.1868,23.65,Macrophage,0.5395833333332906
25.7604,23.4891,Macrophage,0.4444999999999677
25.3284,24.1389,Macrophage,0.3637499999999766
24.678,25.5732,Macrophage,0.2917499999999845
23.4761,25.538,Macrophage,0.3071666666666495
18.8624,31.1205,Macrophage,0.0
12.0763,40.0188,Macrophage,0.0
40.5202,7.47072,Macrophage,0.0
43.3308,31.3598,Macrophage,0.0
