points_x,points_y,celltypes,phenotypes
16.2226,31.4955,Macrophage,0.7581666666665998
19.4661,32.2779,Macrophage,0.7939166666665959
18.3651,27.6241,Macrophage,0.7524166666666005
21.4,25.6006,Macrophage,0.6141666666666157
23.7633,25.8705,Macrophage,0.4584166666666328
23.8358,22.9816,Macrophage,0.4212499999999702
25.4371,24.4025,Macrophage,0.3349166666666464
24.8341,23.1286,Macrophage,0.1983333333333281
25.4477,23.1004,Macrophage,0.2197499999999924
23.3434,24.2051,Macrophage,0.1799166666666634
26.0024,23.9404,Macrophage,0.0597499999999994
20.7937,29.064,Macrophage,0.0080833333333333
29.9342,30.5919,Macrophage,0.0
