points_x,points_y,celltypes,phenotypes
18.185,26.8167,Macrophage,0.0756666666666667
35.7011,34.8768,Macrophage,0.0
23.1922,31.571,Macrophage,0.0134166666666666
9.07596,0.811307,Macrophage,0.0
13.0364,39.2709,Macrophage,0.0
8.45538,37.8156,Macrophage,0.0
32.3874,23.6448,Macrophage,0.0255000000000001
9.10466,34.9472,Macrophage,0.0
37.5353,19.5017,Macrophage,0.0
35.4034,23.2887,Macrophage,0.0
6.62171,39.5975,Macrophage,0.0
