points_x,points_y,celltypes,phenotypes
21.8979,33.6015,Macrophage,0.8837499999999193
19.705,34.3533,Macrophage,0.8194999999999264
23.1213,27.4659,Macrophage,0.7581666666665998
24.9872,25.4558,Macrophage,0.2515833333333223
25.9704,24.0216,Macrophage,0.1887499999999958
24.0756,24.0454,Macrophage,0.0980833333333346
21.576,27.6785,Macrophage,0.0164999999999999
19.066,32.1263,Macrophage,0.0
