points_x,points_y,celltypes,phenotypes
21.4022,30.3599,Macrophage,1.0
25.3621,26.4901,Macrophage,0.2805833333333191
22.9467,23.1478,Macrophage,0.2871666666666517
26.3385,25.6964,Macrophage,0.2595833333333214
22.2243,24.9555,Macrophage,0.2255833333333251
25.9956,26.0391,Macrophage,0.1152500000000023
27.0804,23.0868,Macrophage,0.1247500000000028
25.6332,26.0137,Macrophage,0.0732499999999999
23.9359,26.0237,Macrophage,0.0664166666666662
26.6023,25.0799,Macrophage,0.0348333333333334
26.0647,22.4254,Macrophage,0.0454999999999998
24.5418,25.9974,Macrophage,0.0477499999999997
26.6172,22.9661,Macrophage,0.0257500000000001
24.9321,26.8677,Macrophage,0.0295833333333335
27.2724,25.4219,Macrophage,0.0125833333333333
25.1579,25.9833,Macrophage,0.0132499999999999
32.5317,27.875,Macrophage,0.0
29.5772,22.2631,Macrophage,0.0001666666666666
13.7988,13.3285,Macrophage,0.0
35.4361,28.7467,Macrophage,0.0
