points_x,points_y,celltypes,phenotypes
38.1097,30.5755,Macrophage,0.753833333333267
15.0234,27.0622,Macrophage,0.6897499999999407
18.932,28.7615,Macrophage,0.6909999999999406
13.6638,22.7413,Macrophage,0.7368333333332688
25.526,32.1343,Macrophage,0.7057499999999389
18.1032,27.4696,Macrophage,0.6878333333332742
31.0183,28.7802,Macrophage,0.6896666666666074
33.191,26.878,Macrophage,0.7188333333332708
16.3342,22.9848,Macrophage,0.7274166666666032
25.9048,30.4479,Macrophage,0.6554166666666111
17.631,25.3428,Macrophage,0.6286666666666141
30.1404,25.1475,Macrophage,0.5847499999999523
30.9625,26.6115,Macrophage,0.6199999999999484
29.458,26.718,Macrophage,0.4949999999999621
18.9294,26.1515,Macrophage,0.5882499999999519
28.7166,25.3524,Macrophage,0.5565833333332887
18.9515,23.6199,Macrophage,0.5658333333332877
25.5556,27.4737,Macrophage,0.4275833333333029
26.6235,27.4445,Macrophage,0.3244999999999809
20.3971,24.8406,Macrophage,0.3796666666666415
28.0162,26.9658,Macrophage,0.2207499999999923
19.7537,25.7976,Macrophage,0.1002500000000014
26.005,27.9976,Macrophage,0.1792499999999968
25.9971,24.5667,Macrophage,0.0639166666666661
25.5387,25.728,Macrophage,0.1338333333333352
20.0301,26.4428,Macrophage,0.0993333333333347
20.1082,25.8742,Macrophage,0.1013333333333348
26.0615,26.48,Macrophage,0.0889166666666675
23.8514,26.0003,Macrophage,0.0649999999999994
25.9976,26.8658,Macrophage,0.092000000000001
27.8755,25.8622,Macrophage,0.1352500000000017
25.9803,25.2909,Macrophage,0.0272500000000001
26.1209,23.8586,Macrophage,0.0780833333333335
25.7856,26.2164,Macrophage,0.0124999999999999
25.9841,27.3663,Macrophage,0.1447500000000006
25.3896,26.669,Macrophage,0.0596666666666661
26.4099,26.0234,Macrophage,0.0449166666666664
20.6394,25.3527,Macrophage,0.0985833333333347
26.4864,25.5562,Macrophage,0.0099166666666666
25.9625,25.7273,Macrophage,0.0119999999999999
26.8573,26.0201,Macrophage,0.0186666666666666
24.6376,26.0153,Macrophage,0.0297500000000001
25.0205,25.9927,Macrophage,0.0
25.991,24.1486,Macrophage,0.0
26.0874,24.9348,Macrophage,0.0
27.9711,26.3888,Macrophage,0.0043333333333333
21.2253,25.9803,Macrophage,0.0046666666666666
27.2586,25.986,Macrophage,0.0036666666666666
26.9357,23.0367,Macrophage,0.0
20.5238,25.9962,Macrophage,0.0
22.7731,26.0129,Macrophage,0.0
25.5116,28.4218,Macrophage,0.0
23.0776,21.0833,Macrophage,0.0
15.8566,24.2722,Macrophage,0.0
32.8574,28.9995,Macrophage,0.0
23.2856,34.3716,Macrophage,0.0
10.6284,28.0399,Macrophage,0.0
11.1,48.544,Macrophage,0.0
