points_x,points_y,celltypes,phenotypes
38.0,11.0141,Macrophage,0.8696666666665875
36.6683,9.74452,Macrophage,0.8932499999999183
37.295,12.13,Macrophage,0.8266666666665923
35.7371,12.2477,Macrophage,0.8699166666665875
31.157,19.4966,Macrophage,0.859249999999922
28.7418,19.1917,Macrophage,0.8040833333332614
28.8045,21.3265,Macrophage,0.6646666666666101
26.4912,21.9919,Macrophage,0.5438333333332901
27.3348,21.2328,Macrophage,0.5822499999999525
26.9818,21.9016,Macrophage,0.4554166666666331
27.7084,22.435,Macrophage,0.4465833333333008
27.4864,21.7372,Macrophage,0.4211666666666369
22.976,24.3818,Macrophage,0.4124999999999712
27.0186,23.9484,Macrophage,0.3389999999999793
24.3183,23.2104,Macrophage,0.2791666666666526
24.0205,23.5854,Macrophage,0.2357499999999906
23.0385,25.0568,Macrophage,0.2094999999999935
24.2387,25.0098,Macrophage,0.1709166666666644
23.9937,22.0016,Macrophage,0.1334166666666686
27.0232,23.4734,Macrophage,0.0944166666666678
23.9679,22.5037,Macrophage,0.092500000000001
29.6742,20.3405,Macrophage,0.0143333333333333
22.3095,27.1261,Macrophage,0.0085833333333333
16.4224,34.5886,Macrophage,0.0
23.4974,17.0575,Macrophage,0.0
19.8833,21.5596,Macrophage,8.333333333333333e-05
14.5688,16.4907,Macrophage,0.0
