points_x,points_y,celltypes,phenotypes
41.01,35.9916,Macrophage,0.7833333333332637
42.3488,27.7318,Macrophage,0.7958333333332623
28.9966,42.0084,Macrophage,0.7828333333332638
28.8702,40.3325,Macrophage,0.799333333333262
19.4274,20.1947,Macrophage,0.7470833333332677
28.9587,26.421,Macrophage,0.650499999999945
24.8231,26.715,Macrophage,0.4854999999999632
23.9697,25.8132,Macrophage,0.538416666666624
24.6201,28.6473,Macrophage,0.526833333333292
26.1439,25.865,Macrophage,0.3494166666666448
22.9363,24.6548,Macrophage,0.417583333333304
26.5859,25.1585,Macrophage,0.2673333333333205
26.0689,24.1318,Macrophage,0.3764166666666418
25.9996,23.6327,Macrophage,0.3634999999999766
25.153,27.0391,Macrophage,0.2790833333333192
26.3693,24.5491,Macrophage,0.2998333333333169
26.6348,25.7428,Macrophage,0.2306666666666579
32.2529,31.7347,Macrophage,0.0
22.7181,21.1961,Macrophage,0.0924166666666677
24.9584,22.0298,Macrophage,0.1113333333333354
37.4496,38.7432,Macrophage,0.0
32.8713,34.6284,Macrophage,0.0
27.8278,27.4744,Macrophage,0.075
31.0381,28.7582,Macrophage,0.0417499999999999
22.1038,32.3287,Macrophage,0.0148333333333333
39.6408,40.0747,Macrophage,0.0
28.7848,9.77706,Macrophage,0.0
41.0837,41.6461,Macrophage,0.0
17.9909,42.1177,Macrophage,0.0
38.7489,15.1085,Macrophage,0.0
12.3718,44.5688,Macrophage,0.0
44.3931,44.61,Macrophage,0.0
