points_x,points_y,celltypes,phenotypes
15.7508,38.3271,Macrophage,0.6469166666666121
31.9438,23.3407,Macrophage,0.4666666666666319
20.6695,31.5435,Macrophage,0.7218333333332705
20.2571,24.7675,Macrophage,0.6107499999999494
20.5941,27.0356,Macrophage,0.5399999999999572
26.9005,26.6614,Macrophage,0.2639166666666542
23.9801,25.6229,Macrophage,0.386749999999974
28.2852,22.1338,Macrophage,0.1822499999999965
25.5468,24.7974,Macrophage,0.2734999999999865
31.884,20.169,Macrophage,0.0
31.2323,31.1972,Macrophage,0.0
24.3053,28.411,Macrophage,0.6190833333332818
20.6208,29.4007,Macrophage,0.1401666666666678
25.6673,31.1253,Macrophage,0.0173333333333333
21.6751,18.661,Macrophage,0.0
17.4107,22.8668,Macrophage,0.0
28.8107,27.4169,Macrophage,0.0957500000000012
27.5932,35.4204,Macrophage,0.0
33.073,22.4096,Macrophage,0.0
32.0194,11.9276,Macrophage,0.0
13.961,21.5385,Macrophage,0.0
38.1857,37.5157,Macrophage,0.0
14.7908,16.5596,Macrophage,0.0
42.2551,8.01003,Macrophage,0.0
33.2493,7.18891,Macrophage,0.0
42.5167,16.9804,Macrophage,0.0
7.19555,21.9897,Macrophage,0.0
35.0963,5.52505,Macrophage,0.0
6.23364,36.8417,Macrophage,0.0
47.3963,10.3558,Macrophage,0.0
45.0178,4.34452,Macrophage,0.0
48.1181,19.2162,Macrophage,0.0
5.57886,28.8949,Macrophage,0.0
