points_x,points_y,celltypes,phenotypes
19.0047,5.01616,Macrophage,0.7649999999999324
17.9626,8.00256,Macrophage,0.8191666666665931
29.9672,2.98894,Macrophage,0.7688333333332653
18.3381,8.50643,Macrophage,0.8378333333332577
32.5187,5.8125,Macrophage,0.7697499999999319
26.4066,7.61824,Macrophage,0.8091666666665942
18.9766,11.5612,Macrophage,0.720416666666604
18.5527,7.77745,Macrophage,0.7846666666665969
26.4892,11.9417,Macrophage,0.8117499999999273
25.1291,15.5072,Macrophage,0.7644166666665991
25.968,17.5718,Macrophage,0.7280833333332698
28.9234,20.5168,Macrophage,0.6703333333332762
24.4353,18.6339,Macrophage,0.6703333333332762
26.8359,20.7315,Macrophage,0.5669999999999542
22.8684,20.8704,Macrophage,0.644833333333279
25.017,21.9684,Macrophage,0.5220833333332925
25.2087,24.0112,Macrophage,0.548166666666623
22.6034,22.8216,Macrophage,0.4420833333333013
22.7698,24.4518,Macrophage,0.4309999999999692
25.3156,20.8908,Macrophage,0.4824166666666302
26.2821,23.1335,Macrophage,0.4700833333332982
23.4427,24.0633,Macrophage,0.4019999999999724
27.0069,21.9853,Macrophage,0.4023333333333057
27.1552,24.8325,Macrophage,0.3050833333333164
24.9923,22.4155,Macrophage,0.2648333333333208
24.052,22.8253,Macrophage,0.2182499999999926
23.4765,24.5312,Macrophage,0.1407500000000011
24.009,23.3762,Macrophage,0.1242500000000028
23.6229,25.6013,Macrophage,0.0937500000000011
24.2927,26.2126,Macrophage,0.1085833333333352
27.8194,23.8074,Macrophage,0.0843333333333339
24.0207,23.98,Macrophage,0.1157500000000023
26.7869,19.5111,Macrophage,0.0472499999999997
22.7759,12.6937,Macrophage,0.0
