points_x,points_y,celltypes,phenotypes
40.9969,30.9909,Macrophage,0.5136666666666267
35.9871,39.0171,Macrophage,0.5639166666666212
36.6527,31.9261,Macrophage,0.5524999999999558
26.231,24.6511,Macrophage,0.3775833333333084
28.2221,27.2082,Macrophage,0.2099166666666601
27.3679,14.7622,Macrophage,0.0
