points_x,points_y,celltypes,phenotypes
22.9733,7.00073,Macrophage,0.7254999999999368
42.5865,31.0299,Macrophage,0.7496666666666008
42.0091,30.9938,Macrophage,0.7781666666665976
42.0138,30.2601,Macrophage,0.7514999999999339
41.5921,30.9944,Macrophage,0.8029166666665949
4.02841,28.0233,Macrophage,0.7549999999999335
5.99015,18.9974,Macrophage,0.7537499999999336
41.0336,30.9904,Macrophage,0.8074999999999277
6.67492,19.0215,Macrophage,0.8224166666665927
41.9689,24.1655,Macrophage,0.7434999999999348
8.00187,32.0032,Macrophage,0.7999999999999285
37.6703,24.6283,Macrophage,0.7557499999999334
29.9408,34.0253,Macrophage,0.7661666666665989
17.7123,20.4005,Macrophage,0.7526666666666004
25.964,17.9972,Macrophage,0.7139166666666047
19.5141,22.2793,Macrophage,0.6829999999999414
30.7461,28.7608,Macrophage,0.6918333333332738
21.4722,26.3266,Macrophage,0.6627499999999437
18.5717,25.6971,Macrophage,0.6544999999999446
24.4064,26.3987,Macrophage,0.4634166666666323
26.682,27.5498,Macrophage,0.5598333333332883
28.3629,25.7381,Macrophage,0.5333333333332912
26.6946,24.7848,Macrophage,0.4269999999999696
25.2044,24.2586,Macrophage,0.2665833333333206
22.9812,23.3497,Macrophage,0.3286666666666471
26.0493,26.0756,Macrophage,0.2977499999999838
23.5529,24.4719,Macrophage,0.2617499999999878
21.5694,24.784,Macrophage,0.238166666666657
26.1598,23.0295,Macrophage,0.0724166666666665
32.8701,24.4146,Macrophage,0.00975
31.2974,27.3068,Macrophage,0.1131666666666688
16.019,6.86996,Macrophage,0.0
15.7025,27.4918,Macrophage,0.0016666666666666
40.6333,33.8422,Macrophage,0.0
8.00605,22.171,Macrophage,0.0
14.4759,12.2279,Macrophage,0.0
12.8793,11.2561,Macrophage,0.0
36.4184,38.3901,Macrophage,0.0
