points_x,points_y,celltypes,phenotypes
17.4344,8.99304,Macrophage,0.7349166666666024
18.0017,8.49414,Macrophage,0.7055833333332723
18.0143,9.26033,Macrophage,0.7513333333332672
17.9746,9.79457,Macrophage,0.7514166666666006
18.4727,9.00561,Macrophage,0.7853333333332635
19.6453,9.29444,Macrophage,0.8116666666665939
19.6264,11.0644,Macrophage,0.8594166666665887
18.3285,10.3779,Macrophage,0.7825833333332638
23.7919,22.1886,Macrophage,0.4987499999999617
24.4136,24.0938,Macrophage,0.3688333333333093
25.9798,23.8589,Macrophage,0.3289999999999804
25.6418,24.3108,Macrophage,0.1310833333333355
24.4399,23.2661,Macrophage,0.1948333333333285
19.7947,21.0362,Macrophage,0.0119999999999999
17.3641,41.9188,Macrophage,0.0
29.1642,3.63349,Macrophage,0.0
29.7293,2.83921,Macrophage,0.0
