points_x,points_y,celltypes,phenotypes
24.9862,7.99421,Macrophage,0.8599999999999219
19.6481,15.6674,Macrophage,0.8708333333332541
24.3541,14.2073,Macrophage,0.8307499999999252
25.0309,20.4028,Macrophage,0.6874166666666076
27.4085,22.1571,Macrophage,0.692666666666607
23.9314,22.1759,Macrophage,0.6200833333332817
24.2937,24.2771,Macrophage,0.5676666666666208
25.504,22.6583,Macrophage,0.5084999999999607
26.6645,24.6119,Macrophage,0.4799166666666304
23.9307,25.9443,Macrophage,0.4677499999999651
25.0563,23.0531,Macrophage,0.2518333333333222
25.9704,26.0168,Macrophage,0.2221666666666588
25.3526,25.9906,Macrophage,0.2073333333333271
24.0143,23.9814,Macrophage,0.1442500000000007
25.5372,24.7706,Macrophage,0.050083333333333
26.8614,21.851,Macrophage,0.0250000000000001
26.3055,25.6551,Macrophage,0.0424999999999998
12.978,36.0699,Macrophage,0.0
20.6665,18.9201,Macrophage,0.0045
