points_x,points_y,celltypes,phenotypes
33.8675,43.0056,Macrophage,0.0
10.3909,6.49979,Macrophage,0.0
32.5151,8.10254,Macrophage,0.0
12.3857,22.1337,Macrophage,0.0
8.00769,5.63785,Macrophage,0.0
29.3972,8.36659,Macrophage,0.0
5.15513,44.8646,Macrophage,0.0
11.2473,35.8522,Macrophage,0.0
30.5662,5.29756,Macrophage,0.0
18.9267,10.2031,Macrophage,0.0
47.1989,22.723,Macrophage,0.0
