points_x,points_y,celltypes,phenotypes
24.2538,26.1454,Macrophage,0.526333333333292
23.6589,26.3035,Macrophage,0.5176666666666263
26.484,24.8406,Macrophage,0.508833333333294
25.7356,26.1633,Macrophage,0.5174999999999597
24.5399,24.4627,Macrophage,0.51449999999996
23.9357,24.2967,Macrophage,0.4279999999999695
24.1865,23.8478,Macrophage,0.0479999999999997
23.7786,25.7526,Macrophage,0.0318333333333335
