points_x,points_y,celltypes,phenotypes
28.0154,42.0111,Macrophage,0.5560833333332887
25.9852,6.97987,Macrophage,0.5894166666666184
27.9786,41.3554,Macrophage,0.593166666666618
9.1722,24.1353,Macrophage,0.6093333333332829
28.8366,13.7352,Macrophage,0.6277499999999475
14.7248,27.7902,Macrophage,0.572083333333287
7.99865,25.0153,Macrophage,0.6166666666666154
41.5196,26.9468,Macrophage,0.5879166666666186
22.0858,16.3764,Macrophage,0.4919999999999624
26.1844,37.3383,Macrophage,0.6709999999999428
34.6411,29.3442,Macrophage,0.5646666666666211
18.5014,29.9286,Macrophage,0.3248333333333142
32.2067,17.5784,Macrophage,0.6088333333332829
24.314,16.484,Macrophage,0.5891666666666184
34.8449,25.0716,Macrophage,0.3857499999999741
22.8627,34.267,Macrophage,0.4126666666666378
12.5423,23.9706,Macrophage,0.5274999999999586
32.2818,21.1607,Macrophage,0.2107499999999934
28.3574,36.2799,Macrophage,0.1163333333333357
32.7192,26.5866,Macrophage,0.2761666666666529
14.9077,20.8667,Macrophage,0.0313333333333335
16.8544,22.7935,Macrophage,0.1370833333333348
11.4704,19.9034,Macrophage,0.0
14.0248,29.356,Macrophage,0.0
26.2485,9.22468,Macrophage,0.0
49.1099,12.8167,Macrophage,0.0
8.64273,39.2899,Macrophage,0.0
9.3859,19.0541,Macrophage,0.0
42.2569,32.8325,Macrophage,0.0
40.1407,15.9532,Macrophage,0.0
4.80682,44.1652,Macrophage,0.0
25.0579,12.9564,Macrophage,0.0
45.1873,33.9694,Macrophage,0.0
45.6446,13.3454,Macrophage,0.0
31.4753,41.6886,Macrophage,0.0
30.389,11.3295,Macrophage,0.0
6.52194,31.7186,Macrophage,0.0
42.1149,29.4311,Macrophage,0.0
26.8366,2.70405,Macrophage,0.0
8.43588,23.9747,Macrophage,0.0
