points_x,points_y,celltypes,phenotypes
32.0123,9.76784,Macrophage,1.0
40.3243,31.6748,Macrophage,1.0
42.2837,19.9922,Macrophage,1.0
41.8878,22.1219,Macrophage,1.0
41.2446,26.1741,Macrophage,1.0
40.7175,20.0381,Macrophage,1.0
37.981,24.1743,Macrophage,1.0
35.2954,32.2369,Macrophage,1.0
36.5719,19.3687,Macrophage,1.0
28.6204,17.151,Macrophage,1.0
32.3307,27.8266,Macrophage,1.0
36.0632,25.4866,Macrophage,1.0
21.7857,18.9591,Macrophage,1.0
32.6662,22.7851,Macrophage,1.0
30.4934,29.5395,Macrophage,1.0
34.0045,26.1173,Macrophage,1.0
31.7292,18.7417,Macrophage,1.0
28.158,19.2271,Macrophage,1.0
25.0239,20.6194,Macrophage,1.0
28.4271,28.193,Macrophage,1.0
29.0587,21.2744,Macrophage,1.0
26.7854,27.756,Macrophage,0.9452499999999124
26.534,21.5105,Macrophage,0.9457499999999124
29.021,24.2275,Macrophage,0.8604166666665886
30.1498,24.2674,Macrophage,0.8239166666665926
25.578,26.0674,Macrophage,0.7989999999999287
28.212,26.0506,Macrophage,0.7349999999999357
24.5743,23.2973,Macrophage,0.6672499999999432
26.4072,24.4555,Macrophage,0.5864999999999521
24.3995,23.9324,Macrophage,0.4191666666666371
27.3573,23.2092,Macrophage,0.4559999999999664
26.2952,26.0008,Macrophage,0.3880833333333072
27.9919,24.6952,Macrophage,0.3710833333333091
24.6504,25.938,Macrophage,0.2223333333333254
25.0065,23.051,Macrophage,0.2499999999999891
23.2392,24.7263,Macrophage,0.1937499999999953
28.0195,24.1492,Macrophage,0.2013333333333277
28.0205,23.463,Macrophage,0.1397500000000012
27.9908,25.2444,Macrophage,0.0555833333333328
