points_x,points_y,celltypes,phenotypes
19.6695,37.8724,Macrophage,0.7964166666665956
21.3569,38.3164,Macrophage,0.8703333333332541
22.0218,23.9889,Macrophage,0.304999999999983
23.0074,27.9829,Macrophage,0.2502499999999891
25.5034,26.9833,Macrophage,0.2853333333333185
23.8587,22.1864,Macrophage,0.2027499999999943
22.0076,24.5282,Macrophage,0.244833333333323
26.9892,26.2268,Macrophage,0.1555833333333328
26.0205,22.9951,Macrophage,0.0565833333333328
22.9188,23.0662,Macrophage,0.048583333333333
27.0065,26.8578,Macrophage,0.1488333333333335
22.0332,25.8484,Macrophage,0.1605833333333322
25.9977,26.9645,Macrophage,0.1013333333333348
21.9819,25.1101,Macrophage,0.0414999999999999
26.953,24.9567,Macrophage,0.0474166666666664
27.5923,24.9248,Macrophage,0.0785833333333335
26.299,22.3224,Macrophage,0.0471666666666664
24.5671,27.9811,Macrophage,0.0486666666666663
22.6312,26.6522,Macrophage,0.0775833333333335
24.0126,27.9701,Macrophage,0.0214166666666667
23.5234,28.0102,Macrophage,0.0280000000000001
26.9953,24.3001,Macrophage,0.0532499999999996
26.9949,25.6679,Macrophage,0.0270000000000001
24.5499,21.9878,Macrophage,0.0226666666666667
18.5112,30.622,Macrophage,0.0
27.5613,23.2,Macrophage,0.0233333333333334
22.8958,30.5981,Macrophage,0.0028333333333333
18.9304,22.6586,Macrophage,0.0
37.8056,17.8916,Macrophage,0.0
21.1721,4.49946,Macrophage,0.0
