points_x,points_y,celltypes,phenotypes
21.4356,20.5459,Macrophage,0.0248333333333334
20.1165,24.4552,Macrophage,0.008
28.4633,28.011,Macrophage,0.0112499999999999
28.2529,26.8301,Macrophage,0.0
22.5763,22.4169,Macrophage,0.0132499999999999
20.8492,26.7849,Macrophage,0.0098333333333333
26.996,27.7332,Macrophage,0.0065
22.5995,19.4708,Macrophage,0.0039166666666666
26.8874,28.9761,Macrophage,0.00625
24.8711,19.6123,Macrophage,0.0148333333333333
21.771,27.6217,Macrophage,0.0056666666666666
24.8811,22.5623,Macrophage,0.0285000000000001
25.3688,28.6255,Macrophage,0.0108333333333333
19.0116,25.0111,Macrophage,0.0075
23.5028,19.0473,Macrophage,0.00525
25.4727,18.9971,Macrophage,0.0111666666666666
21.9904,24.2332,Macrophage,0.0124999999999999
27.7238,28.2156,Macrophage,0.0026666666666666
19.4602,24.8268,Macrophage,0.0074166666666666
20.291,26.7845,Macrophage,0.0139999999999999
19.4495,25.4401,Macrophage,0.007
21.0843,25.3409,Macrophage,0.0
21.412,27.2528,Macrophage,0.0080833333333333
24.1583,19.0345,Macrophage,0.0
24.6482,19.0042,Macrophage,0.0
19.8033,25.8202,Macrophage,0.0117499999999999
20.7569,27.2036,Macrophage,0.0
22.0097,28.0036,Macrophage,0.0
23.3736,29.0051,Macrophage,0.0123333333333333
29.0458,27.9272,Macrophage,0.0
21.9997,23.7006,Macrophage,0.0
27.1401,28.7742,Macrophage,0.0029166666666666
25.0177,18.9817,Macrophage,0.0
26.3444,28.3947,Macrophage,0.0
20.0659,23.0313,Macrophage,0.0
20.0232,23.8492,Macrophage,0.0
28.0531,27.4391,Macrophage,0.0026666666666666
20.2504,26.2576,Macrophage,0.0
29.9812,27.2844,Macrophage,0.0031666666666666
30.6762,25.9856,Macrophage,0.0
26.2881,19.0475,Macrophage,0.0015833333333333
22.6242,28.6944,Macrophage,0.0068333333333333
26.9352,19.746,Macrophage,0.0
23.3668,18.0716,Macrophage,0.0
31.9337,27.0834,Macrophage,0.0
33.7603,27.243,Macrophage,0.0
16.8806,26.8912,Macrophage,0.0
33.8293,45.2816,Macrophage,0.0
39.5044,29.8265,Macrophage,0.0
