points_x,points_y,celltypes,phenotypes
25.0388,24.961,Macrophage,0.1978333333333281
18.9243,27.2467,Macrophage,0.0118333333333333
31.3698,19.1245,Macrophage,0.0
15.9146,15.9038,Macrophage,0.0
38.3561,33.0852,Macrophage,0.0
24.8325,13.329,Macrophage,0.0
