points_x,points_y,celltypes,phenotypes
11.0243,35.0148,Macrophage,0.8058333333332612
12.232,29.8291,Macrophage,0.8074999999999277
15.8846,31.7702,Macrophage,0.7899166666665963
19.2749,32.0425,Macrophage,0.7991666666665953
15.1253,29.5463,Macrophage,0.7922499999999294
17.3414,29.4012,Macrophage,0.780583333333264
19.4768,29.3325,Macrophage,0.6896666666666074
18.5492,26.6191,Macrophage,0.6679166666666098
20.0285,25.51,Macrophage,0.677749999999942
21.1151,27.9175,Macrophage,0.5983333333332841
22.6236,28.6406,Macrophage,0.6234166666666147
25.4267,26.5658,Macrophage,0.4874166666666296
22.8097,27.0592,Macrophage,0.4025833333333056
23.3704,27.2109,Macrophage,0.4451666666666343
24.6788,27.1295,Macrophage,0.3936666666666399
24.4848,24.52,Macrophage,0.3920833333333068
25.5606,25.7726,Macrophage,0.3743333333333087
22.9414,26.6566,Macrophage,0.3119166666666489
22.4848,26.5079,Macrophage,0.2336666666666575
22.0012,25.2817,Macrophage,0.2199999999999924
24.3571,23.659,Macrophage,0.1160833333333357
25.9891,23.452,Macrophage,0.1155833333333356
23.7806,24.204,Macrophage,0.1633333333333319
25.9723,23.023,Macrophage,0.1262500000000027
21.7586,25.95,Macrophage,0.1546666666666662
22.2017,26.2183,Macrophage,0.0740833333333333
26.7012,25.3362,Macrophage,0.0975833333333346
24.8457,23.1422,Macrophage,0.0555833333333328
26.6829,24.6688,Macrophage,0.0970000000000013
25.062,26.9296,Macrophage,0.0928333333333343
18.2,21.5455,Macrophage,0.0032499999999999
21.1914,26.3874,Macrophage,0.0539166666666662
18.4673,15.7872,Macrophage,0.0
17.5094,30.8585,Macrophage,0.0
22.2531,30.657,Macrophage,0.0119999999999999
13.5497,30.7569,Macrophage,0.0
22.6466,19.9931,Macrophage,0.0112499999999999
16.0186,22.3035,Macrophage,0.0
9.57174,31.8723,Macrophage,0.0
8.66871,23.1898,Macrophage,0.0
