points_x,points_y,celltypes,phenotypes
38.4476,13.5504,Macrophage,0.5582499999999552
37.981,14.0234,Macrophage,0.6883333333332742
37.5931,13.5315,Macrophage,0.7184999999999375
38.3986,14.4138,Macrophage,0.7233333333332703
29.5516,22.0746,Macrophage,0.6245833333332812
33.2182,17.0971,Macrophage,0.7237499999999369
37.301,14.0593,Macrophage,0.8088333333332609
37.315,15.7774,Macrophage,0.6918333333332738
30.8749,18.5163,Macrophage,0.6859166666666078
28.3255,25.4819,Macrophage,0.5459999999999565
26.3906,23.7214,Macrophage,0.4014166666666391
28.3083,17.5594,Macrophage,0.4980833333332951
18.942,27.6518,Macrophage,0.0832500000000005
26.4053,14.0992,Macrophage,0.6855833333332745
34.6466,25.678,Macrophage,0.0
26.2557,20.4995,Macrophage,0.4799999999999638
26.8053,28.7972,Macrophage,0.3852499999999742
22.5813,20.8119,Macrophage,0.1719999999999976
33.0158,35.231,Macrophage,0.0
24.8655,22.5882,Macrophage,0.2981666666666505
33.7714,32.2097,Macrophage,0.0
31.0233,21.8284,Macrophage,0.1854999999999962
24.9434,17.1563,Macrophage,0.0667499999999995
28.9708,32.8908,Macrophage,0.0
20.4866,19.6451,Macrophage,0.0295833333333335
28.1971,35.9948,Macrophage,0.0
31.1854,36.0563,Macrophage,0.0
8.23489,9.59906,Macrophage,0.0
42.2322,28.1442,Macrophage,0.0
16.6276,15.7758,Macrophage,0.0
32.5184,37.6287,Macrophage,0.0
35.2655,42.7778,Macrophage,0.0
17.9778,13.6855,Macrophage,0.0
34.8863,40.5324,Macrophage,0.0
16.2294,11.3917,Macrophage,0.0
42.6042,24.4526,Macrophage,0.0
33.443,6.81463,Macrophage,0.0
39.4513,12.5844,Macrophage,0.0
3.22745,29.635,Macrophage,0.0
25.0756,1.38437,Macrophage,0.0
