points_x,points_y,celltypes,phenotypes
26.9019,19.8399,Macrophage,0.9619166666665774
26.0058,24.2309,Macrophage,0.2934999999999843
24.3513,23.9986,Macrophage,0.4252499999999698
24.494,26.002,Macrophage,0.2537499999999887
30.1413,16.0328,Macrophage,0.0
31.613,13.1459,Macrophage,0.0
20.0195,12.1574,Macrophage,0.0
41.4031,18.7147,Macrophage,0.0
27.0853,9.02737,Macrophage,0.0
8.86177,47.6497,Macrophage,0.0
