points_x,points_y,celltypes,phenotypes
11.5837,24.3985,Macrophage,0.5992499999999507
21.1463,26.0347,Macrophage,0.6348333333332801
24.0853,27.8079,Macrophage,0.2209999999999922
20.4616,30.8375,Macrophage,0.0
26.0489,19.3687,Macrophage,0.01775
19.835,25.1962,Macrophage,0.1160000000000023
34.0495,27.1313,Macrophage,0.0
12.7815,33.399,Macrophage,0.0
10.3312,16.7715,Macrophage,0.0
