points_x,points_y,celltypes,phenotypes
30.001,15.8526,Macrophage,0.5774166666666197
18.0144,13.0412,Macrophage,0.0
12.7136,12.9048,Macrophage,0.0
18.329,10.9077,Macrophage,0.0
45.8377,40.3331,Macrophage,0.0
12.2146,10.0053,Macrophage,0.0
48.2014,43.9902,Macrophage,0.0
19.8408,47.2527,Macrophage,0.0
14.1032,3.62948,Macrophage,0.0
10.8756,47.6439,Macrophage,0.0
