points_x,points_y,celltypes,phenotypes
39.9942,14.3121,Macrophage,0.9725833333332428
41.4507,17.4726,Macrophage,0.9670833333332436
39.9993,15.0201,Macrophage,0.9915833333332408
40.9994,17.0324,Macrophage,0.9860833333332414
43.0717,21.0142,Macrophage,0.9719999999999096
40.9956,16.4038,Macrophage,0.9829999999999084
41.453,22.1867,Macrophage,1.0
42.3844,20.9741,Macrophage,0.9657499999999104
39.8229,16.2945,Macrophage,0.9781666666665756
37.9959,22.5732,Macrophage,0.993416666666574
38.7674,18.1044,Macrophage,0.957166666666578
36.5382,20.3905,Macrophage,0.9732499999999096
34.9577,19.0324,Macrophage,1.0
31.3699,23.0997,Macrophage,0.8382499999999243
30.3533,19.5198,Macrophage,0.8770833333332534
31.274,25.093,Macrophage,0.8432499999999238
25.3638,20.3904,Macrophage,0.7909999999999295
30.9719,21.5034,Macrophage,0.8377499999999244
28.6667,23.5985,Macrophage,0.7544999999999336
22.6023,20.9498,Macrophage,0.750249999999934
30.2607,24.0176,Macrophage,0.6989166666666063
28.9904,25.0437,Macrophage,0.6354999999999467
28.8381,25.5339,Macrophage,0.6704999999999428
23.1757,23.9215,Macrophage,0.6457499999999455
27.2916,26.7249,Macrophage,0.6398333333332795
27.9049,25.343,Macrophage,0.5599166666666217
28.9913,21.9755,Macrophage,0.5824166666666192
28.5509,23.0282,Macrophage,0.5616666666666215
23.4645,22.9196,Macrophage,0.5014999999999614
27.5475,22.0557,Macrophage,0.5534166666666224
26.669,22.5029,Macrophage,0.5187499999999595
29.091,23.2967,Macrophage,0.468749999999965
27.4183,25.5095,Macrophage,0.3772499999999751
25.5383,26.949,Macrophage,0.3919999999999735
22.986,23.542,Macrophage,0.3470833333333117
23.0126,23.0388,Macrophage,0.2390833333333236
28.9785,24.3429,Macrophage,0.283916666666652
23.0299,27.0046,Macrophage,0.2281666666666581
22.9768,25.5086,Macrophage,0.2728333333333199
23.995,26.98,Macrophage,0.2499166666666557
24.691,22.5075,Macrophage,0.1968333333333282
24.6479,26.9917,Macrophage,0.1732499999999975
22.9938,24.8776,Macrophage,0.1237500000000028
26.1521,22.0872,Macrophage,0.1521666666666665
24.0835,22.2649,Macrophage,0.1376666666666681
27.9862,23.0186,Macrophage,0.0978333333333346
23.2788,24.4021,Macrophage,0.1005833333333348
29.0122,23.9283,Macrophage,0.1055833333333351
21.8563,24.7005,Macrophage,0.0311666666666668
16.2576,19.3097,Macrophage,0.0
32.2053,19.9047,Macrophage,0.0251666666666667
36.1106,17.9848,Macrophage,0.0
5.05113,24.9094,Macrophage,0.0
44.2504,5.33249,Macrophage,0.0
