points_x,points_y,celltypes,phenotypes
5.99782,29.7347,Macrophage,0.6784999999999419
6.01885,29.0233,Macrophage,0.6923333333332737
5.98574,28.4707,Macrophage,0.7764166666665978
39.2337,15.8957,Macrophage,0.6323333333332803
20.8407,34.0613,Macrophage,0.489583333333296
39.0029,14.9904,Macrophage,0.7914166666665962
14.2084,24.7244,Macrophage,0.8202499999999263
9.56918,28.9772,Macrophage,0.6840833333332746
11.9157,24.29,Macrophage,0.7420833333332683
8.75843,27.262,Macrophage,0.5920833333332848
36.7278,18.8816,Macrophage,0.5345833333332911
17.291,22.1807,Macrophage,0.6924166666666071
25.4832,23.395,Macrophage,0.2714999999999867
26.957,25.3365,Macrophage,0.1190000000000025
29.7001,18.2006,Macrophage,0.5591666666666217
14.7341,27.5751,Macrophage,0.4888333333332961
15.0249,21.1644,Macrophage,0.6293333333332807
28.6047,21.297,Macrophage,0.5539999999999556
23.1275,25.9693,Macrophage,0.2831666666666521
22.184,23.1862,Macrophage,0.5045833333332944
24.7322,27.6505,Macrophage,0.1716666666666643
21.1707,21.8434,Macrophage,0.147166666666667
21.2787,24.917,Macrophage,0.462333333333299
21.4234,26.4467,Macrophage,0.3974166666666395
28.2421,24.1469,Macrophage,0.3492499999999782
29.5322,23.456,Macrophage,0.1890833333333291
27.299,29.7059,Macrophage,0.00075
39.4804,33.5358,Macrophage,0.0
26.7318,19.8945,Macrophage,0.0551666666666662
16.1594,23.2585,Macrophage,0.4243333333333032
17.9657,25.9693,Macrophage,0.3004999999999835
25.8851,26.3689,Macrophage,0.1342500000000018
26.9032,18.0367,Macrophage,0.0
31.2006,22.1341,Macrophage,0.0
24.4948,20.2421,Macrophage,0.0664166666666662
28.3984,25.7205,Macrophage,0.0533333333333329
16.753,24.7106,Macrophage,0.2227499999999921
25.1127,14.3868,Macrophage,0.0
29.1133,28.4535,Macrophage,0.0
28.738,31.8324,Macrophage,0.0
31.9667,33.8325,Macrophage,0.0
15.9271,25.8344,Macrophage,0.0864166666666673
29.8871,21.3962,Macrophage,0.0450833333333331
36.7585,25.0721,Macrophage,0.0
32.4509,19.6885,Macrophage,0.0
35.0883,32.0206,Macrophage,0.0
12.4563,27.1529,Macrophage,0.0
40.7436,15.9952,Macrophage,0.0
27.2699,40.9547,Macrophage,0.0
21.1892,41.8676,Macrophage,0.0
40.2087,20.0107,Macrophage,0.0
14.8736,32.56,Macrophage,0.0
34.076,37.7333,Macrophage,0.0
42.0614,29.1171,Macrophage,0.0
20.0669,44.1479,Macrophage,0.0
36.4125,39.0142,Macrophage,0.0
45.6786,12.3745,Macrophage,0.0
8.20094,22.4759,Macrophage,0.0
10.7322,38.3395,Macrophage,0.0
