points_x,points_y,celltypes,phenotypes
30.721,37.3766,Macrophage,0.0
14.8526,12.617,Macrophage,0.0
30.0983,13.4308,Macrophage,0.0
32.9266,5.13205,Macrophage,0.0
9.31453,23.805,Macrophage,0.0
10.6322,10.1059,Macrophage,0.0
37.2525,38.871,Macrophage,0.0
13.5527,20.6711,Macrophage,0.0
17.3772,21.2702,Macrophage,0.3699166666666426
16.1983,23.9961,Macrophage,0.2525833333333221
11.0558,35.142,Macrophage,0.0
25.4229,40.8433,Macrophage,0.0
23.101,36.544,Macrophage,0.0
31.6791,39.5351,Macrophage,0.0
16.2271,22.3001,Macrophage,0.0840833333333339
16.3656,40.7188,Macrophage,0.0
6.84774,44.2447,Macrophage,0.0
27.3461,42.0374,Macrophage,0.0
14.7545,21.9977,Macrophage,0.0
16.2892,3.69301,Macrophage,0.0
38.8204,7.07532,Macrophage,0.0
26.8279,45.4326,Macrophage,0.0
13.4854,8.63314,Macrophage,0.0
14.0638,10.9924,Macrophage,0.0
24.8515,44.3198,Macrophage,0.0
34.0958,37.8967,Macrophage,0.0
26.4563,43.9293,Macrophage,0.0
14.2988,46.5036,Macrophage,0.0
3.24992,45.275,Macrophage,0.0
47.3627,49.1237,Macrophage,0.0
11.6843,8.80731,Macrophage,0.0
