points_x,points_y,celltypes,phenotypes
25.7634,22.8831,Macrophage,0.5487499999999562
24.4385,23.5991,Macrophage,0.5084999999999607
24.8773,26.0036,Macrophage,0.3019999999999834
25.0164,24.3547,Macrophage,0.2851666666666519
23.2903,25.0811,Macrophage,0.289833333333318
25.755,25.9956,Macrophage,0.2758333333333196
24.2989,26.0161,Macrophage,0.0998333333333347
