points_x,points_y,celltypes,phenotypes
24.3066,24.6384,Macrophage,0.2924166666666511
37.0325,13.0621,Macrophage,0.0
12.6032,27.3501,Macrophage,0.0
41.2687,32.5788,Macrophage,0.0
5.87268,34.3674,Macrophage,0.0
7.27982,46.0674,Macrophage,0.0
7.96756,28.9893,Macrophage,0.0
6.31392,29.2085,Macrophage,0.0
14.0453,2.69522,Macrophage,0.0
40.2633,36.1568,Macrophage,0.0
