points_x,points_y,celltypes,phenotypes
28.9769,5.99547,Macrophage,0.7250833333332701
31.0075,4.30011,Macrophage,0.7838333333332637
7.9934,26.0315,Macrophage,0.8124166666665938
24.204,6.94228,Macrophage,0.7707499999999318
42.991,21.6612,Macrophage,0.78674999999993
23.0249,24.9859,Macrophage,0.4235833333333033
25.463,25.053,Macrophage,0.3679166666666428
23.9914,24.1618,Macrophage,0.3343333333333131
26.0326,24.999,Macrophage,0.1609999999999989
17.056,29.6959,Macrophage,0.0
15.3884,32.4741,Macrophage,0.0
8.95347,12.5553,Macrophage,0.0
