points_x,points_y,celltypes,phenotypes
14.0106,10.9468,Macrophage,0.8633333333332549
14.004,11.579,Macrophage,0.8681666666665877
14.6677,11.0093,Macrophage,0.81733333333326
14.915,14.3387,Macrophage,0.834833333333258
15.6249,11.6599,Macrophage,0.8387499999999243
16.2427,16.3268,Macrophage,0.8478333333332566
19.3626,19.8211,Macrophage,0.7545833333332669
19.1238,18.2513,Macrophage,0.7396666666666019
20.8703,19.7362,Macrophage,0.6654999999999434
22.0827,20.813,Macrophage,0.6154999999999489
27.7162,24.2139,Macrophage,0.5067499999999608
20.3465,21.1161,Macrophage,0.5408333333332904
24.2377,22.2193,Macrophage,0.4940833333332955
21.5379,22.7118,Macrophage,0.4724166666666313
20.5026,21.7033,Macrophage,0.4598333333332993
21.0088,24.7171,Macrophage,0.4286666666666361
26.9998,22.9644,Macrophage,0.4129999999999711
22.3171,23.4395,Macrophage,0.4231666666666367
21.4256,22.0329,Macrophage,0.3982499999999728
23.7765,24.5808,Macrophage,0.3633333333333099
23.3558,22.0012,Macrophage,0.3576666666666439
22.2311,25.2768,Macrophage,0.3310833333333135
22.6325,26.4993,Macrophage,0.2975833333333172
21.4898,22.4197,Macrophage,0.3239999999999809
26.3828,25.5642,Macrophage,0.3090833333333159
22.5233,24.057,Macrophage,0.30216666666665
25.4599,24.4119,Macrophage,0.2574999999999883
22.0185,26.0283,Macrophage,0.2387499999999903
26.9459,24.1447,Macrophage,0.2228333333333254
26.7737,23.4406,Macrophage,0.2014166666666611
26.4623,22.9754,Macrophage,0.1974999999999948
23.3329,24.3512,Macrophage,0.2029999999999942
25.7798,25.2885,Macrophage,0.1085000000000019
23.5017,26.5005,Macrophage,0.1005000000000014
24.9445,22.9374,Macrophage,0.0807500000000003
23.0323,27.0084,Macrophage,0.0910833333333343
25.244,25.1599,Macrophage,0.0844166666666672
19.8193,30.7617,Macrophage,0.0
26.9085,24.6473,Macrophage,0.0295833333333335
29.742,31.2266,Macrophage,0.0
18.6166,32.5654,Macrophage,0.0
19.7144,40.4489,Macrophage,0.0
10.2318,45.8205,Macrophage,0.0
31.5857,6.73955,Macrophage,0.0
32.6848,8.97258,Macrophage,0.0
10.4319,19.2959,Macrophage,0.0
