points_x,points_y,celltypes,phenotypes
24.2734,27.6121,Macrophage,0.5364999999999576
25.8106,25.756,Macrophage,0.4717499999999647
23.3875,25.2927,Macrophage,0.3279166666666472
24.4125,24.3875,Macrophage,0.3732499999999755
18.8831,27.2581,Macrophage,0.0223333333333334
17.7835,21.3594,Macrophage,0.0
20.2126,33.3937,Macrophage,0.0
34.2766,39.0766,Macrophage,0.0
39.4703,13.5318,Macrophage,0.0
19.7372,39.3683,Macrophage,0.0
