points_x,points_y,celltypes,phenotypes
38.527,38.6812,Macrophage,0.0
44.446,9.69689,Macrophage,0.0
43.0692,17.0396,Macrophage,0.0
9.42011,17.0278,Macrophage,0.0
20.34,44.4975,Macrophage,0.0
28.5574,2.14317,Macrophage,0.0
7.30347,32.0101,Macrophage,0.0
45.9608,7.96865,Macrophage,0.0
28.7003,46.6176,Macrophage,0.0
11.0297,8.36562,Macrophage,0.0
8.83644,34.5177,Macrophage,0.0
6.63212,46.248,Macrophage,0.0
11.2587,10.2348,Macrophage,0.0
46.5642,29.836,Macrophage,0.0
16.1856,47.7984,Macrophage,0.0
7.15102,29.4812,Macrophage,0.0
7.13972,31.1644,Macrophage,0.0
8.7693,29.3337,Macrophage,0.0
8.95224,32.7647,Macrophage,0.0
6.21539,30.8727,Macrophage,0.0
30.0833,47.5683,Macrophage,0.0
8.59977,30.3225,Macrophage,0.0
1.6406,41.6945,Macrophage,0.0
5.59073,9.71684,Macrophage,0.0
3.968,36.0365,Macrophage,0.0
6.97695,8.97233,Macrophage,0.0
46.0337,9.57774,Macrophage,0.0
42.3128,25.0082,Macrophage,0.0
19.211,45.4348,Macrophage,0.0
41.873,37.2351,Macrophage,0.0
1.47425,43.2091,Macrophage,0.0
11.248,9.32511,Macrophage,0.0
38.0724,37.1085,Macrophage,0.0
2.96583,42.7602,Macrophage,0.0
7.33472,33.6368,Macrophage,0.0
47.2871,1.57454,Macrophage,0.0
8.17095,33.1684,Macrophage,0.0
4.53347,8.57856,Macrophage,0.0
48.5255,2.3416,Macrophage,0.0
2.3461,22.3325,Macrophage,0.0
33.3523,47.6865,Macrophage,0.0
45.6028,29.8274,Macrophage,0.0
41.5428,24.5888,Macrophage,0.0
46.9941,40.8446,Macrophage,0.0
