points_x,points_y,celltypes,phenotypes
30.0105,7.96441,Macrophage,0.508083333333294
23.8993,24.1764,Macrophage,0.1409166666666677
24.8823,25.047,Macrophage,0.1450833333333339
30.2389,15.6299,Macrophage,0.4729166666666312
23.9864,25.9882,Macrophage,0.2018333333333277
24.9175,24.4868,Macrophage,0.081166666666667
25.3259,24.604,Macrophage,0.0754166666666667
26.3264,25.278,Macrophage,0.0573333333333328
25.7882,23.2034,Macrophage,0.069333333333333
19.9489,18.0321,Macrophage,0.0
20.5192,9.01013,Macrophage,0.0
15.8631,15.8106,Macrophage,0.0
13.9123,6.95447,Macrophage,0.0
24.9798,6.81849,Macrophage,0.0
26.2024,4.66278,Macrophage,0.0
