points_x,points_y,celltypes,phenotypes
10.8775,8.97023,Macrophage,0.8049166666665947
11.3473,9.50751,Macrophage,0.9126666666665828
42.0272,19.9808,Macrophage,0.8420833333332572
41.9999,36.0,Macrophage,0.8461666666665901
12.4893,10.0422,Macrophage,0.9036666666665838
11.4374,8.99707,Macrophage,0.8795833333332531
12.9851,9.35061,Macrophage,0.9437499999999128
13.0083,10.0011,Macrophage,0.8968333333332512
14.9893,5.03427,Macrophage,0.9158333333332492
12.9958,10.6232,Macrophage,0.9396666666665798
13.1973,6.76041,Macrophage,0.8748333333332536
19.0127,8.99161,Macrophage,0.9215833333332484
41.6613,20.3197,Macrophage,0.8539999999999226
48.9913,25.0192,Macrophage,0.8668333333332545
13.6433,10.0009,Macrophage,0.9404999999999132
11.9624,8.99428,Macrophage,0.9984166666665734
12.4219,9.01938,Macrophage,1.0
41.0517,20.0045,Macrophage,0.8473333333332567
38.5384,28.6694,Macrophage,0.8743333333332537
17.3771,14.7729,Macrophage,0.8622499999999217
16.0963,13.7423,Macrophage,0.8491666666665898
36.9406,23.4612,Macrophage,0.8619999999999217
17.1928,17.5314,Macrophage,0.838166666666591
18.801,27.9685,Macrophage,0.7921666666665961
31.3787,24.0512,Macrophage,0.7830833333332637
19.7294,17.4794,Macrophage,0.7868333333332633
30.543,25.8521,Macrophage,0.7539999999999336
20.7391,19.5306,Macrophage,0.7673333333332655
26.3174,21.1063,Macrophage,0.6010833333332838
22.6172,21.59,Macrophage,0.5373333333332908
24.7792,22.0726,Macrophage,0.4657499999999653
22.1404,21.5734,Macrophage,0.4578333333332995
25.7401,26.9944,Macrophage,0.4020833333333057
27.9634,24.551,Macrophage,0.3943333333333065
23.2235,23.189,Macrophage,0.2881666666666516
26.9189,23.2334,Macrophage,0.2923333333333178
22.6395,22.759,Macrophage,0.2919166666666511
24.1505,22.0204,Macrophage,0.2814166666666523
27.3617,26.6938,Macrophage,0.2609999999999879
26.3323,22.3719,Macrophage,0.2735833333333198
23.0317,22.5017,Macrophage,0.284166666666652
22.2794,22.2514,Macrophage,0.2253333333333251
24.2019,26.1827,Macrophage,0.2349166666666574
28.9426,24.1847,Macrophage,0.226083333333325
22.4972,23.3551,Macrophage,0.2367499999999905
23.0501,24.9896,Macrophage,0.1793333333333302
22.2524,24.6512,Macrophage,0.1532499999999997
18.2638,24.4936,Macrophage,0.0209166666666667
19.5849,19.5368,Macrophage,0.0365833333333333
32.8449,33.4628,Macrophage,0.0
16.766,31.1826,Macrophage,0.0
31.993,39.0115,Macrophage,0.0
38.7815,41.8949,Macrophage,0.0
43.8761,25.0011,Macrophage,0.0
