points_x,points_y,celltypes,phenotypes
22.1951,21.3919,Macrophage,0.5184166666666262
30.5696,28.2942,Macrophage,0.2923333333333178
30.6917,21.2668,Macrophage,0.0078333333333333
22.9574,24.4356,Macrophage,0.4894166666666294
22.0979,31.6652,Macrophage,0.0378333333333333
31.8247,12.5197,Macrophage,0.0
38.1264,11.8163,Macrophage,0.0
31.7954,28.2196,Macrophage,0.0
36.3735,28.4598,Macrophage,0.0
15.4241,18.1885,Macrophage,0.0
27.9312,37.6915,Macrophage,0.0
43.3782,33.4564,Macrophage,0.0
11.1768,15.3634,Macrophage,0.0
22.8871,46.6483,Macrophage,0.0
29.2857,46.3752,Macrophage,0.0
