points_x,points_y,celltypes,phenotypes
32.2084,38.119,Macrophage,0.0
14.1684,11.5478,Macrophage,0.0
28.6741,16.1577,Macrophage,0.265916666666654
28.8438,11.8257,Macrophage,0.0
19.9139,37.7769,Macrophage,0.0
31.7273,30.3253,Macrophage,0.4994166666666283
21.4572,16.0616,Macrophage,0.0635833333333327
12.126,37.9276,Macrophage,0.0
14.4385,37.4623,Macrophage,0.0
27.2498,13.7577,Macrophage,0.0
21.0879,5.02191,Macrophage,0.0
31.4008,14.617,Macrophage,0.0
33.2066,30.7293,Macrophage,0.2394166666666569
31.9735,31.9389,Macrophage,0.0154166666666666
25.0609,34.1778,Macrophage,0.01825
39.28,40.8315,Macrophage,0.0
43.164,45.7138,Macrophage,0.0
39.4843,32.1993,Macrophage,0.0
8.12009,42.8014,Macrophage,0.0
8.95607,39.6501,Macrophage,0.0
32.8549,13.1094,Macrophage,0.0
9.8143,9.80733,Macrophage,0.0
37.8861,38.0305,Macrophage,0.0
18.7299,1.87081,Macrophage,0.0
26.7473,37.0414,Macrophage,0.0
7.07515,22.9917,Macrophage,0.0
22.9387,33.784,Macrophage,0.086083333333334
12.0269,21.2195,Macrophage,0.0
44.2146,23.6919,Macrophage,0.0
35.6274,11.5841,Macrophage,0.0
41.2237,33.8778,Macrophage,0.0
34.0805,44.1626,Macrophage,0.0
26.6559,35.3996,Macrophage,0.0
15.6216,12.8928,Macrophage,0.0
20.2537,14.6635,Macrophage,0.0
22.4432,37.4489,Macrophage,0.0
20.4334,12.6775,Macrophage,0.0
43.3387,34.5682,Macrophage,0.0
31.9708,5.28653,Macrophage,0.0
17.1105,5.61723,Macrophage,0.0
13.1481,9.53147,Macrophage,0.0
27.0438,41.433,Macrophage,0.0
32.8595,3.22761,Macrophage,0.0
8.78453,6.84359,Macrophage,0.0
17.6302,40.2954,Macrophage,0.0
45.1861,48.1298,Macrophage,0.0
5.08507,43.5248,Macrophage,0.0
15.831,43.9052,Macrophage,0.0
27.0325,39.5892,Macrophage,0.0
35.041,8.77861,Macrophage,0.0
37.6232,8.14023,Macrophage,0.0
6.57343,18.6368,Macrophage,0.0
28.6664,8.05083,Macrophage,0.0
29.9427,6.01599,Macrophage,0.0
11.7863,34.6594,Macrophage,0.0
10.2058,35.1259,Macrophage,0.0
16.295,1.74923,Macrophage,0.0
9.74194,5.60704,Macrophage,0.0
9.67439,20.0318,Macrophage,0.0
5.98076,46.5099,Macrophage,0.0
11.8122,8.42961,Macrophage,0.0
6.68473,5.8216,Macrophage,0.0
4.48895,23.0167,Macrophage,0.0
14.7159,45.0328,Macrophage,0.0
