points_x,points_y,celltypes,phenotypes
11.4533,48.2591,Macrophage,0.0
7.88731,13.1886,Macrophage,0.0
28.6977,1.60381,Macrophage,0.0
10.8993,36.4863,Macrophage,0.0
3.21265,6.34858,Macrophage,0.0
9.32677,36.6934,Macrophage,0.0
15.6325,40.6191,Macrophage,0.0
10.6735,11.4872,Macrophage,0.0
13.9547,11.5128,Macrophage,0.0
10.44,9.90363,Macrophage,0.0
31.0534,46.7909,Macrophage,0.0
29.0527,48.2961,Macrophage,0.0
45.9746,46.0695,Macrophage,0.0
