points_x,points_y,celltypes,phenotypes
17.22,25.6315,Macrophage,0.835083333333258
23.9749,26.0286,Macrophage,0.5576666666666219
22.8158,25.0429,Macrophage,0.5416666666666237
23.9933,24.2252,Macrophage,0.2878333333333183
25.0338,24.2626,Macrophage,0.263333333333321
