points_x,points_y,celltypes,phenotypes
13.6629,11.6403,Macrophage,1.0
14.0094,11.4944,Macrophage,1.0
12.1145,11.8558,Macrophage,1.0
13.2662,11.4528,Macrophage,1.0
13.063,11.0574,Macrophage,1.0
13.5833,12.3434,Macrophage,1.0
13.5125,12.0,Macrophage,1.0
14.4503,10.338,Macrophage,1.0
14.369,11.578,Macrophage,1.0
14.7319,11.2958,Macrophage,1.0
13.4408,10.6041,Macrophage,1.0
13.2602,12.6983,Macrophage,1.0
14.835,12.2802,Macrophage,1.0
13.6886,12.8184,Macrophage,1.0
15.7775,11.9838,Macrophage,0.9680833333332434
14.7731,12.7743,Macrophage,1.0
13.7604,13.855,Macrophage,0.9249999999999148
15.6559,14.5179,Macrophage,0.8724166666665872
16.8056,16.8098,Macrophage,0.826333333333259
18.3994,19.1705,Macrophage,0.744583333333268
20.0498,17.2629,Macrophage,0.7645833333332658
18.7763,15.4054,Macrophage,0.799333333333262
20.5421,20.7344,Macrophage,0.6711666666666094
20.6181,24.7478,Macrophage,0.6430833333332792
19.3512,21.5374,Macrophage,0.717333333333271
24.7074,20.7001,Macrophage,0.6383333333332797
21.9784,21.1129,Macrophage,0.6313333333332805
21.6751,19.6443,Macrophage,0.6524999999999448
22.0048,26.2786,Macrophage,0.5937499999999513
25.0709,26.9626,Macrophage,0.5110833333332937
23.8866,22.6547,Macrophage,0.3843333333333076
26.4573,22.4685,Macrophage,0.4250833333333031
21.5284,23.5068,Macrophage,0.4248333333333032
23.4753,21.2267,Macrophage,0.4189166666666372
23.651,25.3433,Macrophage,0.3821666666666412
22.164,23.6069,Macrophage,0.3828333333333078
25.9894,21.9823,Macrophage,0.3726666666666423
23.4695,26.0701,Macrophage,0.3234166666666477
25.3955,22.4526,Macrophage,0.2379166666666571
23.9874,26.9924,Macrophage,0.263333333333321
25.5635,21.8598,Macrophage,0.3141666666666487
27.0111,24.6377,Macrophage,0.1703333333333312
24.1286,21.8768,Macrophage,0.1916666666666621
26.024,25.4706,Macrophage,0.1513333333333333
26.994,23.3989,Macrophage,0.1804999999999967
21.9928,24.1634,Macrophage,0.1676666666666648
26.0008,25.9997,Macrophage,0.0802500000000003
21.9542,21.9828,Macrophage,0.1569999999999993
23.7943,23.1437,Macrophage,0.0892500000000008
21.9983,24.6676,Macrophage,0.0961666666666679
27.8298,19.9576,Macrophage,0.0130833333333333
20.1044,19.5667,Macrophage,0.0931666666666677
18.8481,18.1586,Macrophage,0.0689999999999997
37.4734,13.6772,Macrophage,0.0
14.3882,8.71421,Macrophage,0.0
14.4438,7.65953,Macrophage,0.0
21.9569,8.29841,Macrophage,0.0
