points_x,points_y,celltypes,phenotypes
9.99111,17.0137,Macrophage,0.8884999999999188
27.9953,7.98959,Macrophage,0.8737499999999204
27.3,16.2681,Macrophage,0.8394166666665909
25.6533,22.2631,Macrophage,0.6365833333332799
25.7374,24.2548,Macrophage,0.4409166666666347
26.3142,24.3588,Macrophage,0.4749999999999643
22.9668,24.995,Macrophage,0.3259999999999807
24.0103,23.9198,Macrophage,0.3022499999999833
25.8486,25.832,Macrophage,0.220666666666659
25.256,25.7077,Macrophage,0.174416666666664
24.0044,23.4035,Macrophage,0.1893333333333291
23.7471,25.1497,Macrophage,0.1243333333333361
