points_x,points_y,celltypes,phenotypes
8.95591,16.9707,Macrophage,0.8055833333332613
9.98147,16.386,Macrophage,0.8090833333332609
9.42982,16.9971,Macrophage,0.8472499999999233
10.6553,16.9716,Macrophage,0.8494166666665898
41.0395,32.0427,Macrophage,0.7833333333332637
41.025,31.3722,Macrophage,0.8216666666665928
7.92703,28.0612,Macrophage,0.8464999999999234
40.369,32.0003,Macrophage,0.871333333333254
9.98147,16.997,Macrophage,0.874666666666587
8.39537,27.5815,Macrophage,0.8396666666665908
9.98255,17.5738,Macrophage,0.9185833333332488
30.9944,41.6374,Macrophage,0.808083333333261
11.5449,19.444,Macrophage,0.8969166666665845
36.4013,32.0173,Macrophage,0.8602499999999219
13.4124,22.3623,Macrophage,0.8404166666665908
19.192,24.6736,Macrophage,0.6489999999999452
20.8177,26.6699,Macrophage,0.6725833333332759
27.6928,25.4245,Macrophage,0.5359166666666243
22.6963,24.1348,Macrophage,0.4171666666666374
24.9285,26.962,Macrophage,0.4754999999999643
26.6608,28.2157,Macrophage,0.5131666666666268
25.8535,25.5404,Macrophage,0.4163333333333041
23.3286,25.9823,Macrophage,0.3681666666666428
22.1353,23.7314,Macrophage,0.2877499999999849
23.6842,23.9475,Macrophage,0.3863333333333074
22.8087,25.99,Macrophage,0.3282499999999805
24.9524,25.4667,Macrophage,0.2009166666666611
21.9713,25.0348,Macrophage,0.2409166666666567
23.128,24.4568,Macrophage,0.1878333333333292
26.51,24.5086,Macrophage,0.1534999999999997
20.9042,24.064,Macrophage,0.1406666666666678
26.3052,26.5447,Macrophage,0.1432500000000008
25.1977,24.002,Macrophage,0.1170833333333357
24.0174,21.9785,Macrophage,0.0682499999999996
27.0801,26.5238,Macrophage,0.1174166666666691
38.0008,39.7523,Macrophage,0.0
15.8734,31.2538,Macrophage,0.0
28.7592,29.7418,Macrophage,0.0430833333333332
