points_x,points_y,celltypes,phenotypes
26.9933,6.99097,Macrophage,0.8536666666665893
25.6655,16.9115,Macrophage,0.7973333333332622
27.3851,23.1756,Macrophage,0.6499999999999451
25.0788,23.2988,Macrophage,0.4913333333332959
23.9687,23.1786,Macrophage,0.401916666666639
23.9284,24.9943,Macrophage,0.2956666666666507
23.9834,24.5163,Macrophage,0.3279166666666472
25.1052,24.9981,Macrophage,0.1004166666666681
20.3125,29.7178,Macrophage,0.0185833333333333
44.7329,37.2479,Macrophage,0.0
