points_x,points_y,celltypes,phenotypes
24.7971,25.72,Macrophage,0.5167499999999597
25.1099,24.2111,Macrophage,0.2556666666666551
30.2889,21.7398,Macrophage,0.0
34.4573,24.9972,Macrophage,0.0
11.9697,35.8866,Macrophage,0.0
21.088,28.9828,Macrophage,0.0
24.4849,27.0007,Macrophage,0.1376666666666681
20.5749,16.9479,Macrophage,0.0
38.1719,34.2772,Macrophage,0.0
34.9115,40.561,Macrophage,0.0
22.8668,33.8359,Macrophage,0.0
15.0087,39.4406,Macrophage,0.0
39.3685,26.585,Macrophage,0.0
12.427,19.9339,Macrophage,0.0
11.7537,23.0531,Macrophage,0.0
37.3338,23.6813,Macrophage,0.0
15.8404,37.2418,Macrophage,0.0
15.0409,14.8671,Macrophage,0.0
12.4918,31.593,Macrophage,0.0
15.8009,30.7373,Macrophage,0.0
14.4419,26.7507,Macrophage,0.0
33.9118,7.10392,Macrophage,0.0
5.33805,45.7961,Macrophage,0.0
44.9496,13.1894,Macrophage,0.0
38.8419,24.2405,Macrophage,0.0
37.5241,42.305,Macrophage,0.0
20.4261,38.9848,Macrophage,0.0
47.2234,18.9538,Macrophage,0.0
28.1342,7.56601,Macrophage,0.0
48.9941,12.2288,Macrophage,0.0
20.2787,5.64253,Macrophage,0.0
37.5733,18.4765,Macrophage,0.0
13.3459,42.2555,Macrophage,0.0
45.1079,25.0353,Macrophage,0.0
38.4616,44.6314,Macrophage,0.0
49.2352,10.4484,Macrophage,0.0
40.4476,22.3507,Macrophage,0.0
21.8961,41.1882,Macrophage,0.0
9.79811,27.6621,Macrophage,0.0
9.30242,37.1651,Macrophage,0.0
28.6218,4.56701,Macrophage,0.0
27.4097,5.95543,Macrophage,0.0
41.5243,25.3836,Macrophage,0.0
43.9118,6.9313,Macrophage,0.0
46.2975,27.8546,Macrophage,0.0
7.97715,38.246,Macrophage,0.0
33.9162,39.136,Macrophage,0.0
35.5345,6.48816,Macrophage,0.0
