points_x,points_y,celltypes,phenotypes
37.4167,36.9756,Macrophage,0.741249999999935
14.589,38.6112,Macrophage,0.7364166666666022
14.9855,39.0353,Macrophage,0.7514999999999339
15.4688,38.6886,Macrophage,0.7984166666665954
16.5401,39.8153,Macrophage,0.765416666666599
18.9954,39.6216,Macrophage,0.8054166666665946
29.7093,29.8408,Macrophage,0.7784999999999309
23.1402,29.7214,Macrophage,0.7210833333332706
24.1991,27.4793,Macrophage,0.5282499999999585
25.6082,25.562,Macrophage,0.4731666666666312
23.9309,24.0521,Macrophage,0.4319999999999691
25.9277,26.057,Macrophage,0.3899999999999737
24.9565,23.0203,Macrophage,0.3365833333333129
25.2378,26.1526,Macrophage,0.2580833333333215
23.2263,24.7712,Macrophage,0.2598333333333213
24.556,25.5732,Macrophage,0.1769166666666638
25.3861,24.0291,Macrophage,0.0850833333333339
26.1324,23.4672,Macrophage,0.0629999999999993
36.9025,19.9611,Macrophage,0.0
16.4905,38.0101,Macrophage,0.0
37.91,10.3644,Macrophage,0.0
12.3623,7.78333,Macrophage,0.0
