points_x,points_y,celltypes,phenotypes
7.67042,21.0119,Macrophage,0.7283333333332698
8.3434,20.9999,Macrophage,0.7958333333332623
13.2407,21.8646,Macrophage,0.7812499999999306
18.9542,22.7233,Macrophage,0.6526666666666114
22.341,22.826,Macrophage,0.5676666666666208
21.5398,22.5833,Macrophage,0.5529999999999557
20.8453,25.0672,Macrophage,0.5397499999999572
23.7502,24.0658,Macrophage,0.4600833333332993
25.0464,25.5105,Macrophage,0.4244999999999699
23.8396,26.0684,Macrophage,0.4224166666666368
23.0912,25.0081,Macrophage,0.3387499999999793
25.6696,24.2694,Macrophage,0.3046666666666497
24.9465,24.994,Macrophage,0.2457499999999895
25.3344,26.1361,Macrophage,0.0534166666666662
32.278,26.9021,Macrophage,0.0043333333333333
22.1577,24.1953,Macrophage,0.0795833333333336
19.6728,10.8383,Macrophage,0.0
34.1012,35.0304,Macrophage,0.0
40.9558,15.7928,Macrophage,0.0
38.9004,33.0944,Macrophage,0.0
8.99766,22.0592,Macrophage,0.0
