points_x,points_y,celltypes,phenotypes
42.0059,29.9911,Macrophage,0.9024999999999171
25.4953,25.0199,Macrophage,0.268749999999987
24.4754,24.4417,Macrophage,0.2314999999999911
28.4339,26.7862,Macrophage,0.0294166666666668
33.5653,24.115,Macrophage,0.001
28.963,17.2987,Macrophage,0.0
