points_x,points_y,celltypes,phenotypes
34.9326,11.0266,Macrophage,0.0
2.61302,18.9134,Macrophage,0.0
40.5504,32.5865,Macrophage,0.0
1.68401,32.4576,Macrophage,0.0
4.05146,19.7411,Macrophage,0.0
40.6152,40.3774,Macrophage,0.0
32.7081,49.2053,Macrophage,0.0
24.8713,7.66254,Macrophage,0.0
5.31066,44.4044,Macrophage,0.0
41.3684,48.3519,Macrophage,0.0
6.52673,24.775,Macrophage,0.0
