points_x,points_y,celltypes,phenotypes
33.6666,40.3142,Macrophage,0.6935833333332736
33.0047,40.1575,Macrophage,0.7126666666666048
31.0094,42.3883,Macrophage,0.7744999999999314
32.4209,41.6134,Macrophage,0.7205833333332706
33.4451,41.4617,Macrophage,0.7693333333332653
32.6567,40.6679,Macrophage,0.7580833333332665
30.9858,41.9559,Macrophage,0.8046666666665947
33.5268,40.8774,Macrophage,0.7979999999999288
33.041,40.9768,Macrophage,0.8302499999999252
32.2303,40.2396,Macrophage,0.7689166666665986
32.7351,41.2839,Macrophage,0.7857499999999301
30.991,41.409,Macrophage,0.8428333333332572
30.9438,39.9121,Macrophage,0.7917499999999295
29.6448,36.8841,Macrophage,0.7827499999999304
25.2016,34.5788,Macrophage,0.7685833333332653
26.7433,32.2092,Macrophage,0.7010833333332728
24.9734,28.9038,Macrophage,0.5669166666666209
26.59,28.705,Macrophage,0.5561666666666221
26.798,27.0156,Macrophage,0.4739166666666311
24.097,27.9742,Macrophage,0.4047499999999721
22.4859,24.2103,Macrophage,0.4099999999999715
22.9247,27.6309,Macrophage,0.4177499999999706
23.0755,27.0744,Macrophage,0.3124999999999822
23.7524,27.9061,Macrophage,0.2556666666666551
22.7451,26.786,Macrophage,0.3136666666666488
22.0023,25.9786,Macrophage,0.2449166666666563
23.5732,23.9894,Macrophage,0.253833333333322
22.6477,26.2428,Macrophage,0.2424166666666566
23.8887,26.3208,Macrophage,0.2065833333333272
25.325,26.6466,Macrophage,0.0755
25.0389,23.7929,Macrophage,0.0672499999999996
24.2681,26.2144,Macrophage,0.0962500000000012
24.4619,27.5058,Macrophage,0.0832500000000005
24.5754,28.2599,Macrophage,0.0679166666666663
25.3275,29.203,Macrophage,0.0684166666666663
18.8315,40.3522,Macrophage,0.0
30.9079,36.487,Macrophage,0.0
2.98182,14.2429,Macrophage,0.0
