points_x,points_y,celltypes,phenotypes
28.0007,4.56422,Macrophage,0.7932499999999293
27.9949,5.19888,Macrophage,0.7875833333332632
31.0107,3.97009,Macrophage,0.832249999999925
28.0111,5.84748,Macrophage,0.8164166666665934
41.9907,31.9684,Macrophage,0.7862499999999301
35.6018,6.43051,Macrophage,0.7947499999999291
25.0078,6.99966,Macrophage,0.7843333333332636
36.6721,32.0391,Macrophage,0.7815833333332639
39.3404,33.5037,Macrophage,0.8034999999999282
30.3641,13.7929,Macrophage,0.865166666666588
23.8558,11.9635,Macrophage,0.8095833333332608
15.3691,18.1189,Macrophage,0.7896666666665964
33.7383,27.8398,Macrophage,0.7956666666665957
28.3091,15.5436,Macrophage,0.802166666666595
16.0867,22.4255,Macrophage,0.7662499999999323
28.6958,17.6635,Macrophage,0.7608333333332662
26.4637,19.4441,Macrophage,0.6244166666666146
26.9087,25.8126,Macrophage,0.5195833333332928
23.7211,22.2858,Macrophage,0.5030833333332946
24.6662,21.3566,Macrophage,0.4910833333332959
26.3604,21.4533,Macrophage,0.5107499999999604
28.0559,24.4579,Macrophage,0.4829166666666301
22.2229,26.0016,Macrophage,0.3764166666666418
26.7099,20.9767,Macrophage,0.2879166666666516
26.7582,23.7932,Macrophage,0.2754999999999863
25.6529,22.5875,Macrophage,0.2086666666666603
24.9505,26.9294,Macrophage,0.2249999999999918
23.5049,25.6083,Macrophage,0.2343333333333241
25.2212,25.291,Macrophage,0.2174999999999926
26.5081,23.1905,Macrophage,0.1871666666666626
24.2624,26.3051,Macrophage,0.1873333333333293
22.812,24.722,Macrophage,0.0835000000000005
24.5526,25.3157,Macrophage,0.1434166666666675
27.2734,22.7582,Macrophage,0.0499166666666663
26.3554,24.8196,Macrophage,0.0983333333333347
25.7805,26.8285,Macrophage,0.0740833333333333
34.4364,26.5573,Macrophage,0.0
29.3852,26.9426,Macrophage,0.0262500000000001
18.4638,25.1072,Macrophage,0.0154166666666666
32.8606,16.7276,Macrophage,0.0
17.9695,13.2491,Macrophage,0.0
34.6606,44.8207,Macrophage,0.0
37.3194,39.0876,Macrophage,0.0
