points_x,points_y,celltypes,phenotypes
25.3858,24.4596,Macrophage,0.3424166666666456
24.2805,25.806,Macrophage,0.3224166666666478
23.8216,24.2031,Macrophage,0.275416666666653
24.9772,23.6151,Macrophage,0.1554166666666661
26.066,25.5814,Macrophage,0.0326666666666668
