points_x,points_y,celltypes,phenotypes
14.0289,12.0223,Macrophage,0.8406666666665907
24.7185,24.9344,Macrophage,0.3441666666666454
25.0373,24.3642,Macrophage,0.1723333333333309
41.3683,16.268,Macrophage,0.0
27.5721,37.7394,Macrophage,0.0
34.9213,44.2059,Macrophage,0.0
