points_x,points_y,celltypes,phenotypes
14.0301,11.031,Macrophage,0.7491666666666008
14.5337,10.6835,Macrophage,0.8026666666665949
14.0099,11.4601,Macrophage,0.8327499999999249
13.7807,11.9967,Macrophage,0.8239166666665926
12.4781,15.528,Macrophage,0.7875833333332632
15.8252,13.6691,Macrophage,0.8491666666665898
15.1676,12.0587,Macrophage,0.8183333333332599
17.0308,16.5854,Macrophage,0.8007499999999285
14.1355,16.0721,Macrophage,0.7741666666665981
16.8466,14.8536,Macrophage,0.7992499999999286
19.3633,17.384,Macrophage,0.6816666666666082
21.5133,20.2974,Macrophage,0.6399166666666128
24.2976,22.2918,Macrophage,0.4826666666666301
21.7334,19.7627,Macrophage,0.5119999999999603
20.7437,18.4615,Macrophage,0.5094999999999605
22.3618,24.3731,Macrophage,0.4804166666666304
21.3996,19.3998,Macrophage,0.4943333333332955
23.6962,21.7097,Macrophage,0.3642499999999765
24.9464,22.3658,Macrophage,0.4160833333333041
24.7839,23.0924,Macrophage,0.380833333333308
22.8868,24.8871,Macrophage,0.3762499999999752
24.9641,25.4704,Macrophage,0.2977499999999838
26.38,25.6496,Macrophage,0.266166666666654
25.8388,23.8773,Macrophage,0.3087499999999826
22.6555,23.28,Macrophage,0.2952499999999841
25.2779,23.6252,Macrophage,0.2892499999999848
26.6469,24.6443,Macrophage,0.2879166666666516
24.4946,23.8749,Macrophage,0.2709999999999868
25.9037,24.4254,Macrophage,0.2428333333333232
23.3542,21.3572,Macrophage,0.2149999999999929
27.5162,24.8723,Macrophage,0.1255833333333361
21.0149,19.0483,Macrophage,0.1421666666666676
26.7123,25.2831,Macrophage,0.1360833333333349
27.037,24.9844,Macrophage,0.121583333333336
23.6468,25.5021,Macrophage,0.0381666666666666
23.4329,27.1412,Macrophage,0.0290833333333335
22.9673,21.0323,Macrophage,0.0617499999999993
31.0339,27.0433,Macrophage,0.0037499999999999
26.9083,17.769,Macrophage,0.0
23.0236,19.1658,Macrophage,0.0210833333333333
30.2726,23.4411,Macrophage,0.0146666666666666
26.6289,20.0088,Macrophage,0.0109166666666666
27.8712,37.2235,Macrophage,0.0
21.4853,34.4155,Macrophage,0.0
41.1164,38.403,Macrophage,0.0
30.4968,38.2238,Macrophage,0.0
13.8134,10.4095,Macrophage,0.0
23.776,43.7132,Macrophage,0.0
36.1333,2.40288,Macrophage,0.0
