points_x,points_y,celltypes,phenotypes
35.0901,40.617,Macrophage,0.0
21.9184,15.7318,Macrophage,0.2814999999999856
10.9428,20.9792,Macrophage,0.4539999999999666
23.0105,34.9226,Macrophage,0.4106666666666381
11.3668,32.5875,Macrophage,0.0
32.9383,17.1845,Macrophage,0.1310833333333355
14.7199,20.3759,Macrophage,0.5225833333332924
48.3897,10.2332,Macrophage,0.0
20.6424,38.1795,Macrophage,0.0
24.9268,15.0538,Macrophage,0.126583333333336
15.8517,19.1875,Macrophage,0.0641666666666661
23.1695,16.6469,Macrophage,0.3975833333333062
15.5759,22.943,Macrophage,0.275166666666653
28.0166,34.1498,Macrophage,0.0572499999999994
8.01381,31.8018,Macrophage,0.0
34.7379,45.017,Macrophage,0.0
21.0851,5.6316,Macrophage,0.0
27.869,14.4638,Macrophage,0.4764999999999642
30.6866,14.9912,Macrophage,0.3225833333333144
0.782718,33.6286,Macrophage,0.0
33.253,14.939,Macrophage,0.0
33.895,35.3392,Macrophage,0.0
22.6651,14.4741,Macrophage,0.0003333333333333
25.712,16.4426,Macrophage,0.311166666666649
35.1509,12.1045,Macrophage,0.0
23.0211,9.2205,Macrophage,0.0
42.3448,15.3316,Macrophage,0.0
13.2919,24.0148,Macrophage,0.0391666666666666
39.7013,10.0367,Macrophage,0.0
39.221,43.5284,Macrophage,0.0
21.5285,35.3178,Macrophage,0.2991666666666503
37.3382,21.9594,Macrophage,0.2747499999999864
36.9219,38.3563,Macrophage,0.0
38.8397,22.0299,Macrophage,0.0
18.3468,42.5772,Macrophage,0.0
8.54599,39.6031,Macrophage,0.0
39.6989,8.12884,Macrophage,0.0
36.4214,49.1283,Macrophage,0.0
39.3952,45.8179,Macrophage,0.0
11.3114,22.8596,Macrophage,0.0
21.7379,36.6719,Macrophage,0.0
23.5946,12.4757,Macrophage,0.0
37.0147,35.722,Macrophage,0.0
41.1433,30.577,Macrophage,0.0
39.455,49.1533,Macrophage,0.0
41.3071,47.5005,Macrophage,0.0
28.3889,36.5456,Macrophage,0.0
32.366,13.6693,Macrophage,0.0
28.9423,39.3781,Macrophage,0.0
23.0375,4.24818,Macrophage,0.0
43.0443,47.6446,Macrophage,0.0
18.3236,44.3181,Macrophage,0.0
13.9339,7.97285,Macrophage,0.0
44.9876,13.7398,Macrophage,0.0
43.3248,31.4423,Macrophage,0.0
8.80526,20.9411,Macrophage,0.0
21.5437,7.57766,Macrophage,0.0
17.5389,46.2909,Macrophage,0.0
21.5415,3.43385,Macrophage,0.0
11.4644,16.5593,Macrophage,0.0
19.0972,4.05904,Macrophage,0.0
31.3676,1.69367,Macrophage,0.0
1.67372,45.7813,Macrophage,0.0
16.9242,1.71782,Macrophage,0.0
21.3105,1.74422,Macrophage,0.0
1.39894,47.1499,Macrophage,0.0
19.9261,42.7385,Macrophage,0.0
15.777,0.922453,Macrophage,0.0
