points_x,points_y,celltypes,phenotypes
8.00297,24.9961,Macrophage,0.8374999999999244
8.00991,24.1028,Macrophage,0.7999999999999285
8.75052,23.9753,Macrophage,0.7934166666665959
11.3773,23.7218,Macrophage,0.8000833333332619
16.9745,22.6341,Macrophage,0.7485833333332675
22.7507,20.5805,Macrophage,0.7268333333332699
15.4115,22.1021,Macrophage,0.7157499999999378
18.8477,22.4828,Macrophage,0.687249999999941
21.8092,28.5914,Macrophage,0.6584999999999441
21.2243,21.4633,Macrophage,0.6526666666666114
21.3269,25.9934,Macrophage,0.5651666666666211
22.3937,22.7026,Macrophage,0.6023333333332836
20.1692,25.0109,Macrophage,0.5391666666666239
22.2106,27.1603,Macrophage,0.5093333333332939
20.9687,25.342,Macrophage,0.5203333333332927
25.0199,22.9571,Macrophage,0.4711666666666314
21.3487,23.3695,Macrophage,0.4332499999999689
20.9994,24.9292,Macrophage,0.4331666666666356
21.5779,25.5653,Macrophage,0.414249999999971
27.1594,23.1427,Macrophage,0.4025833333333056
22.7165,26.7685,Macrophage,0.4749999999999643
22.5065,23.4983,Macrophage,0.4106666666666381
23.4312,25.6508,Macrophage,0.3789999999999749
23.809,26.9541,Macrophage,0.3582499999999772
27.5388,24.2941,Macrophage,0.278499999999986
20.6743,23.5964,Macrophage,0.2985833333333171
21.0257,22.9951,Macrophage,0.2459166666666562
27.5397,23.5746,Macrophage,0.2380833333333237
25.0361,27.018,Macrophage,0.2788333333333193
23.1929,26.9789,Macrophage,0.2345833333333241
27.2853,26.5089,Macrophage,0.2031666666666609
25.887,26.3945,Macrophage,0.2074166666666604
22.9998,22.9902,Macrophage,0.147916666666667
26.9775,22.4776,Macrophage,0.0813333333333337
27.9688,25.406,Macrophage,0.1407500000000011
28.019,24.0136,Macrophage,0.0990833333333347
24.713,28.4726,Macrophage,0.0414166666666665
20.5249,24.538,Macrophage,0.0786666666666669
26.1111,15.808,Macrophage,0.0
14.4102,22.3297,Macrophage,0.0091666666666666
26.9975,41.516,Macrophage,0.0
23.2609,43.583,Macrophage,0.0
45.6665,20.0873,Macrophage,0.0
35.9844,43.0764,Macrophage,0.0
9.06415,47.5066,Macrophage,0.0
