points_x,points_y,celltypes,phenotypes
40.321,32.9469,Macrophage,0.6874999999999409
44.9652,14.967,Macrophage,0.7619999999999327
33.9813,20.344,Macrophage,0.7822499999999305
27.214,25.2866,Macrophage,0.5881666666666185
25.2431,24.3465,Macrophage,0.1271666666666693
23.9648,24.0404,Macrophage,0.1620833333333321
25.0019,25.773,Macrophage,0.1170833333333357
36.8023,25.9543,Macrophage,0.0
14.9179,13.0695,Macrophage,0.0
14.8948,6.55274,Macrophage,0.0
25.5477,35.3619,Macrophage,0.0
38.3006,10.4787,Macrophage,0.0
11.0927,6.4054,Macrophage,0.0
