points_x,points_y,celltypes,phenotypes
24.6798,23.2653,Macrophage,0.7101666666666051
25.1421,24.6855,Macrophage,0.1206666666666693
28.7069,19.173,Macrophage,0.0
3.53125,22.0001,Macrophage,0.0
