points_x,points_y,celltypes,phenotypes
42.6466,25.0162,Macrophage,0.7983333333332621
41.9859,25.004,Macrophage,0.8434166666665904
41.9873,25.6618,Macrophage,0.8068333333332611
41.4542,25.0143,Macrophage,0.8323333333332583
42.014,24.3846,Macrophage,0.8152499999999269
41.2855,24.3396,Macrophage,0.8248333333332591
28.9367,21.3268,Macrophage,0.7647499999999324
30.5231,23.9629,Macrophage,0.7403333333332685
31.2589,25.4985,Macrophage,0.6685833333332764
28.7256,25.7821,Macrophage,0.6434999999999458
29.0654,27.5877,Macrophage,0.662333333333277
26.6915,23.1182,Macrophage,0.5464999999999565
25.1655,23.0661,Macrophage,0.5065833333332942
24.4175,26.4175,Macrophage,0.3885833333333072
22.9847,25.8296,Macrophage,0.395999999999973
23.1408,24.8989,Macrophage,0.2427499999999899
24.4787,24.3592,Macrophage,0.2562499999999884
23.9787,23.9715,Macrophage,0.2458333333333228
26.7161,25.2799,Macrophage,0.1364166666666682
23.6237,25.632,Macrophage,0.1258333333333361
25.6644,26.3104,Macrophage,0.1582499999999992
32.9556,20.8623,Macrophage,0.0
22.4697,22.2112,Macrophage,0.0291666666666668
27.9003,14.1986,Macrophage,0.0
24.9822,11.2913,Macrophage,0.0
