points_x,points_y,celltypes,phenotypes
41.0548,17.0465,Macrophage,0.904499999999917
41.4952,16.5161,Macrophage,0.8866666666665857
41.4626,17.4212,Macrophage,0.9084166666665832
43.0683,21.051,Macrophage,0.886999999999919
44.9748,24.0153,Macrophage,0.9346666666665804
39.9745,15.0108,Macrophage,0.90908333333325
42.6465,20.6912,Macrophage,0.8951666666665847
40.7642,16.7626,Macrophage,0.8767499999999201
40.3505,16.3363,Macrophage,0.9194999999999154
40.0955,16.9766,Macrophage,0.914749999999916
41.0118,18.5717,Macrophage,0.9144166666665826
29.7774,24.982,Macrophage,0.7784999999999309
29.7164,22.8993,Macrophage,0.7496666666666008
26.1108,20.9102,Macrophage,0.6911666666666072
27.7797,24.8558,Macrophage,0.6724999999999426
27.5605,22.4949,Macrophage,0.6819999999999415
27.5182,23.3409,Macrophage,0.5686666666666207
26.6538,26.0126,Macrophage,0.5776666666666197
24.8213,22.925,Macrophage,0.5025833333332946
23.99,24.0566,Macrophage,0.4866666666666297
26.1206,22.6729,Macrophage,0.4318333333333024
26.0294,25.7198,Macrophage,0.3557499999999775
24.0369,25.9928,Macrophage,0.3319166666666467
25.9956,24.6041,Macrophage,0.1282500000000025
27.9041,26.4868,Macrophage,0.0293333333333335
41.2393,15.0709,Macrophage,0.0
