points_x,points_y,celltypes,phenotypes
42.0457,23.9241,Macrophage,0.7914166666665962
41.5779,23.5429,Macrophage,0.7785833333332642
42.4101,24.4135,Macrophage,0.8039999999999281
41.6477,24.3755,Macrophage,0.8134999999999271
40.3056,23.9987,Macrophage,0.8399999999999241
36.7012,24.2686,Macrophage,0.8123333333332605
35.0547,22.5973,Macrophage,0.7856666666665968
30.0194,23.68,Macrophage,0.6644999999999435
28.6179,22.5729,Macrophage,0.608583333333283
27.8746,24.149,Macrophage,0.4294999999999693
25.6344,24.4523,Macrophage,0.4004166666666392
26.9594,25.1248,Macrophage,0.4014999999999724
24.192,24.2443,Macrophage,0.3710833333333091
27.4251,24.4402,Macrophage,0.3071666666666495
25.1724,25.9973,Macrophage,0.2487499999999892
24.1176,25.5781,Macrophage,0.1212500000000026
29.9832,29.297,Macrophage,0.0
25.4811,23.4652,Macrophage,0.0385
32.3806,21.6361,Macrophage,0.0191666666666666
38.8379,46.9689,Macrophage,0.0
