points_x,points_y,celltypes,phenotypes
9.99921,40.0001,Macrophage,0.8680833333332544
9.40317,40.594,Macrophage,0.9930833333332406
8.1069,38.1221,Macrophage,0.9406666666665796
9.98158,38.4232,Macrophage,0.8609166666665885
7.66493,37.7088,Macrophage,0.9700833333332431
29.0112,42.6243,Macrophage,0.8344999999999247
11.9902,37.6608,Macrophage,0.973916666666576
9.1554,39.9961,Macrophage,0.93916666666658
10.9295,40.0356,Macrophage,0.9334999999999138
11.5337,37.0068,Macrophage,0.9632499999999106
28.4203,42.0093,Macrophage,0.9059166666665835
9.60887,39.6029,Macrophage,0.9340833333332472
11.9826,37.0121,Macrophage,1.0
29.2201,41.9823,Macrophage,0.9415833333332464
9.99835,40.4859,Macrophage,0.9454166666665792
12.5687,36.985,Macrophage,0.9185833333332488
29.0158,41.3428,Macrophage,0.8899166666665853
11.0295,36.6904,Macrophage,0.9765833333332424
10.4214,39.6948,Macrophage,0.9478333333332456
10.6319,40.6588,Macrophage,0.9909166666665742
13.1746,35.9226,Macrophage,0.8908333333332519
14.0521,34.6649,Macrophage,1.0
17.2028,30.3555,Macrophage,0.9012499999999174
22.4702,30.2609,Macrophage,0.8218333333332595
25.3052,30.0848,Macrophage,0.7934166666665959
20.5913,26.9014,Macrophage,0.6374999999999464
27.2821,29.5955,Macrophage,0.735083333333269
24.0458,25.552,Macrophage,0.6375833333332798
21.8272,31.818,Macrophage,0.6707499999999428
20.5049,29.0376,Macrophage,0.5999166666666172
22.357,26.3021,Macrophage,0.4092499999999716
21.3804,26.58,Macrophage,0.4409166666666347
25.4419,25.423,Macrophage,0.3595833333333104
24.978,25.5293,Macrophage,0.3754999999999753
23.1981,25.2026,Macrophage,0.2960833333333174
25.8048,26.8847,Macrophage,0.3377499999999794
25.9959,24.0071,Macrophage,0.2388333333333236
23.9654,26.9031,Macrophage,0.2189166666666591
23.9552,24.0318,Macrophage,0.2014999999999944
23.949,28.0245,Macrophage,0.0970833333333346
22.553,27.5541,Macrophage,0.1868333333333293
21.0128,30.4388,Macrophage,0.0783333333333335
26.0577,24.6908,Macrophage,0.1075833333333352
27.1078,26.3379,Macrophage,0.0871666666666674
27.5138,35.0556,Macrophage,0.0
13.1932,38.5524,Macrophage,0.0
32.5895,44.2051,Macrophage,0.0
