points_x,points_y,celltypes,phenotypes
33.5697,22.4248,Macrophage,0.7974999999999288
23.4603,24.3765,Macrophage,0.538166666666624
25.3656,24.1227,Macrophage,0.2565833333333217
24.9765,24.7852,Macrophage,0.1775833333333304
24.2679,25.658,Macrophage,0.07425
25.8535,25.7662,Macrophage,0.0424999999999998
22.4602,25.1493,Macrophage,0.0287500000000001
10.355,35.9635,Macrophage,0.0
29.8669,21.6927,Macrophage,0.0066666666666666
5.60148,39.6771,Macrophage,0.0
