points_x,points_y,celltypes,phenotypes
42.229,28.547,Macrophage,0.0
11.3476,34.9698,Macrophage,0.0
17.3728,39.9964,Macrophage,0.0
2.57976,44.5214,Macrophage,0.0
44.5834,16.9246,Macrophage,0.0
41.4957,2.61304,Macrophage,0.0
0.824751,46.1943,Macrophage,0.0
44.3791,14.1376,Macrophage,0.0
41.4486,4.0702,Macrophage,0.0
1.1162,44.6975,Macrophage,0.0
