points_x,points_y,celltypes,phenotypes
25.3638,22.525,Macrophage,0.5875833333332853
24.6571,23.9785,Macrophage,0.3409166666666458
25.9383,24.0711,Macrophage,0.3115833333333156
25.2682,24.7158,Macrophage,0.1433333333333341
20.212,28.7384,Macrophage,0.0165833333333333
20.6778,34.8793,Macrophage,0.0
33.5953,15.5377,Macrophage,0.0
38.5336,22.8563,Macrophage,0.0
