points_x,points_y,celltypes,phenotypes
45.5638,26.027,Macrophage,0.8479999999999233
44.9809,25.7173,Macrophage,0.8954166666665847
44.995,25.0987,Macrophage,0.8657499999999213
44.4522,27.5347,Macrophage,0.8578333333332555
36.3557,9.62338,Macrophage,0.8534999999999227
44.9971,26.8674,Macrophage,0.9162499999999156
44.9951,26.4401,Macrophage,0.920416666666582
35.9853,10.0249,Macrophage,0.8377499999999244
45.5338,26.9891,Macrophage,0.902166666666584
45.1044,27.4433,Macrophage,0.9738333333332428
45.747,27.7415,Macrophage,0.9368333333332468
45.1643,31.1856,Macrophage,0.985249999999908
35.565,10.4113,Macrophage,0.8807499999999197
44.3825,26.868,Macrophage,1.0
44.7254,26.0092,Macrophage,0.9839999999999084
40.0062,28.0585,Macrophage,0.9278333333332478
43.5786,25.0574,Macrophage,0.9510833333332452
40.6749,25.6665,Macrophage,0.8919999999999184
34.0663,25.1873,Macrophage,0.7878333333332632
32.8776,27.1951,Macrophage,0.7681666666665987
28.5043,21.0146,Macrophage,0.705499999999939
32.0291,24.3464,Macrophage,0.7134166666666047
28.5775,27.4763,Macrophage,0.681083333333275
28.5425,24.3929,Macrophage,0.5716666666666204
25.3823,21.9643,Macrophage,0.5081666666666274
29.4484,26.8162,Macrophage,0.4894166666666294
25.263,27.0066,Macrophage,0.4459999999999675
28.9028,26.0094,Macrophage,0.4607499999999659
27.3648,26.6947,Macrophage,0.4331666666666356
27.976,24.7859,Macrophage,0.3937499999999733
22.1216,24.1345,Macrophage,0.3196666666666481
27.1734,23.2121,Macrophage,0.3732499999999755
24.6273,25.1907,Macrophage,0.3245833333333142
22.6287,24.6293,Macrophage,0.3181666666666483
27.4685,25.3974,Macrophage,0.3229166666666477
24.3885,23.6425,Macrophage,0.2914999999999845
23.3088,22.6979,Macrophage,0.2793333333333192
27.9055,23.8944,Macrophage,0.229166666666658
27.551,23.6375,Macrophage,0.2257499999999917
27.9051,26.2126,Macrophage,0.1740833333333308
23.2863,26.2254,Macrophage,0.2039166666666608
22.594,24.0113,Macrophage,0.2044166666666607
29.4329,25.2021,Macrophage,0.1870833333333293
29.2128,25.8776,Macrophage,0.2054166666666606
26.6414,22.6424,Macrophage,0.1394166666666679
30.7542,25.7335,Macrophage,0.0675833333333329
31.3227,37.1073,Macrophage,0.0
29.7298,16.6627,Macrophage,0.0107499999999999
25.4825,15.7044,Macrophage,0.00525
42.4235,32.5034,Macrophage,0.0
