points_x,points_y,celltypes,phenotypes
37.9403,18.6696,Macrophage,0.6694999999999429
38.0937,21.3138,Macrophage,0.7379999999999354
33.0597,22.9979,Macrophage,0.7332499999999359
26.9157,20.6376,Macrophage,0.5839999999999523
27.3037,23.2439,Macrophage,0.387249999999974
26.1261,24.136,Macrophage,0.2542499999999886
28.7795,21.8153,Macrophage,0.5797499999999528
27.0238,26.1045,Macrophage,0.3635833333333099
24.3024,22.115,Macrophage,0.3937499999999733
24.914,25.4095,Macrophage,0.1274166666666692
25.5532,26.7292,Macrophage,0.217333333333326
24.3419,25.0998,Macrophage,0.0789166666666669
23.0111,23.6306,Macrophage,0.098166666666668
25.9548,26.151,Macrophage,0.2037499999999941
24.555,27.0027,Macrophage,0.1499166666666667
25.6556,23.0012,Macrophage,0.1023333333333349
27.8055,24.8982,Macrophage,0.0791666666666669
17.8496,15.9516,Macrophage,0.0
16.2813,14.2407,Macrophage,0.0
38.4978,30.8132,Macrophage,0.0
27.514,31.3736,Macrophage,0.0
33.1521,19.6165,Macrophage,0.0
36.956,16.736,Macrophage,0.0
