points_x,points_y,celltypes,phenotypes
44.9757,23.0353,Macrophage,0.7978333333332621
26.3331,23.7567,Macrophage,0.4981666666666284
24.9939,24.9754,Macrophage,0.1442500000000007
24.998,24.3567,Macrophage,0.0677499999999996
