points_x,points_y,celltypes,phenotypes
11.5414,36.6919,Macrophage,0.5454166666666233
30.2184,28.9522,Macrophage,0.2314999999999911
21.0027,41.9975,Macrophage,0.5644166666666212
14.1729,0.839682,Macrophage,0.0
22.029,27.5051,Macrophage,0.3336666666666465
16.4776,27.6019,Macrophage,0.0
40.4794,20.4396,Macrophage,0.4857499999999631
17.8319,27.5428,Macrophage,0.2923333333333178
35.2463,18.5804,Macrophage,0.5349166666666244
34.1987,22.5807,Macrophage,0.420416666666637
14.8896,31.3986,Macrophage,0.0
39.3969,29.0668,Macrophage,0.0
21.2033,14.602,Macrophage,0.0
35.1923,23.9467,Macrophage,0.0
20.4127,27.5984,Macrophage,0.2539999999999887
19.7944,11.8734,Macrophage,0.0
9.22166,47.7622,Macrophage,0.0
10.9886,35.0173,Macrophage,0.0
42.8514,6.00264,Macrophage,0.0
21.0117,29.1516,Macrophage,0.1460833333333338
37.4253,29.2026,Macrophage,0.0
20.0663,30.8401,Macrophage,0.0091666666666666
18.1317,32.902,Macrophage,0.0
17.2582,6.85877,Macrophage,0.0
43.2517,31.7046,Macrophage,0.0
30.298,42.2155,Macrophage,0.0
14.3923,9.76321,Macrophage,0.0
42.0214,28.4415,Macrophage,0.0
6.77645,48.3403,Macrophage,0.0
