points_x,points_y,celltypes,phenotypes
27.0181,7.97651,Macrophage,0.7661666666665989
24.028,4.82048,Macrophage,0.7503333333332673
23.979,5.34546,Macrophage,0.804999999999928
18.1881,9.01839,Macrophage,0.8204999999999263
33.9933,41.977,Macrophage,0.7874999999999299
27.0185,8.69189,Macrophage,0.7936666666665959
19.0153,9.00397,Macrophage,0.8450833333332569
23.9875,5.99866,Macrophage,0.8068333333332611
21.3658,42.4758,Macrophage,0.7787499999999309
22.9226,13.0317,Macrophage,0.8474999999999233
22.8531,33.2123,Macrophage,0.7672499999999322
25.9188,15.9267,Macrophage,0.7924999999999294
21.9522,18.3215,Macrophage,0.7337499999999358
24.8385,18.9797,Macrophage,0.6850833333332745
28.1562,24.1275,Macrophage,0.5583333333332885
26.6726,25.3629,Macrophage,0.4734166666666312
22.8416,24.5335,Macrophage,0.4375833333333018
22.228,26.592,Macrophage,0.5183333333332929
25.9333,27.2245,Macrophage,0.411666666666638
23.5735,25.827,Macrophage,0.4087499999999716
24.6922,26.6211,Macrophage,0.3901666666666403
23.9897,23.2792,Macrophage,0.3714999999999757
26.1042,23.462,Macrophage,0.244583333333323
26.9431,22.9204,Macrophage,0.3102499999999825
26.2912,25.63,Macrophage,0.2228333333333254
25.9738,24.6654,Macrophage,0.2916666666666512
26.1823,24.2578,Macrophage,0.2164166666666594
25.903,25.9505,Macrophage,0.0919166666666676
25.1749,22.3849,Macrophage,0.0852500000000006
25.7483,19.0501,Macrophage,0.0554999999999995
23.9888,27.3664,Macrophage,0.0882500000000008
24.1249,20.3324,Macrophage,0.037
35.2877,15.5543,Macrophage,0.0
24.6737,21.9759,Macrophage,0.0458333333333331
17.5588,10.5225,Macrophage,0.0
10.4732,19.7085,Macrophage,0.0
41.0333,41.9038,Macrophage,0.0
