points_x,points_y,celltypes,phenotypes
24.356,22.4532,Macrophage,0.3078333333333161
26.2053,22.0254,Macrophage,0.2147499999999929
29.304,20.0171,Macrophage,0.0104166666666666
35.3884,11.7707,Macrophage,0.0
6.63191,17.2056,Macrophage,0.0
11.2578,41.0246,Macrophage,0.0
9.27859,42.7612,Macrophage,0.0
14.3423,34.9436,Macrophage,0.0
33.9701,38.0249,Macrophage,0.0
26.3907,6.06608,Macrophage,0.0
10.8112,29.9732,Macrophage,0.0
36.8036,45.0624,Macrophage,0.0
